id_transfermarkt,canonical_name,nationality,birth_date,position,competition,team_name,team_slug,team_id_tm,season,source
12282,Daley Blind,Países Bajos,1990-03-09,Defensa central,La Liga,Girona FC,fc-girona,12321,2025,transfermarkt
15799,Santi Cazorla,España,1984-12-13,Mediocentro,La Liga,Real Oviedo,real-oviedo,2497,2025,transfermarkt
27493,Iván Cuéllar,España,1984-05-27,Portero,La Liga,RCD Mallorca,rcd-mallorca,237,2025,transfermarkt
30321,Óscar Trejo,Argentina,1988-04-26,Mediocentro ofensivo,La Liga,Rayo Vallecano,rayo-vallecano,367,2025,transfermarkt
35047,Axel Witsel,Bélgica,1989-01-12,Pivote,La Liga,Girona FC,fc-girona,12321,2025,transfermarkt
38253,Robert Lewandowski,Polonia,1988-08-21,Delantero centro,La Liga,FC Barcelona,fc-barcelona,131,2025,transfermarkt
40433,Alexis Sánchez,Chile,1988-12-19,Mediapunta,La Liga,Sevilla FC,fc-sevilla,368,2025,transfermarkt
44058,Wojciech Szczesny,Polonia,1990-04-18,Portero,La Liga,FC Barcelona,fc-barcelona,131,2025,transfermarkt
46413,Ante Budimir,Croacia,1991-07-22,Delantero centro,La Liga,CA Osasuna,ca-osasuna,331,2025,transfermarkt
54217,Raúl Fernández,España,1988-03-13,Portero,La Liga,Deportivo Alavés,deportivo-alaves,1108,2025,transfermarkt
57500,César Azpilicueta,España,1989-08-28,Defensa central,La Liga,Sevilla FC,fc-sevilla,368,2025,transfermarkt
59016,David Alaba,Austria,1992-06-24,Defensa central,La Liga,Real Madrid CF,real-madrid,418,2025,transfermarkt
59323,Cristhian Stuani,Uruguay,1986-10-12,Delantero centro,La Liga,Girona FC,fc-girona,12321,2025,transfermarkt
59561,Dani Parejo,España,1989-04-16,Mediocentro,La Liga,Villarreal CF,fc-villarreal,1050,2025,transfermarkt
61812,Yuri Berchiche,España,1990-02-10,Lateral izquierdo,La Liga,Athletic Club,athletic-bilbao,621,2025,transfermarkt
71271,Adrián San Miguel,España,1987-01-03,Portero,La Liga,Real Betis Balompié,real-betis-sevilla,150,2025,transfermarkt
72047,Iago Aspas,España,1987-08-01,Delantero centro,La Liga,RC Celta de Vigo,celta-vigo,940,2025,transfermarkt
73517,Ørjan Nyland,Noruega,1990-09-10,Portero,La Liga,Sevilla FC,fc-sevilla,368,2025,transfermarkt
74229,Koke,España,1992-01-08,Mediocentro,La Liga,Atlético de Madrid,atletico-madrid,13,2025,transfermarkt
74294,Nemanja Gudelj,Serbia,1991-11-16,Pivote,La Liga,Sevilla FC,fc-sevilla,368,2025,transfermarkt
74857,Marc-André ter Stegen,Alemania,1992-04-30,,La Liga,FC Barcelona,fc-barcelona,131,2025,transfermarkt
76467,Kiko Femenía,España,1991-02-02,Lateral derecho,La Liga,Getafe CF,fc-getafe,3709,2025,transfermarkt
80197,Salomón Rondón,Venezuela,1989-09-16,,La Liga,Real Oviedo,real-oviedo,2497,2025,transfermarkt
85288,Isco,España,1992-04-21,Mediocentro ofensivo,La Liga,Real Betis Balompié,real-betis-sevilla,150,2025,transfermarkt
85295,Iván Balliu,Albania,1992-01-01,Lateral derecho,La Liga,Rayo Vallecano,rayo-vallecano,367,2025,transfermarkt
86202,Antonio Rüdiger,Alemania,1993-03-03,Defensa central,La Liga,Real Madrid CF,real-madrid,418,2025,transfermarkt
86784,Ricardo Rodríguez,Suiza,1992-08-25,Lateral izquierdo,La Liga,Real Betis Balompié,real-betis-sevilla,150,2025,transfermarkt
93936,Kike García,España,1989-11-25,Delantero centro,La Liga,RCD Espanyol,espanyol-barcelona,714,2025,transfermarkt
94308,Marko Dmitrovic,Serbia,1992-01-24,Portero,La Liga,RCD Espanyol,espanyol-barcelona,714,2025,transfermarkt
99353,Portu,España,1992-05-21,Extremo derecho,La Liga,Girona FC,fc-girona,12321,2025,transfermarkt
99922,Marc Bartra,España,1991-01-15,Defensa central,La Liga,Real Betis Balompié,real-betis-sevilla,150,2025,transfermarkt
102423,Leandro Cabrera,Uruguay,1991-06-17,Defensa central,La Liga,RCD Espanyol,espanyol-barcelona,714,2025,transfermarkt
108390,Thibaut Courtois,Bélgica,1992-05-11,Portero,La Liga,Real Madrid CF,real-madrid,418,2025,transfermarkt
111508,Allan Nyom,Camerún,1988-05-10,Lateral derecho,La Liga,Getafe CF,fc-getafe,3709,2025,transfermarkt
112515,Marcos Alonso,España,1990-12-28,Defensa central,La Liga,RC Celta de Vigo,celta-vigo,940,2025,transfermarkt
118997,Aitor Fernández,España,1991-05-03,Portero,La Liga,CA Osasuna,ca-osasuna,331,2025,transfermarkt
120705,Juan Carlos,España,1988-01-20,Portero,La Liga,Girona FC,fc-girona,12321,2025,transfermarkt
121483,Jan Oblak,Eslovenia,1993-01-07,Portero,La Liga,Atlético de Madrid,atletico-madrid,13,2025,transfermarkt
124419,Odysseas Vlachodimos,Grecia,1994-04-26,Portero,La Liga,Sevilla FC,fc-sevilla,368,2025,transfermarkt
125781,Antoine Griezmann,Francia,1991-03-21,Mediapunta,La Liga,Atlético de Madrid,atletico-madrid,13,2025,transfermarkt
126737,Juanmi,España,1993-05-20,Extremo izquierdo,La Liga,Getafe CF,fc-getafe,3709,2025,transfermarkt
126751,Iñigo Ruiz de Galarreta,España,1993-08-06,Mediocentro,La Liga,Athletic Club,athletic-bilbao,621,2025,transfermarkt
127048,Cédric Bakambu,RD del Congo,1991-04-11,Delantero centro,La Liga,Real Betis Balompié,real-betis-sevilla,150,2025,transfermarkt
127108,Florian Lejeune,Francia,1991-05-20,Defensa central,La Liga,Rayo Vallecano,rayo-vallecano,367,2025,transfermarkt
128969,Mathew Ryan,Australia,1992-04-08,Portero,La Liga,Levante UD,ud-levante,3368,2025,transfermarkt
129444,David López,España,1989-10-09,Defensa central,La Liga,Girona FC,fc-girona,12321,2025,transfermarkt
129674,Jeremy Toljan,Alemania,1994-08-08,Lateral derecho,La Liga,Levante UD,ud-levante,3368,2025,transfermarkt
138927,Daniel Carvajal,España,1992-01-11,Lateral derecho,La Liga,Real Madrid CF,real-madrid,418,2025,transfermarkt
139435,Dani Rodríguez,España,1988-06-06,,La Liga,RCD Mallorca,rcd-mallorca,237,2025,transfermarkt
142021,Sergi Darder,España,1993-12-22,Mediocentro,La Liga,RCD Mallorca,rcd-mallorca,237,2025,transfermarkt
142031,Omar Mascarell,Guinea Ecuatorial,1993-02-02,Pivote,La Liga,RCD Mallorca,rcd-mallorca,237,2025,transfermarkt
143812,Matías Vecino,Uruguay,1991-08-24,Mediocentro,La Liga,RC Celta de Vigo,celta-vigo,940,2025,transfermarkt
144128,Matías Dituro,Argentina,1987-05-08,Portero,La Liga,Elche CF,fc-elche,1531,2025,transfermarkt
155025,Fábio Cardoso,Portugal,1994-04-19,Defensa central,La Liga,Sevilla FC,fc-sevilla,368,2025,transfermarkt
165007,Denis Suárez,España,1994-01-06,,La Liga,Villarreal CF,fc-villarreal,1050,2025,transfermarkt
165467,Stole Dimitrievski,Macedonia del Norte,1993-12-25,Portero,La Liga,Valencia CF,fc-valencia,1049,2025,transfermarkt
167721,Chimy Ávila,Argentina,1994-02-06,Delantero centro,La Liga,Real Betis Balompié,real-betis-sevilla,150,2025,transfermarkt
168157,Leander Dendoncker,Bélgica,1995-04-15,Pivote,La Liga,Real Oviedo,real-oviedo,2497,2025,transfermarkt
169497,Juan Cruz,España,1992-07-28,Lateral izquierdo,La Liga,CA Osasuna,ca-osasuna,331,2025,transfermarkt
170472,Dimitri Foulquier,Guadalupe,1993-03-23,Lateral derecho,La Liga,Valencia CF,fc-valencia,1049,2025,transfermarkt
175446,Jonny Otto,España,1994-03-03,Lateral derecho,La Liga,Deportivo Alavés,deportivo-alaves,1108,2025,transfermarkt
175449,Moi Gómez,España,1994-06-23,Mediocentro ofensivo,La Liga,CA Osasuna,ca-osasuna,331,2025,transfermarkt
176553,Aymeric Laporte,España,1994-05-27,Defensa central,La Liga,Athletic Club,athletic-bilbao,621,2025,transfermarkt
177452,Abdón Prats,España,1992-12-07,Delantero centro,La Liga,RCD Mallorca,rcd-mallorca,237,2025,transfermarkt
177467,Gerard Moreno,España,1992-04-07,Delantero centro,La Liga,Villarreal CF,fc-villarreal,1050,2025,transfermarkt
177847,Adnan Januzaj,Bélgica,1995-02-05,Extremo derecho,La Liga,Sevilla FC,fc-sevilla,368,2025,transfermarkt
182712,João Cancelo,Portugal,1994-05-27,Lateral derecho,La Liga,FC Barcelona,fc-barcelona,131,2025,transfermarkt
182904,Clément Lenglet,Francia,1995-06-17,Defensa central,La Liga,Atlético de Madrid,atletico-madrid,13,2025,transfermarkt
188888,Sheraldo Becker,Surinam,1995-02-09,,La Liga,CA Osasuna,ca-osasuna,331,2025,transfermarkt
191217,Héctor Bellerín,España,1995-03-19,Lateral derecho,La Liga,Real Betis Balompié,real-betis-sevilla,150,2025,transfermarkt
192009,Unai López,España,1995-10-30,Mediocentro,La Liga,Rayo Vallecano,rayo-vallecano,367,2025,transfermarkt
193098,Álex Moreno,España,1993-06-08,Lateral izquierdo,La Liga,Girona FC,fc-girona,12321,2025,transfermarkt
195488,Paulo Gazzaniga,Argentina,1992-01-02,Portero,La Liga,Girona FC,fc-girona,12321,2025,transfermarkt
196948,Andreas Christensen,Dinamarca,1996-04-10,Defensa central,La Liga,FC Barcelona,fc-barcelona,131,2025,transfermarkt
198008,André Silva,Portugal,1995-11-06,Delantero centro,La Liga,Elche CF,fc-elche,1531,2025,transfermarkt
199321,Rubén Blanco,España,1995-07-25,Portero,La Liga,Girona FC,fc-girona,12321,2025,transfermarkt
203043,Pedro Bigas,España,1990-05-15,Defensa central,La Liga,Elche CF,fc-elche,1531,2025,transfermarkt
205562,Thomas Lemar,Francia,1995-11-12,Mediocentro ofensivo,La Liga,Girona FC,fc-girona,12321,2025,transfermarkt
205927,Dominik Livakovic,Croacia,1995-01-09,,La Liga,Girona FC,fc-girona,12321,2025,transfermarkt
212723,Djibril Sow,Suiza,1997-02-06,Mediocentro,La Liga,Sevilla FC,fc-sevilla,368,2025,transfermarkt
212862,Álex Remiro,España,1995-03-24,Portero,La Liga,Real Sociedad,real-sociedad-san-sebastian,681,2025,transfermarkt
213260,Rubén García,España,1993-07-14,Extremo derecho,La Liga,CA Osasuna,ca-osasuna,331,2025,transfermarkt
213670,Lucas Torró,España,1994-07-19,Pivote,La Liga,CA Osasuna,ca-osasuna,331,2025,transfermarkt
216870,Nacho Vidal,España,1995-01-24,Lateral derecho,La Liga,Real Oviedo,real-oviedo,2497,2025,transfermarkt
217115,Neal Maupay,Francia,1996-08-14,Delantero centro,La Liga,Sevilla FC,fc-sevilla,368,2025,transfermarkt
217144,Aleix Febas,España,1996-02-02,Mediocentro,La Liga,Elche CF,fc-elche,1531,2025,transfermarkt
217155,Borja Sánchez,España,1996-02-26,,La Liga,Real Oviedo,real-oviedo,2497,2025,transfermarkt
221150,Dakonam Djené,Togo,1991-12-31,Defensa central,La Liga,Getafe CF,fc-getafe,3709,2025,transfermarkt
221322,José Gayà,España,1995-05-25,Lateral izquierdo,La Liga,Valencia CF,fc-valencia,1049,2025,transfermarkt
225020,Mariano Díaz,República Dominicana,1993-08-01,Delantero centro,La Liga,Deportivo Alavés,deportivo-alaves,1108,2025,transfermarkt
225122,Gonçalo Guedes,Portugal,1996-11-29,Extremo izquierdo,La Liga,Real Sociedad,real-sociedad-san-sebastian,681,2025,transfermarkt
225593,Pere Milla,España,1992-09-23,Extremo izquierdo,La Liga,RCD Espanyol,espanyol-barcelona,714,2025,transfermarkt
226012,David Soria,España,1993-04-04,Portero,La Liga,Getafe CF,fc-getafe,3709,2025,transfermarkt
229804,Aritz Elustondo,España,1994-03-28,Defensa central,La Liga,Real Sociedad,real-sociedad-san-sebastian,681,2025,transfermarkt
230784,Thomas Partey,Ghana,1993-06-13,Pivote,La Liga,Villarreal CF,fc-villarreal,1050,2025,transfermarkt
238266,Duje Caleta-Car,Croacia,1996-09-17,Defensa central,La Liga,Real Sociedad,real-sociedad-san-sebastian,681,2025,transfermarkt
238407,Alexander Sørloth,Noruega,1995-12-05,Delantero centro,La Liga,Atlético de Madrid,atletico-madrid,13,2025,transfermarkt
242359,Juan Musso,Argentina,1994-05-06,Portero,La Liga,Atlético de Madrid,atletico-madrid,13,2025,transfermarkt
243879,Charles Pickel,RD del Congo,1997-05-15,Pivote,La Liga,RCD Espanyol,espanyol-barcelona,714,2025,transfermarkt
245744,Takuma Asano,Japón,1994-11-10,Extremo derecho,La Liga,RCD Mallorca,rcd-mallorca,237,2025,transfermarkt
246291,Diego Llorente,España,1993-08-16,Defensa central,La Liga,Real Betis Balompié,real-betis-sevilla,150,2025,transfermarkt
246968,Ayoze Pérez,España,1993-07-29,Delantero centro,La Liga,Villarreal CF,fc-villarreal,1050,2025,transfermarkt
248738,Sergio Herrera,España,1993-06-05,Portero,La Liga,CA Osasuna,ca-osasuna,331,2025,transfermarkt
249513,Diego Rico,España,1993-02-23,Lateral izquierdo,La Liga,Getafe CF,fc-getafe,3709,2025,transfermarkt
250845,José María Giménez,Uruguay,1995-01-20,Defensa central,La Liga,Atlético de Madrid,atletico-madrid,13,2025,transfermarkt
251876,Pablo Maffeo,Argentina,1997-07-12,Lateral derecho,La Liga,RCD Mallorca,rcd-mallorca,237,2025,transfermarkt
252677,José Luis Morales,España,1987-07-23,Delantero centro,La Liga,Levante UD,ud-levante,3368,2025,transfermarkt
255488,Yeray Álvarez,España,1995-01-24,Defensa central,La Liga,Athletic Club,athletic-bilbao,621,2025,transfermarkt
255495,Unai Elgezabal,España,1993-04-25,Defensa central,La Liga,Levante UD,ud-levante,3368,2025,transfermarkt
255501,Iñigo Lekue,España,1993-05-04,Lateral derecho,La Liga,Athletic Club,athletic-bilbao,621,2025,transfermarkt
255508,Iñaki Williams,Ghana,1994-06-15,Extremo derecho,La Liga,Athletic Club,athletic-bilbao,621,2025,transfermarkt
256267,Vedat Muriqi,Kosovo,1994-04-24,Delantero centro,La Liga,RCD Mallorca,rcd-mallorca,237,2025,transfermarkt
257062,Álvaro García,España,1992-10-27,Extremo izquierdo,La Liga,Rayo Vallecano,rayo-vallecano,367,2025,transfermarkt
257376,Domingos Duarte,Portugal,1995-03-10,Defensa central,La Liga,Getafe CF,fc-getafe,3709,2025,transfermarkt
258475,Nikola Maras,Serbia,1995-12-19,,La Liga,Deportivo Alavés,deportivo-alaves,1108,2025,transfermarkt
258923,Marcus Rashford,Inglaterra,1997-10-31,Extremo izquierdo,La Liga,FC Barcelona,fc-barcelona,131,2025,transfermarkt
258987,Carl Starfelt,Suecia,1995-06-01,Defensa central,La Liga,RC Celta de Vigo,celta-vigo,940,2025,transfermarkt
261503,Álvaro Fidalgo,México,1997-04-09,Mediocentro,La Liga,Real Betis Balompié,real-betis-sevilla,150,2025,transfermarkt
262396,Unai Simón,España,1997-06-11,Portero,La Liga,Athletic Club,athletic-bilbao,621,2025,transfermarkt
262939,Johan Mojica,Colombia,1992-08-21,Lateral izquierdo,La Liga,RCD Mallorca,rcd-mallorca,237,2025,transfermarkt
263727,Joan Jordán,España,1994-07-06,Mediocentro,La Liga,Sevilla FC,fc-sevilla,368,2025,transfermarkt
264372,Viktor Tsygankov,Ucrania,1997-11-15,Extremo derecho,La Liga,Girona FC,fc-girona,12321,2025,transfermarkt
268642,Renzo Saravia,Argentina,1993-06-16,Lateral derecho,La Liga,Valencia CF,fc-valencia,1049,2025,transfermarkt
268670,Gerard Gumbau,España,1994-12-18,Pivote,La Liga,Rayo Vallecano,rayo-vallecano,367,2025,transfermarkt
271455,Mihailo Ristic,Serbia,1995-10-31,Lateral izquierdo,La Liga,RC Celta de Vigo,celta-vigo,940,2025,transfermarkt
275218,Augusto Batalla,Argentina,1996-04-30,Portero,La Liga,Rayo Vallecano,rayo-vallecano,367,2025,transfermarkt
276111,David Costas,España,1995-03-26,Defensa central,La Liga,Real Oviedo,real-oviedo,2497,2025,transfermarkt
277384,Martin Valjent,Eslovaquia,1995-12-11,Defensa central,La Liga,RCD Mallorca,rcd-mallorca,237,2025,transfermarkt
277533,Josan,España,1989-12-03,Extremo derecho,La Liga,Elche CF,fc-elche,1531,2025,transfermarkt
278296,Antonio Raíllo,España,1991-10-08,Defensa central,La Liga,RCD Mallorca,rcd-mallorca,237,2025,transfermarkt
278359,Borja Iglesias,España,1993-01-17,Delantero centro,La Liga,RC Celta de Vigo,celta-vigo,940,2025,transfermarkt
278837,Luis Rioja,España,1993-10-16,Extremo derecho,La Liga,Valencia CF,fc-valencia,1049,2025,transfermarkt
280730,Álvaro Odriozola,España,1995-12-14,Lateral derecho,La Liga,Real Sociedad,real-sociedad-san-sebastian,681,2025,transfermarkt
281989,Luis Milla,España,1994-10-07,Mediocentro,La Liga,Getafe CF,fc-getafe,3709,2025,transfermarkt
282411,Marcos Llorente,España,1995-01-30,Lateral derecho,La Liga,Atlético de Madrid,atletico-madrid,13,2025,transfermarkt
282421,Javi Muñoz,España,1995-02-28,Mediocentro,La Liga,Getafe CF,fc-getafe,3709,2025,transfermarkt
283170,Iñaki Peña,España,1999-03-02,,La Liga,FC Barcelona,fc-barcelona,131,2025,transfermarkt
284430,Aarón Escandell,España,1995-09-27,Portero,La Liga,Real Oviedo,real-oviedo,2497,2025,transfermarkt
284854,Carles Aleñá,España,1998-01-05,Mediocentro,La Liga,Deportivo Alavés,deportivo-alaves,1108,2025,transfermarkt
285323,Baptiste Santamaria,Francia,1995-03-09,Pivote,La Liga,Valencia CF,fc-valencia,1049,2025,transfermarkt
286384,Eric Bailly,Costa de Marfil,1994-04-12,Defensa central,La Liga,Real Oviedo,real-oviedo,2497,2025,transfermarkt
286415,Pau López,España,1994-12-13,Portero,La Liga,Real Betis Balompié,real-betis-sevilla,150,2025,transfermarkt
287579,Sofyan Amrabat,Marruecos,1996-08-21,Pivote,La Liga,Real Betis Balompié,real-betis-sevilla,150,2025,transfermarkt
288255,Donny van de Beek,Países Bajos,1997-04-18,Mediocentro,La Liga,Girona FC,fc-girona,12321,2025,transfermarkt
289255,Andoni Gorosabel,España,1996-08-04,Lateral derecho,La Liga,Athletic Club,athletic-bilbao,621,2025,transfermarkt
289257,Jon Guridi,España,1995-02-28,Mediocentro,La Liga,Deportivo Alavés,deportivo-alaves,1108,2025,transfermarkt
290249,Mauro Arambarri,Uruguay,1995-09-30,Mediocentro,La Liga,Getafe CF,fc-getafe,3709,2025,transfermarkt
291417,Ferland Mendy,Francia,1995-06-08,Lateral izquierdo,La Liga,Real Madrid CF,real-madrid,418,2025,transfermarkt
293169,Josip Brekalo,Croacia,1998-06-23,,La Liga,Real Oviedo,real-oviedo,2497,2025,transfermarkt
293385,Dani Olmo,España,1998-05-07,Mediocentro ofensivo,La Liga,FC Barcelona,fc-barcelona,131,2025,transfermarkt
293388,Oriol Rey,España,1998-02-25,Pivote,La Liga,Levante UD,ud-levante,3368,2025,transfermarkt
297070,Hamari Traoré,Malí,1992-01-27,,La Liga,Real Sociedad,real-sociedad-san-sebastian,681,2025,transfermarkt
297194,Iván Villar,España,1997-07-09,Portero,La Liga,RC Celta de Vigo,celta-vigo,940,2025,transfermarkt
298197,Antonio Sivera,España,1996-08-11,Portero,La Liga,Deportivo Alavés,deportivo-alaves,1108,2025,transfermarkt
298575,Kike Barja,España,1997-04-01,Extremo derecho,La Liga,CA Osasuna,ca-osasuna,331,2025,transfermarkt
298583,Eray Cömert,Suiza,1998-02-04,Defensa central,La Liga,Valencia CF,fc-valencia,1049,2025,transfermarkt
298976,Borja Mayoral,España,1997-04-05,Delantero centro,La Liga,Getafe CF,fc-getafe,3709,2025,transfermarkt
300168,Mikel Vesga,España,1993-04-08,Pivote,La Liga,Athletic Club,athletic-bilbao,621,2025,transfermarkt
302371,Toni Martínez,España,1997-06-30,Delantero centro,La Liga,Deportivo Alavés,deportivo-alaves,1108,2025,transfermarkt
303259,Dodi Lukébakio,Bélgica,1997-09-24,,La Liga,Sevilla FC,fc-sevilla,368,2025,transfermarkt
303657,Ionuț Radu,Rumania,1997-05-28,Portero,La Liga,RC Celta de Vigo,celta-vigo,940,2025,transfermarkt
309110,Brais Méndez,España,1997-01-07,Mediocentro ofensivo,La Liga,Real Sociedad,real-sociedad-san-sebastian,681,2025,transfermarkt
311044,Alfonso Espino,Uruguay,1992-01-05,Lateral izquierdo,La Liga,Rayo Vallecano,rayo-vallecano,367,2025,transfermarkt
314353,Trent Alexander-Arnold,Inglaterra,1998-10-07,Lateral derecho,La Liga,Real Madrid CF,real-madrid,418,2025,transfermarkt
314678,Brahim Díaz,Marruecos,1999-08-03,Extremo derecho,La Liga,Real Madrid CF,real-madrid,418,2025,transfermarkt
319745,Dani Ceballos,España,1996-08-07,Mediocentro,La Liga,Real Madrid CF,real-madrid,418,2025,transfermarkt
320271,Toni Lato,España,1997-11-21,Lateral izquierdo,La Liga,RCD Mallorca,rcd-mallorca,237,2025,transfermarkt
326330,Frenkie de Jong,Países Bajos,1997-05-12,Mediocentro,La Liga,FC Barcelona,fc-barcelona,131,2025,transfermarkt
326416,Dani Calvo,España,1994-04-01,Defensa central,La Liga,Real Oviedo,real-oviedo,2497,2025,transfermarkt
328480,Pepelu,España,1998-08-11,Pivote,La Liga,Valencia CF,fc-valencia,1049,2025,transfermarkt
331505,Óscar Mingueza,España,1999-05-13,Lateral derecho,La Liga,RC Celta de Vigo,celta-vigo,940,2025,transfermarkt
334222,Lucas Boyé,Argentina,1996-02-28,Delantero centro,La Liga,Deportivo Alavés,deportivo-alaves,1108,2025,transfermarkt
335225,Manu Morlanes,España,1999-01-12,Mediocentro,La Liga,RCD Mallorca,rcd-mallorca,237,2025,transfermarkt
336869,Marc Roca,España,1996-11-26,Pivote,La Liga,Real Betis Balompié,real-betis-sevilla,150,2025,transfermarkt
337284,Ovie Ejaria,Inglaterra,1997-11-18,Extremo izquierdo,La Liga,Real Oviedo,real-oviedo,2497,2025,transfermarkt
337715,Umar Sadiq,Nigeria,1997-02-02,,La Liga,Real Sociedad,real-sociedad-san-sebastian,681,2025,transfermarkt
337946,Jairo Izquierdo,España,1993-10-22,,La Liga,Elche CF,fc-elche,1531,2025,transfermarkt
338285,Unai Núñez,España,1997-01-30,Defensa central,La Liga,Valencia CF,fc-valencia,1049,2025,transfermarkt
338425,Álex Berenguer,España,1995-07-04,Extremo izquierdo,La Liga,Athletic Club,athletic-bilbao,621,2025,transfermarkt
339079,Jiri Letacek,República Checa,1999-01-09,Portero,La Liga,Getafe CF,fc-getafe,3709,2025,transfermarkt
339816,Tete Morente,España,1996-12-04,Extremo izquierdo,La Liga,Elche CF,fc-elche,1531,2025,transfermarkt
340205,Gorka Guruzeta,España,1996-09-12,Delantero centro,La Liga,Athletic Club,athletic-bilbao,621,2025,transfermarkt
340376,Abel Ruiz,España,2000-01-28,Delantero centro,La Liga,Girona FC,fc-girona,12321,2025,transfermarkt
341110,Franco Cervi,Argentina,1994-05-26,Extremo izquierdo,La Liga,RC Celta de Vigo,celta-vigo,940,2025,transfermarkt
341263,Adrián Dela,España,1999-02-26,Defensa central,La Liga,Levante UD,ud-levante,3368,2025,transfermarkt
341264,Fran García,España,1999-08-14,Lateral izquierdo,La Liga,Real Madrid CF,real-madrid,418,2025,transfermarkt
341277,Sergio Lozano,España,1999-03-24,,La Liga,Levante UD,ud-levante,3368,2025,transfermarkt
341278,Iván Martín,España,1999-02-14,Mediocentro,La Liga,Girona FC,fc-girona,12321,2025,transfermarkt
341713,Diego Conde,España,1998-10-28,Portero,La Liga,Villarreal CF,fc-villarreal,1050,2025,transfermarkt
342048,Grady Diangana,RD del Congo,1998-04-19,Extremo derecho,La Liga,Elche CF,fc-elche,1531,2025,transfermarkt
342229,Kylian Mbappé,Francia,1998-12-20,Delantero centro,La Liga,Real Madrid CF,real-madrid,418,2025,transfermarkt
342385,Guido Rodríguez,Argentina,1994-04-12,Pivote,La Liga,Valencia CF,fc-valencia,1049,2025,transfermarkt
343052,Nicolas Pépé,Costa de Marfil,1995-05-29,Extremo derecho,La Liga,Villarreal CF,fc-villarreal,1050,2025,transfermarkt
345886,Rubén Vargas,Suiza,1998-08-05,Extremo izquierdo,La Liga,Sevilla FC,fc-sevilla,368,2025,transfermarkt
345911,Ladislav Krejčí,República Checa,1999-04-20,,La Liga,Girona FC,fc-girona,12321,2025,transfermarkt
346289,Mouctar Diakhaby,Guinea,1996-12-19,Defensa central,La Liga,Valencia CF,fc-valencia,1049,2025,transfermarkt
348795,Giovani Lo Celso,Argentina,1996-04-09,Mediocentro ofensivo,La Liga,Real Betis Balompié,real-betis-sevilla,150,2025,transfermarkt
349884,Lucas Ahijado,España,1995-01-30,Lateral derecho,La Liga,Real Oviedo,real-oviedo,2497,2025,transfermarkt
351478,Mikel Oyarzabal,España,1997-04-21,Delantero centro,La Liga,Real Sociedad,real-sociedad-san-sebastian,681,2025,transfermarkt
351809,Robin Le Normand,España,1996-11-11,Defensa central,La Liga,Atlético de Madrid,atletico-madrid,13,2025,transfermarkt
355628,Igor Zubeldia,España,1997-03-30,Defensa central,La Liga,Real Sociedad,real-sociedad-san-sebastian,681,2025,transfermarkt
355861,Arnaut Danjuma,Países Bajos,1997-01-31,Extremo izquierdo,La Liga,Valencia CF,fc-valencia,1049,2025,transfermarkt
356197,Alfonso Pedraza,España,1996-04-09,Lateral izquierdo,La Liga,Villarreal CF,fc-villarreal,1050,2025,transfermarkt
357628,Alfon González,España,1999-05-04,Extremo izquierdo,La Liga,Villarreal CF,fc-villarreal,1050,2025,transfermarkt
357884,Fernando Calero,España,1995-09-14,Defensa central,La Liga,RCD Espanyol,espanyol-barcelona,714,2025,transfermarkt
357885,Pablo Fornals,España,1996-02-22,Mediocentro,La Liga,Real Betis Balompié,real-betis-sevilla,150,2025,transfermarkt
358032,Cyril Ngonge,Bélgica,2000-05-26,Extremo derecho,La Liga,RCD Espanyol,espanyol-barcelona,714,2025,transfermarkt
358250,Joseph Aidoo,Ghana,1995-09-29,Defensa central,La Liga,RC Celta de Vigo,celta-vigo,940,2025,transfermarkt
361254,Rafa Mir,España,1997-06-18,Delantero centro,La Liga,Elche CF,fc-elche,1531,2025,transfermarkt
362086,Isi Palazón,España,1994-12-27,Mediapunta,La Liga,Rayo Vallecano,rayo-vallecano,367,2025,transfermarkt
363057,Pedro Díaz,España,1998-06-05,Mediocentro,La Liga,Rayo Vallecano,rayo-vallecano,367,2025,transfermarkt
366930,Sergio Gómez,España,2000-09-04,Lateral izquierdo,La Liga,Real Sociedad,real-sociedad-san-sebastian,681,2025,transfermarkt
367466,Thierry Correia,Portugal,1999-03-09,Lateral derecho,La Liga,Valencia CF,fc-valencia,1049,2025,transfermarkt
369081,Federico Valverde,Uruguay,1998-07-22,Mediocentro,La Liga,Real Madrid CF,real-madrid,418,2025,transfermarkt
371371,Marash Kumbulla,Albania,2000-02-08,Defensa central,La Liga,RCD Mallorca,rcd-mallorca,237,2025,transfermarkt
371998,Vinicius Junior,Brasil,2000-07-12,Extremo izquierdo,La Liga,Real Madrid CF,real-madrid,418,2025,transfermarkt
372246,Carlos Soler,España,1997-01-02,Mediocentro,La Liga,Real Sociedad,real-sociedad-san-sebastian,681,2025,transfermarkt
374139,Junior Firpo,República Dominicana,1996-08-22,Lateral izquierdo,La Liga,Real Betis Balompié,real-betis-sevilla,150,2025,transfermarkt
375382,André Almeida,Portugal,2000-05-30,Mediocentro ofensivo,La Liga,Valencia CF,fc-valencia,1049,2025,transfermarkt
378139,Aitor Ruibal,España,1996-03-22,Extremo derecho,La Liga,Real Betis Balompié,real-betis-sevilla,150,2025,transfermarkt
378293,Yangel Herrera,Venezuela,1998-01-07,Mediocentro,La Liga,Real Sociedad,real-sociedad-san-sebastian,681,2025,transfermarkt
380598,Santi Comesaña,España,1996-10-05,Mediocentro,La Liga,Villarreal CF,fc-villarreal,1050,2025,transfermarkt
385105,Gabriel Suazo,Chile,1997-08-09,Lateral izquierdo,La Liga,Sevilla FC,fc-sevilla,368,2025,transfermarkt
388513,Mateu Morey,España,2000-03-02,Lateral derecho,La Liga,RCD Mallorca,rcd-mallorca,237,2025,transfermarkt
390688,Juan Iglesias,España,1998-07-03,Lateral derecho,La Liga,Getafe CF,fc-getafe,3709,2025,transfermarkt
394236,Filip Ugrinic,Suiza,1999-01-05,Mediocentro,La Liga,Valencia CF,fc-valencia,1049,2025,transfermarkt
395122,Santiago Colombatto,Argentina,1997-01-17,Pivote,La Liga,Real Oviedo,real-oviedo,2497,2025,transfermarkt
395234,Batista Mendy,Francia,2000-01-12,Pivote,La Liga,Sevilla FC,fc-sevilla,368,2025,transfermarkt
396638,Manor Solomon,Israel,1999-07-24,,La Liga,Villarreal CF,fc-villarreal,1050,2025,transfermarkt
397676,Dani Cárdenas,España,1997-03-28,Portero,La Liga,Rayo Vallecano,rayo-vallecano,367,2025,transfermarkt
398131,Cristian Rivero,España,1998-03-21,Portero,La Liga,Valencia CF,fc-valencia,1049,2025,transfermarkt
398163,Gonzalo Villar,España,1998-03-23,Mediocentro,La Liga,Elche CF,fc-elche,1531,2025,transfermarkt
398184,Ferran Torres,España,2000-02-29,Delantero centro,La Liga,FC Barcelona,fc-barcelona,131,2025,transfermarkt
401530,Éder Militão,Brasil,1998-01-18,Defensa central,La Liga,Real Madrid CF,real-madrid,418,2025,transfermarkt
404418,Dávid Hancko,Eslovaquia,1997-12-13,Defensa central,La Liga,Atlético de Madrid,atletico-madrid,13,2025,transfermarkt
404839,Andriy Lunin,Ucrania,1999-02-11,Portero,La Liga,Real Madrid CF,real-madrid,418,2025,transfermarkt
405398,Takefusa Kubo,Japón,2001-06-04,Extremo derecho,La Liga,Real Sociedad,real-sociedad-san-sebastian,681,2025,transfermarkt
405885,Giacomo Raspadori,Italia,2000-02-18,,La Liga,Atlético de Madrid,atletico-madrid,13,2025,transfermarkt
406040,Ademola Lookman,Nigeria,1997-10-20,Extremo izquierdo,La Liga,Atlético de Madrid,atletico-madrid,13,2025,transfermarkt
408471,Javi Puado,España,1998-05-25,Extremo izquierdo,La Liga,RCD Espanyol,espanyol-barcelona,714,2025,transfermarkt
411295,Raphinha,Brasil,1996-12-14,Extremo izquierdo,La Liga,FC Barcelona,fc-barcelona,131,2025,transfermarkt
411975,Jules Koundé,Francia,1998-11-12,Lateral derecho,La Liga,FC Barcelona,fc-barcelona,131,2025,transfermarkt
412045,Pol Lozano,España,1999-10-06,Mediocentro,La Liga,RCD Espanyol,espanyol-barcelona,714,2025,transfermarkt
412363,Rodrygo,Brasil,2001-01-09,Extremo derecho,La Liga,Real Madrid CF,real-madrid,418,2025,transfermarkt
412829,Léo Pétrot,Francia,1997-04-15,Lateral izquierdo,La Liga,Elche CF,fc-elche,1531,2025,transfermarkt
413112,Aurélien Tchouaméni,Francia,2000-01-27,Pivote,La Liga,Real Madrid CF,real-madrid,418,2025,transfermarkt
413262,Dani Raba,España,1995-10-29,Mediapunta,La Liga,Valencia CF,fc-valencia,1049,2025,transfermarkt
417913,Álvaro Valles,España,1997-07-25,Portero,La Liga,Real Betis Balompié,real-betis-sevilla,150,2025,transfermarkt
419648,Veljko Birmancevic,Serbia,1998-03-05,Extremo izquierdo,La Liga,Getafe CF,fc-getafe,3709,2025,transfermarkt
423444,Fran Beltrán,España,1999-02-03,,La Liga,RC Celta de Vigo,celta-vigo,940,2025,transfermarkt
424042,Nahuel Molina,Argentina,1998-04-06,Lateral derecho,La Liga,Atlético de Madrid,atletico-madrid,13,2025,transfermarkt
429790,Luka Ilic,Serbia,1999-07-02,Mediocentro ofensivo,La Liga,Real Oviedo,real-oviedo,2497,2025,transfermarkt
431190,Carlos Protesoni,Uruguay,1998-03-30,Pivote,La Liga,Deportivo Alavés,deportivo-alaves,1108,2025,transfermarkt
434990,Álex Sola,España,1999-06-09,,La Liga,Getafe CF,fc-getafe,3709,2025,transfermarkt
435493,Bambo Diaby,España,1997-12-17,,La Liga,Elche CF,fc-elche,1531,2025,transfermarkt
439022,Marcão,Brasil,1996-06-05,Defensa central,La Liga,Sevilla FC,fc-sevilla,368,2025,transfermarkt
441170,Valentin Rosier,Francia,1996-08-19,Lateral derecho,La Liga,CA Osasuna,ca-osasuna,331,2025,transfermarkt
447823,Oier Luengo,España,1997-11-11,,La Liga,Real Oviedo,real-oviedo,2497,2025,transfermarkt
448628,Javi Galán,España,1994-11-19,,La Liga,Atlético de Madrid,atletico-madrid,13,2025,transfermarkt
449796,Alejandro Catena,España,1994-10-28,Defensa central,La Liga,CA Osasuna,ca-osasuna,331,2025,transfermarkt
451801,Abdul Mumin,Ghana,1998-06-06,Defensa central,La Liga,Rayo Vallecano,rayo-vallecano,367,2025,transfermarkt
452483,David Affengruber,Austria,2001-03-19,Defensa central,La Liga,Elche CF,fc-elche,1531,2025,transfermarkt
455181,Jorge de Frutos,España,1997-02-20,Extremo derecho,La Liga,Rayo Vallecano,rayo-vallecano,367,2025,transfermarkt
457931,Luiz Felipe,Italia,1997-03-22,Defensa central,La Liga,Rayo Vallecano,rayo-vallecano,367,2025,transfermarkt
459463,Cucho Hernández,Colombia,1999-04-20,Delantero centro,La Liga,Real Betis Balompié,real-betis-sevilla,150,2025,transfermarkt
461617,Rodrigo Riquelme,España,2000-04-02,Extremo izquierdo,La Liga,Real Betis Balompié,real-betis-sevilla,150,2025,transfermarkt
462070,Nicolás Fonseca,Uruguay,1998-10-19,Pivote,La Liga,Real Oviedo,real-oviedo,2497,2025,transfermarkt
465967,Ander Guevara,España,1997-07-07,Mediocentro,La Liga,Deportivo Alavés,deportivo-alaves,1108,2025,transfermarkt
466783,Arnau Tenas,España,2001-05-30,Portero,La Liga,Villarreal CF,fc-villarreal,1050,2025,transfermarkt
466794,Eric García,España,2001-01-09,Defensa central,La Liga,FC Barcelona,fc-barcelona,131,2025,transfermarkt
466801,Sergi Altimira,España,2001-08-25,Mediocentro,La Liga,Real Betis Balompié,real-betis-sevilla,150,2025,transfermarkt
466807,Adrià Altimira,España,2001-03-28,,La Liga,Villarreal CF,fc-villarreal,1050,2025,transfermarkt
469669,Yvan Neyou,Camerún,1997-01-03,,La Liga,Getafe CF,fc-getafe,3709,2025,transfermarkt
476219,Bojan Miovski,Macedonia del Norte,1999-06-24,,La Liga,Girona FC,fc-girona,12321,2025,transfermarkt
480267,Ronald Araujo,Uruguay,1999-03-07,Defensa central,La Liga,FC Barcelona,fc-barcelona,131,2025,transfermarkt
480763,Juan Foyth,Argentina,1998-01-12,Defensa central,La Liga,Villarreal CF,fc-villarreal,1050,2025,transfermarkt
484988,Logan Costa,Cabo Verde,2001-04-01,Defensa central,La Liga,Villarreal CF,fc-villarreal,1050,2025,transfermarkt
485963,Pape Gueye,Senegal,1999-01-24,Mediocentro,La Liga,Villarreal CF,fc-villarreal,1050,2025,transfermarkt
486031,Nico González,Argentina,1998-04-06,Extremo izquierdo,La Liga,Atlético de Madrid,atletico-madrid,13,2025,transfermarkt
488362,Conor Gallagher,Inglaterra,2000-02-06,,La Liga,Atlético de Madrid,atletico-madrid,13,2025,transfermarkt
488626,Jesús Areso,España,1999-07-02,Lateral derecho,La Liga,Athletic Club,athletic-bilbao,621,2025,transfermarkt
490606,Lucas Bergström,Finlandia,2002-09-05,Portero,La Liga,RCD Mallorca,rcd-mallorca,237,2025,transfermarkt
495621,Antonio Blanco,España,2000-07-23,Pivote,La Liga,Deportivo Alavés,deportivo-alaves,1108,2025,transfermarkt
495625,Víctor Chust,España,2000-03-05,Defensa central,La Liga,Elche CF,fc-elche,1531,2025,transfermarkt
498237,David Carmo,Angola,1999-07-19,Defensa central,La Liga,Real Oviedo,real-oviedo,2497,2025,transfermarkt
500067,Chidera Ejuke,Nigeria,1998-01-02,Extremo izquierdo,La Liga,Sevilla FC,fc-sevilla,368,2025,transfermarkt
501418,Adrià Pedrosa,España,1998-05-13,,La Liga,Sevilla FC,fc-sevilla,368,2025,transfermarkt
502722,Luka Sucic,Croacia,2002-09-08,Mediocentro,La Liga,Real Sociedad,real-sociedad-san-sebastian,681,2025,transfermarkt
505493,Diego Pampín,España,2000-03-15,Lateral izquierdo,La Liga,Levante UD,ud-levante,3368,2025,transfermarkt
505674,Sergio Camello,España,2001-02-10,Delantero centro,La Liga,Rayo Vallecano,rayo-vallecano,367,2025,transfermarkt
506248,Edu Expósito,España,1996-08-01,Mediocentro,La Liga,RCD Espanyol,espanyol-barcelona,714,2025,transfermarkt
513031,Antonio Sánchez,España,1997-04-22,Mediocentro,La Liga,RCD Mallorca,rcd-mallorca,237,2025,transfermarkt
517753,Óscar Valentín,España,1994-08-20,Mediocentro,La Liga,Rayo Vallecano,rayo-vallecano,367,2025,transfermarkt
517842,Aihen Muñoz,España,1997-08-16,Lateral izquierdo,La Liga,Real Sociedad,real-sociedad-san-sebastian,681,2025,transfermarkt
518644,Largie Ramazani,Bélgica,2001-02-27,Extremo izquierdo,La Liga,Valencia CF,fc-valencia,1049,2025,transfermarkt
520840,José Copete,España,1999-10-10,Defensa central,La Liga,Valencia CF,fc-valencia,1049,2025,transfermarkt
524000,Dani Vivian,España,1999-07-05,Defensa central,La Liga,Athletic Club,athletic-bilbao,621,2025,transfermarkt
525140,Goduine Koyalipou,República Centroafricana,2000-02-15,,La Liga,Levante UD,ud-levante,3368,2025,transfermarkt
525438,Horațiu Moldovan,Rumania,1998-01-20,Portero,La Liga,Real Oviedo,real-oviedo,2497,2025,transfermarkt
525578,Pathé Ciss,Senegal,1994-03-16,Mediocentro,La Liga,Rayo Vallecano,rayo-vallecano,367,2025,transfermarkt
526050,Kervin Arriaga,Honduras,1998-01-05,Pivote,La Liga,Levante UD,ud-levante,3368,2025,transfermarkt
527966,Andrei Rațiu,Rumania,1998-06-20,Lateral derecho,La Liga,Rayo Vallecano,rayo-vallecano,367,2025,transfermarkt
527972,Mourad El Ghezouani,Marruecos,1998-05-27,,La Liga,Elche CF,fc-elche,1531,2025,transfermarkt
531404,Marc Aguado,España,2000-02-22,Pivote,La Liga,Elche CF,fc-elche,1531,2025,transfermarkt
533354,Facundo Garcés,Malasia,1999-09-05,Defensa central,La Liga,Deportivo Alavés,deportivo-alaves,1108,2025,transfermarkt
533568,Nahuel Tenaglia,Argentina,1996-02-21,Lateral derecho,La Liga,Deportivo Alavés,deportivo-alaves,1108,2025,transfermarkt
537382,Bryan Gil,España,2001-02-11,Extremo izquierdo,La Liga,Girona FC,fc-girona,12321,2025,transfermarkt
538006,Kwasi Sibo,Ghana,1998-06-24,Mediocentro,La Liga,Real Oviedo,real-oviedo,2497,2025,transfermarkt
538996,Tanguy Nianzou,Francia,2002-06-07,Defensa central,La Liga,Sevilla FC,fc-sevilla,368,2025,transfermarkt
540536,Carlos Vicente,España,1999-04-23,,La Liga,Deportivo Alavés,deportivo-alaves,1108,2025,transfermarkt
541555,Enzo Boyomo,Camerún,2001-10-07,Defensa central,La Liga,CA Osasuna,ca-osasuna,331,2025,transfermarkt
541621,Marc Vidal,España,2000-02-14,Portero,La Liga,RC Celta de Vigo,celta-vigo,940,2025,transfermarkt
545647,Sergio Carreira,España,2000-10-13,Lateral derecho,La Liga,RC Celta de Vigo,celta-vigo,940,2025,transfermarkt
548111,Álex Baena,España,2001-07-20,Extremo izquierdo,La Liga,Atlético de Madrid,atletico-madrid,13,2025,transfermarkt
548188,Germán Valera,España,2002-03-16,Extremo izquierdo,La Liga,Elche CF,fc-elche,1531,2025,transfermarkt
549027,Martim Neto,Portugal,2003-01-14,Mediocentro,La Liga,Elche CF,fc-elche,1531,2025,transfermarkt
552425,Jon Moncayola,España,1998-05-13,Mediocentro,La Liga,CA Osasuna,ca-osasuna,331,2025,transfermarkt
555143,Arsen Zakharyan,Rusia,2003-05-26,Mediocentro ofensivo,La Liga,Real Sociedad,real-sociedad-san-sebastian,681,2025,transfermarkt
555500,Jorge Herrando,España,2001-02-28,Defensa central,La Liga,CA Osasuna,ca-osasuna,331,2025,transfermarkt
557057,Roger Brugué,España,1996-11-04,Extremo izquierdo,La Liga,Levante UD,ud-levante,3368,2025,transfermarkt
559979,Abdel Abqar,Marruecos,1999-03-10,Defensa central,La Liga,Getafe CF,fc-getafe,3709,2025,transfermarkt
560417,Alemão,Brasil,1998-04-01,Delantero centro,La Liga,Rayo Vallecano,rayo-vallecano,367,2025,transfermarkt
560483,Randy Nteka,Angola,1997-12-06,Mediocentro ofensivo,La Liga,Rayo Vallecano,rayo-vallecano,367,2025,transfermarkt
560705,Álex Sancris,España,1997-01-18,Extremo derecho,La Liga,Getafe CF,fc-getafe,3709,2025,transfermarkt
561613,Joan García,España,2001-05-04,Portero,La Liga,FC Barcelona,fc-barcelona,131,2025,transfermarkt
562742,Leo Román,España,2000-07-06,Portero,La Liga,RCD Mallorca,rcd-mallorca,237,2025,transfermarkt
563137,Robert Navarro,España,2002-04-12,Extremo derecho,La Liga,Athletic Club,athletic-bilbao,621,2025,transfermarkt
568157,Yéremy Pino,España,2002-10-20,,La Liga,Villarreal CF,fc-villarreal,1050,2025,transfermarkt
568158,Javi López,España,2002-03-25,Lateral izquierdo,La Liga,Real Oviedo,real-oviedo,2497,2025,transfermarkt
568835,Pablo Martínez,España,1998-02-22,Mediocentro,La Liga,Levante UD,ud-levante,3368,2025,transfermarkt
569384,Lucien Agoumé,Francia,2002-02-09,Pivote,La Liga,Sevilla FC,fc-sevilla,368,2025,transfermarkt
571020,Oihan Sancet,España,2000-04-25,Mediocentro ofensivo,La Liga,Athletic Club,athletic-bilbao,621,2025,transfermarkt
573775,Hugo Duro,España,1999-11-10,Delantero centro,La Liga,Valencia CF,fc-valencia,1049,2025,transfermarkt
576024,Julián Alvarez,Argentina,2000-01-31,Delantero centro,La Liga,Atlético de Madrid,atletico-madrid,13,2025,transfermarkt
576028,Thiago Almada,Argentina,2001-04-26,Extremo izquierdo,La Liga,Atlético de Madrid,atletico-madrid,13,2025,transfermarkt
578419,Federico Viñas,Uruguay,1998-06-30,Delantero centro,La Liga,Real Oviedo,real-oviedo,2497,2025,transfermarkt
580560,Jon Pacheco,España,2001-01-08,,La Liga,Real Sociedad,real-sociedad-san-sebastian,681,2025,transfermarkt
581326,Ville Koski,Finlandia,2002-01-27,Defensa central,La Liga,Deportivo Alavés,deportivo-alaves,1108,2025,transfermarkt
581678,Jude Bellingham,Inglaterra,2003-06-29,Mediocentro ofensivo,La Liga,Real Madrid CF,real-madrid,418,2025,transfermarkt
583510,Miguel Rubio,España,1998-03-11,Defensa central,La Liga,RCD Espanyol,espanyol-barcelona,714,2025,transfermarkt
590690,Víctor García,España,1997-09-16,Lateral derecho,La Liga,Levante UD,ud-levante,3368,2025,transfermarkt
591916,Aitor Paredes,España,2000-04-29,Defensa central,La Liga,Athletic Club,athletic-bilbao,621,2025,transfermarkt
591957,Victor Parada,España,2002-04-04,Lateral izquierdo,La Liga,Deportivo Alavés,deportivo-alaves,1108,2025,transfermarkt
593412,Ilyas Chaira,Marruecos,2001-02-02,Extremo izquierdo,La Liga,Real Oviedo,real-oviedo,2497,2025,transfermarkt
593482,Azzedine Ounahi,Marruecos,2000-04-19,Mediocentro,La Liga,Girona FC,fc-girona,12321,2025,transfermarkt
596122,Pep Chavarría,España,1998-04-10,Lateral izquierdo,La Liga,Rayo Vallecano,rayo-vallecano,367,2025,transfermarkt
599231,Ferran Jutglà,España,1999-02-01,Extremo derecho,La Liga,RC Celta de Vigo,celta-vigo,940,2025,transfermarkt
602105,Antony,Brasil,2000-02-24,Extremo derecho,La Liga,Real Betis Balompié,real-betis-sevilla,150,2025,transfermarkt
603696,Alberto Reina,España,1997-11-19,Mediocentro,La Liga,Real Oviedo,real-oviedo,2497,2025,transfermarkt
605528,Pol Tristán,España,2002-03-18,,La Liga,RCD Espanyol,espanyol-barcelona,714,2025,transfermarkt
607034,Akor Adams,Nigeria,2000-01-29,Delantero centro,La Liga,Sevilla FC,fc-sevilla,368,2025,transfermarkt
610083,Unai Vencedor,España,2000-11-15,,La Liga,Athletic Club,athletic-bilbao,621,2025,transfermarkt
610622,Urko Izeta,España,1999-09-29,Delantero centro,La Liga,Athletic Club,athletic-bilbao,621,2025,transfermarkt
614988,Ilias Kostis,Grecia,2003-02-27,,La Liga,Atlético de Madrid,atletico-madrid,13,2025,transfermarkt
616369,Ander Barrenetxea,España,2001-12-27,Extremo izquierdo,La Liga,Real Sociedad,real-sociedad-san-sebastian,681,2025,transfermarkt
616631,Matteo Ruggeri,Italia,2002-07-11,Lateral izquierdo,La Liga,Atlético de Madrid,atletico-madrid,13,2025,transfermarkt
617059,Pablo Campos,España,2002-04-28,Portero,La Liga,Levante UD,ud-levante,3368,2025,transfermarkt
617074,Ilaix Moriba,Guinea,2003-01-19,Mediocentro,La Liga,RC Celta de Vigo,celta-vigo,940,2025,transfermarkt
617081,Diego López,España,2002-05-13,Extremo derecho,La Liga,Valencia CF,fc-valencia,1049,2025,transfermarkt
618801,Alejandro Iturbe,España,2003-09-02,Portero,La Liga,Elche CF,fc-elche,1531,2025,transfermarkt
618809,Manu Sánchez,España,2000-08-24,Lateral izquierdo,La Liga,Levante UD,ud-levante,3368,2025,transfermarkt
618813,Carlos Martín,España,2002-04-22,,La Liga,Atlético de Madrid,atletico-madrid,13,2025,transfermarkt
620164,Haissem Hassan,Egipto,2002-02-08,Extremo derecho,La Liga,Real Oviedo,real-oviedo,2497,2025,transfermarkt
620696,Ibrahim Diabate,Costa de Marfil,1999-11-17,Delantero centro,La Liga,Deportivo Alavés,deportivo-alaves,1108,2025,transfermarkt
622988,Fran Pérez,España,2002-09-09,Extremo derecho,La Liga,Rayo Vallecano,rayo-vallecano,367,2025,transfermarkt
623024,Jesús Vázquez,España,2003-01-02,Lateral izquierdo,La Liga,Valencia CF,fc-valencia,1049,2025,transfermarkt
624942,Raúl Moro,España,2002-12-05,Extremo izquierdo,La Liga,CA Osasuna,ca-osasuna,331,2025,transfermarkt
625014,Julen Agirrezabala,España,2000-12-26,Portero,La Liga,Valencia CF,fc-valencia,1049,2025,transfermarkt
625047,Beñat Prados,España,2001-02-08,Mediocentro,La Liga,Athletic Club,athletic-bilbao,621,2025,transfermarkt
625651,Urko González de Zárate,España,2001-03-20,,La Liga,Real Sociedad,real-sociedad-san-sebastian,681,2025,transfermarkt
625657,Unai Marrero,España,2001-10-09,Portero,La Liga,Real Sociedad,real-sociedad-san-sebastian,681,2025,transfermarkt
625660,Jon Ander Olasagasti,España,2000-08-16,Mediocentro,La Liga,Levante UD,ud-levante,3368,2025,transfermarkt
626953,Álvaro Núñez,España,2000-07-07,Lateral derecho,La Liga,RC Celta de Vigo,celta-vigo,940,2025,transfermarkt
627290,John Donald,España,2000-09-25,Defensa central,La Liga,Elche CF,fc-elche,1531,2025,transfermarkt
628366,Lucas Beltrán,Argentina,2001-03-29,Delantero centro,La Liga,Valencia CF,fc-valencia,1049,2025,transfermarkt
628487,Ángel Fortuño,España,2001-10-05,Portero,La Liga,RCD Espanyol,espanyol-barcelona,714,2025,transfermarkt
628498,Jofre Carreras,España,2001-06-17,Extremo derecho,La Liga,RCD Espanyol,espanyol-barcelona,714,2025,transfermarkt
628886,Iván Romero,España,2001-04-10,Delantero centro,La Liga,Levante UD,ud-levante,3368,2025,transfermarkt
629511,Pablo Ramón,España,2001-06-30,,La Liga,RCD Espanyol,espanyol-barcelona,714,2025,transfermarkt
631002,Raúl García,España,2000-11-03,Delantero centro,La Liga,CA Osasuna,ca-osasuna,331,2025,transfermarkt
631821,Vladyslav Vanat,Ucrania,2002-01-04,Delantero centro,La Liga,Girona FC,fc-girona,12321,2025,transfermarkt
632741,Iker Losada,España,2001-08-01,,La Liga,Real Betis Balompié,real-betis-sevilla,150,2025,transfermarkt
632896,Alejandro Francés,España,2002-08-01,Defensa central,La Liga,Girona FC,fc-girona,12321,2025,transfermarkt
632913,Pere García,España,2002-03-22,,La Liga,Valencia CF,fc-valencia,1049,2025,transfermarkt
634131,Aimar Oroz,España,2001-11-27,Mediocentro ofensivo,La Liga,CA Osasuna,ca-osasuna,331,2025,transfermarkt
634431,Beñat Turrientes,España,2002-01-31,Mediocentro,La Liga,Real Sociedad,real-sociedad-san-sebastian,681,2025,transfermarkt
636093,Carlos Domínguez,España,2001-02-11,Defensa central,La Liga,RC Celta de Vigo,celta-vigo,940,2025,transfermarkt
636688,Alejandro Balde,España,2003-10-18,Lateral izquierdo,La Liga,FC Barcelona,fc-barcelona,131,2025,transfermarkt
636695,Marc Casadó,España,2003-09-14,Pivote,La Liga,FC Barcelona,fc-barcelona,131,2025,transfermarkt
636703,Fermín López,España,2003-05-11,Mediocentro ofensivo,La Liga,FC Barcelona,fc-barcelona,131,2025,transfermarkt
638124,Manu Fernández,España,2001-04-23,Defensa central,La Liga,RC Celta de Vigo,celta-vigo,940,2025,transfermarkt
638793,Tajon Buchanan,Canadá,1999-02-08,Extremo derecho,La Liga,Villarreal CF,fc-villarreal,1050,2025,transfermarkt
639733,Peque Fernández,España,2002-10-04,Mediapunta,La Liga,Sevilla FC,fc-sevilla,368,2025,transfermarkt
640109,Martín Satriano,Uruguay,2001-02-20,Delantero centro,La Liga,Getafe CF,fc-getafe,3709,2025,transfermarkt
640428,Eduardo Camavinga,Francia,2002-11-10,Mediocentro,La Liga,Real Madrid CF,real-madrid,418,2025,transfermarkt
646740,Gavi,España,2004-08-05,Mediocentro,La Liga,FC Barcelona,fc-barcelona,131,2025,transfermarkt
646743,Javi Navarro,España,2004-02-24,,La Liga,Valencia CF,fc-valencia,1049,2025,transfermarkt
646824,Manuel Ángel,España,2004-03-15,Mediocentro,La Liga,Real Madrid CF,real-madrid,418,2025,transfermarkt
647435,Tyrhys Dolan,Inglaterra,2001-12-28,Extremo derecho,La Liga,RCD Espanyol,espanyol-barcelona,714,2025,transfermarkt
652331,Javi Rueda,España,2002-05-08,Lateral derecho,La Liga,RC Celta de Vigo,celta-vigo,940,2025,transfermarkt
657430,Samú Costa,Portugal,2000-11-27,Pivote,La Liga,RCD Mallorca,rcd-mallorca,237,2025,transfermarkt
658115,Abel Bretones,España,2000-08-21,Lateral izquierdo,La Liga,CA Osasuna,ca-osasuna,331,2025,transfermarkt
660438,Orri Óskarsson,Islandia,2004-08-29,Delantero centro,La Liga,Real Sociedad,real-sociedad-san-sebastian,681,2025,transfermarkt
660735,Federico Gattoni,Argentina,1999-02-16,Defensa central,La Liga,Sevilla FC,fc-sevilla,368,2025,transfermarkt
661145,Jon Aramburu,Venezuela,2002-07-23,Lateral derecho,La Liga,Real Sociedad,real-sociedad-san-sebastian,681,2025,transfermarkt
662261,Rafa Marín,España,2002-05-19,Defensa central,La Liga,Villarreal CF,fc-villarreal,1050,2025,transfermarkt
666547,Zito Luvumbo,Angola,2002-03-09,Extremo derecho,La Liga,RCD Mallorca,rcd-mallorca,237,2025,transfermarkt
668177,Javi Serrano,España,2003-01-16,,La Liga,Atlético de Madrid,atletico-madrid,13,2025,transfermarkt
668179,Carlos Álvarez,España,2003-08-06,Mediocentro ofensivo,La Liga,Levante UD,ud-levante,3368,2025,transfermarkt
668183,Nico Serrano,España,2003-03-05,Extremo izquierdo,La Liga,Athletic Club,athletic-bilbao,621,2025,transfermarkt
668212,Rubén Iranzo,España,2003-03-14,,La Liga,Valencia CF,fc-valencia,1049,2025,transfermarkt
668313,Aitor Fraga,España,2003-03-09,,La Liga,Real Sociedad,real-sociedad-san-sebastian,681,2025,transfermarkt
676042,Juanlu Sánchez,España,2003-08-15,Lateral derecho,La Liga,Sevilla FC,fc-sevilla,368,2025,transfermarkt
678406,Sergi Cardona,España,1999-07-08,Lateral izquierdo,La Liga,Villarreal CF,fc-villarreal,1050,2025,transfermarkt
683840,Pedri,España,2002-11-25,Mediocentro,La Liga,FC Barcelona,fc-barcelona,131,2025,transfermarkt
687609,Isaac Romero,España,2000-05-18,Delantero centro,La Liga,Sevilla FC,fc-sevilla,368,2025,transfermarkt
689505,Johnny Cardoso,Estados Unidos,2001-09-20,Mediocentro,La Liga,Atlético de Madrid,atletico-madrid,13,2025,transfermarkt
692070,Clemens Riedel,Alemania,2003-07-19,Defensa central,La Liga,RCD Espanyol,espanyol-barcelona,714,2025,transfermarkt
692207,Dani Cervera,España,2003-03-15,,La Liga,Levante UD,ud-levante,3368,2025,transfermarkt
692208,Pelayo Fernández,España,2003-04-29,,La Liga,Rayo Vallecano,rayo-vallecano,367,2025,transfermarkt
694509,Moussa Diarra,Malí,2000-11-10,,La Liga,Deportivo Alavés,deportivo-alaves,1108,2025,transfermarkt
696764,Abu Kamara,Inglaterra,2003-07-21,Extremo derecho,La Liga,Getafe CF,fc-getafe,3709,2025,transfermarkt
699233,Aleksa Puric,Serbia,2003-07-07,,La Liga,Atlético de Madrid,atletico-madrid,13,2025,transfermarkt
705259,Nil Torreguitart,España,2001-09-21,,La Liga,RCD Mallorca,rcd-mallorca,237,2025,transfermarkt
705395,Gerard Martín,España,2002-02-26,Defensa central,La Liga,FC Barcelona,fc-barcelona,131,2025,transfermarkt
705813,Rubén Sánchez,España,2001-02-04,Lateral derecho,La Liga,RCD Espanyol,espanyol-barcelona,714,2025,transfermarkt
705881,Mikel Serrano,España,2003-06-16,,La Liga,CA Osasuna,ca-osasuna,331,2025,transfermarkt
706138,Javi Llabrés,España,2002-09-11,Extremo izquierdo,La Liga,RCD Mallorca,rcd-mallorca,237,2025,transfermarkt
706947,Yago Santiago,España,2003-04-15,Extremo izquierdo,La Liga,Elche CF,fc-elche,1531,2025,transfermarkt
707230,Ugo Raghouber,Francia,2003-07-13,Pivote,La Liga,Levante UD,ud-levante,3368,2025,transfermarkt
707274,César Tárrega,España,2002-02-26,Defensa central,La Liga,Valencia CF,fc-valencia,1049,2025,transfermarkt
707279,Hugo González,España,2003-02-07,,La Liga,RC Celta de Vigo,celta-vigo,940,2025,transfermarkt
708370,Juanpe Gil,España,2001-05-05,,La Liga,Rayo Vallecano,rayo-vallecano,367,2025,transfermarkt
709187,Nico Williams,España,2002-07-12,Extremo izquierdo,La Liga,Athletic Club,athletic-bilbao,621,2025,transfermarkt
709215,Mikel Goti,España,2002-05-23,,La Liga,Real Sociedad,real-sociedad-san-sebastian,681,2025,transfermarkt
709336,Rubén Gómez,España,2002-01-24,,La Liga,Villarreal CF,fc-villarreal,1050,2025,transfermarkt
709372,Carlos Romero,España,2001-10-29,Lateral izquierdo,La Liga,RCD Espanyol,espanyol-barcelona,714,2025,transfermarkt
709380,Álex Forés,España,2001-04-12,Delantero centro,La Liga,Real Oviedo,real-oviedo,2497,2025,transfermarkt
709969,Ilias Akhomach,Marruecos,2004-04-16,,La Liga,Villarreal CF,fc-villarreal,1050,2025,transfermarkt
710004,Peter Federico,República Dominicana,2002-07-25,,La Liga,Getafe CF,fc-getafe,3709,2025,transfermarkt
710671,Adama Boiro,España,2002-06-22,Lateral izquierdo,La Liga,Athletic Club,athletic-bilbao,621,2025,transfermarkt
710677,Iker Muñoz,España,2002-09-05,Pivote,La Liga,CA Osasuna,ca-osasuna,331,2025,transfermarkt
710679,Iker Benito,España,2002-08-10,Extremo derecho,La Liga,CA Osasuna,ca-osasuna,331,2025,transfermarkt
711374,Jon Gorrotxategi,España,2002-02-02,Pivote,La Liga,Real Sociedad,real-sociedad-san-sebastian,681,2025,transfermarkt
711382,Jon Karrikaburu,España,2002-09-19,Delantero centro,La Liga,Real Sociedad,real-sociedad-san-sebastian,681,2025,transfermarkt
711625,José Ángel Carmona,España,2002-01-29,Lateral derecho,La Liga,Sevilla FC,fc-sevilla,368,2025,transfermarkt
712107,Luiz Júnior,Brasil,2001-01-14,Portero,La Liga,Villarreal CF,fc-villarreal,1050,2025,transfermarkt
713644,Bryan Zaragoza,España,2001-09-09,,La Liga,RC Celta de Vigo,celta-vigo,940,2025,transfermarkt
715628,Damián Rodríguez,España,2003-03-17,,La Liga,RC Celta de Vigo,celta-vigo,940,2025,transfermarkt
717952,Mario de Luis,España,2002-05-06,,La Liga,Atlético de Madrid,atletico-madrid,13,2025,transfermarkt
718034,Abde Rebbach,Argelia,1998-08-11,Extremo izquierdo,La Liga,Deportivo Alavés,deportivo-alaves,1108,2025,transfermarkt
718195,Ismael Sierra,España,2003-03-17,,La Liga,Villarreal CF,fc-villarreal,1050,2025,transfermarkt
719737,Álex Cardero,España,2003-08-25,,La Liga,Real Oviedo,real-oviedo,2497,2025,transfermarkt
719999,Andrés Castrín,España,2003-05-26,Defensa central,La Liga,Sevilla FC,fc-sevilla,368,2025,transfermarkt
720038,Pablo Torre,España,2003-04-03,Mediocentro ofensivo,La Liga,RCD Mallorca,rcd-mallorca,237,2025,transfermarkt
720518,Roberto Fernández,España,2002-07-03,Delantero centro,La Liga,RCD Espanyol,espanyol-barcelona,714,2025,transfermarkt
724520,Abde Ezzalzouli,Marruecos,2001-12-17,Extremo izquierdo,La Liga,Real Betis Balompié,real-betis-sevilla,150,2025,transfermarkt
729814,Georges Mikautadze,Georgia,2000-10-31,Delantero centro,La Liga,Villarreal CF,fc-villarreal,1050,2025,transfermarkt
733576,Alberto Moleiro,España,2003-09-30,Extremo izquierdo,La Liga,Villarreal CF,fc-villarreal,1050,2025,transfermarkt
735568,Natan,Brasil,2001-02-06,Defensa central,La Liga,Real Betis Balompié,real-betis-sevilla,150,2025,transfermarkt
735895,Lucas Laso,España,2003-01-04,,La Liga,Getafe CF,fc-getafe,3709,2025,transfermarkt
741142,Zaid Romero,Argentina,1999-12-15,Defensa central,La Liga,Getafe CF,fc-getafe,3709,2025,transfermarkt
741251,Vicent Abril,España,2005-02-15,,La Liga,Valencia CF,fc-valencia,1049,2025,transfermarkt
741253,Javier Boñar,España,2005-06-03,,La Liga,Atlético de Madrid,atletico-madrid,13,2025,transfermarkt
741289,Youssef Enríquez,Marruecos,2005-10-07,Lateral izquierdo,La Liga,Deportivo Alavés,deportivo-alaves,1108,2025,transfermarkt
741293,Pol Fortuny,España,2005-03-11,,La Liga,Real Madrid CF,real-madrid,418,2025,transfermarkt
742201,Giuliano Simeone,Argentina,2002-12-18,Extremo derecho,La Liga,Atlético de Madrid,atletico-madrid,13,2025,transfermarkt
742521,Jhon Solís,Colombia,2004-10-03,,La Liga,Girona FC,fc-girona,12321,2025,transfermarkt
743387,Stanis Idumbo,Bélgica,2005-06-29,,La Liga,Sevilla FC,fc-sevilla,368,2025,transfermarkt
743951,Thiago Borbas,Uruguay,2002-04-07,Delantero centro,La Liga,Real Oviedo,real-oviedo,2497,2025,transfermarkt
745461,Luca Koleosho,Italia,2004-09-15,,La Liga,RCD Espanyol,espanyol-barcelona,714,2025,transfermarkt
764859,Williot Swedberg,Suecia,2004-02-01,Extremo izquierdo,La Liga,RC Celta de Vigo,celta-vigo,940,2025,transfermarkt
765467,Jozhua Vertrouwd,Países Bajos,2004-08-21,Defensa central,La Liga,Rayo Vallecano,rayo-vallecano,367,2025,transfermarkt
766552,Alberto Flores,España,2003-11-10,,La Liga,Sevilla FC,fc-sevilla,368,2025,transfermarkt
766583,Kike Salas,España,2002-04-23,Defensa central,La Liga,Sevilla FC,fc-sevilla,368,2025,transfermarkt
766723,Manu Bueno,España,2004-07-27,Mediocentro,La Liga,Sevilla FC,fc-sevilla,368,2025,transfermarkt
775605,Pablo Barrios,España,2003-06-15,Mediocentro,La Liga,Atlético de Madrid,atletico-madrid,13,2025,transfermarkt
780630,Willy Kambwala,Francia,2004-08-25,Defensa central,La Liga,Villarreal CF,fc-villarreal,1050,2025,transfermarkt
783396,Ramón Terrats,España,2000-10-18,Mediocentro,La Liga,RCD Espanyol,espanyol-barcelona,714,2025,transfermarkt
785353,Pablo Ibáñez,España,1998-09-20,Mediocentro,La Liga,Deportivo Alavés,deportivo-alaves,1108,2025,transfermarkt
792331,Roony Bardghji,Suecia,2005-11-15,Extremo derecho,La Liga,FC Barcelona,fc-barcelona,131,2025,transfermarkt
798114,Calebe,Brasil,2000-04-30,Mediocentro ofensivo,La Liga,Deportivo Alavés,deportivo-alaves,1108,2025,transfermarkt
803003,Iker Muñoz,España,2004-01-05,,La Liga,Sevilla FC,fc-sevilla,368,2025,transfermarkt
804708,Brandon Dominguès,Francia,2000-06-06,Extremo izquierdo,La Liga,Real Oviedo,real-oviedo,2497,2025,transfermarkt
805714,Renato Veiga,Portugal,2003-07-29,Defensa central,La Liga,Villarreal CF,fc-villarreal,1050,2025,transfermarkt
811778,Álvaro Carreras,España,2003-03-23,Lateral izquierdo,La Liga,Real Madrid CF,real-madrid,418,2025,transfermarkt
819590,José Salinas,España,2000-09-30,Lateral izquierdo,La Liga,RCD Espanyol,espanyol-barcelona,714,2025,transfermarkt
822331,Omar El Hilali,Marruecos,2003-09-12,Lateral derecho,La Liga,RCD Espanyol,espanyol-barcelona,714,2025,transfermarkt
826224,Arnau Martínez,España,2003-04-25,Lateral derecho,La Liga,Girona FC,fc-girona,12321,2025,transfermarkt
833884,Rafa Romero,España,2003-08-07,,La Liga,Sevilla FC,fc-sevilla,368,2025,transfermarkt
834470,Dani Rodríguez,España,2005-08-09,,La Liga,FC Barcelona,fc-barcelona,131,2025,transfermarkt
834483,Álex Padilla,México,2003-09-01,Portero,La Liga,Athletic Club,athletic-bilbao,621,2025,transfermarkt
834485,Unai Egiluz,España,2002-03-19,Defensa central,La Liga,Athletic Club,athletic-bilbao,621,2025,transfermarkt
834486,Raúl Chasco,España,2003-09-13,,La Liga,CA Osasuna,ca-osasuna,331,2025,transfermarkt
834487,Hugo Rincón,España,2003-01-27,Lateral derecho,La Liga,Girona FC,fc-girona,12321,2025,transfermarkt
834488,Aimar Duñabeitia,España,2003-02-26,,La Liga,Athletic Club,athletic-bilbao,621,2025,transfermarkt
834491,Alejandro Rego,España,2003-06-11,Mediocentro,La Liga,Athletic Club,athletic-bilbao,621,2025,transfermarkt
834742,Mateo Joseph,España,2003-10-19,Delantero centro,La Liga,RCD Mallorca,rcd-mallorca,237,2025,transfermarkt
834744,Antoniu Roca,España,2002-09-05,Extremo derecho,La Liga,RCD Espanyol,espanyol-barcelona,714,2025,transfermarkt
834752,Unai Gómez,España,2003-05-25,Mediocentro ofensivo,La Liga,Athletic Club,athletic-bilbao,621,2025,transfermarkt
834764,Javi Guerra,España,2003-05-13,Mediocentro,La Liga,Valencia CF,fc-valencia,1049,2025,transfermarkt
844516,Luis Vázquez,Argentina,2001-04-24,Delantero centro,La Liga,Getafe CF,fc-getafe,3709,2025,transfermarkt
844637,Marc Pubill,España,2003-06-20,Defensa central,La Liga,Atlético de Madrid,atletico-madrid,13,2025,transfermarkt
845638,Damián Cáceres,España,2003-05-31,,La Liga,Getafe CF,fc-getafe,3709,2025,transfermarkt
854056,Marc Vilaplana,España,2003-01-20,,La Liga,Getafe CF,fc-getafe,3709,2025,transfermarkt
854158,Miguel Narváez,España,2002-04-29,,La Liga,Real Oviedo,real-oviedo,2497,2025,transfermarkt
857818,Yáser Asprilla,Colombia,2003-11-19,,La Liga,Girona FC,fc-girona,12321,2025,transfermarkt
857830,Daniel Luna,Colombia,2003-05-07,,La Liga,RCD Mallorca,rcd-mallorca,237,2025,transfermarkt
861410,Arda Güler,Turquía,2005-02-25,Mediocentro ofensivo,La Liga,Real Madrid CF,real-madrid,418,2025,transfermarkt
861981,Alan Matturro,Uruguay,2004-10-11,Defensa central,La Liga,Levante UD,ud-levante,3368,2025,transfermarkt
875306,Álvaro Leiva,España,2004-12-28,,La Liga,Real Madrid CF,real-madrid,418,2025,transfermarkt
882710,Ramón Martínez,España,2002-10-22,,La Liga,Sevilla FC,fc-sevilla,368,2025,transfermarkt
889435,Obed Vargas,México,2005-08-05,Mediocentro,La Liga,Atlético de Madrid,atletico-madrid,13,2025,transfermarkt
890290,Dean Huijsen,España,2005-04-14,Defensa central,La Liga,Real Madrid CF,real-madrid,418,2025,transfermarkt
890817,Dimitrios Stamatakis,Grecia,2003-04-23,,La Liga,CA Osasuna,ca-osasuna,331,2025,transfermarkt
891923,Dawda Camara,Mauritania,2002-11-04,,La Liga,Girona FC,fc-girona,12321,2025,transfermarkt
892221,Hugo Sotelo,España,2003-12-19,Mediocentro,La Liga,RC Celta de Vigo,celta-vigo,940,2025,transfermarkt
892929,Hugo Álvarez,España,2003-07-02,Extremo izquierdo,La Liga,RC Celta de Vigo,celta-vigo,940,2025,transfermarkt
892932,Miguel Román,España,2002-12-26,Mediocentro,La Liga,RC Celta de Vigo,celta-vigo,940,2025,transfermarkt
895326,Joel Roca,España,2005-06-07,Extremo izquierdo,La Liga,Girona FC,fc-girona,12321,2025,transfermarkt
895330,Salvi Esquivel,España,2005-09-30,,La Liga,Atlético de Madrid,atletico-madrid,13,2025,transfermarkt
895331,Dani Pérez,España,2005-07-26,,La Liga,Real Betis Balompié,real-betis-sevilla,150,2025,transfermarkt
895591,Lander Pinillos,España,2003-10-06,,La Liga,Deportivo Alavés,deportivo-alaves,1108,2025,transfermarkt
897016,Joan Ruiz,España,2003-02-11,,La Liga,Levante UD,ud-levante,3368,2025,transfermarkt
898352,Sebastián Boselli,Uruguay,2003-12-04,Defensa central,La Liga,Getafe CF,fc-getafe,3709,2025,transfermarkt
905015,Jon de Luis,España,2003-08-05,,La Liga,Athletic Club,athletic-bilbao,621,2025,transfermarkt
905997,Pablo Durán,España,2001-05-25,Delantero centro,La Liga,RC Celta de Vigo,celta-vigo,940,2025,transfermarkt
906025,Ricard Artero,España,2003-02-05,,La Liga,Girona FC,fc-girona,12321,2025,transfermarkt
907559,Nelson Deossa,Colombia,2000-02-06,Mediocentro,La Liga,Real Betis Balompié,real-betis-sevilla,150,2025,transfermarkt
907813,Pablo Marín,España,2003-07-03,Mediocentro ofensivo,La Liga,Real Sociedad,real-sociedad-san-sebastian,681,2025,transfermarkt
909758,Federico Redondo,Argentina,2003-01-18,Pivote,La Liga,Elche CF,fc-elche,1531,2025,transfermarkt
912392,Lucas Cepeda,Chile,2002-10-31,Extremo izquierdo,La Liga,Elche CF,fc-elche,1531,2025,transfermarkt
915258,Kazunari Kita,Japón,2005-09-16,,La Liga,Real Sociedad,real-sociedad-san-sebastian,681,2025,transfermarkt
921345,Tay Abed,Israel,2004-08-03,Extremo derecho,La Liga,Levante UD,ud-levante,3368,2025,transfermarkt
924610,Álvaro Cortés,España,2005-03-17,,La Liga,FC Barcelona,fc-barcelona,131,2025,transfermarkt
928726,Roberto Arroyo,España,2003-08-25,,La Liga,CA Osasuna,ca-osasuna,331,2025,transfermarkt
929864,Rafa Fernández,España,2004-05-02,,La Liga,CA Osasuna,ca-osasuna,331,2025,transfermarkt
929899,Rahim Alhassane,Níger,2002-01-01,Lateral izquierdo,La Liga,Real Oviedo,real-oviedo,2497,2025,transfermarkt
933908,Ángel Ortiz,España,2004-07-25,Lateral derecho,La Liga,Real Betis Balompié,real-betis-sevilla,150,2025,transfermarkt
935230,Gonzalo García,España,2004-03-24,Delantero centro,La Liga,Real Madrid CF,real-madrid,418,2025,transfermarkt
935231,Víctor Muñoz,España,2003-07-13,Extremo izquierdo,La Liga,CA Osasuna,ca-osasuna,331,2025,transfermarkt
935232,Aitor Mañas,España,2003-01-05,Delantero centro,La Liga,Deportivo Alavés,deportivo-alaves,1108,2025,transfermarkt
935245,Raúl Asencio,España,2003-02-13,Defensa central,La Liga,Real Madrid CF,real-madrid,418,2025,transfermarkt
935281,David Jiménez,España,2004-03-14,,La Liga,Real Madrid CF,real-madrid,418,2025,transfermarkt
935300,Piri,España,2003-07-10,,La Liga,Elche CF,fc-elche,1531,2025,transfermarkt
935486,Álvaro Moreno,España,2006-06-05,,La Liga,Atlético de Madrid,atletico-madrid,13,2025,transfermarkt
937942,Daniel Budesca,España,2006-05-27,,La Liga,Villarreal CF,fc-villarreal,1050,2025,transfermarkt
937945,Dani Díaz,España,2006-06-22,,La Liga,Real Sociedad,real-sociedad-san-sebastian,681,2025,transfermarkt
937950,Jesús Fortea,España,2007-03-26,,La Liga,Real Madrid CF,real-madrid,418,2025,transfermarkt
937955,Héctor Fort,España,2006-08-02,Lateral derecho,La Liga,Elche CF,fc-elche,1531,2025,transfermarkt
937958,Lamine Yamal,España,2007-07-13,Extremo derecho,La Liga,FC Barcelona,fc-barcelona,131,2025,transfermarkt
938144,Diego Kochen,Estados Unidos,2006-03-19,Portero,La Liga,FC Barcelona,fc-barcelona,131,2025,transfermarkt
938156,Tommy Marqués,España,2006-10-30,,La Liga,FC Barcelona,fc-barcelona,131,2025,transfermarkt
938729,Mikel Jauregizar,España,2003-11-13,Mediocentro,La Liga,Athletic Club,athletic-bilbao,621,2025,transfermarkt
938730,Ibon Sánchez,España,2004-03-08,,La Liga,Athletic Club,athletic-bilbao,621,2025,transfermarkt
939374,Yoel Lago,España,2004-03-25,Defensa central,La Liga,RC Celta de Vigo,celta-vigo,940,2025,transfermarkt
939445,Álex Primo,España,2004-07-10,Portero,La Liga,Levante UD,ud-levante,3368,2025,transfermarkt
940464,Manu Serrano,España,2004-03-20,,La Liga,Real Madrid CF,real-madrid,418,2025,transfermarkt
941080,Jon García,España,2003-01-28,,La Liga,CA Osasuna,ca-osasuna,331,2025,transfermarkt
941155,Xanet Oláiz,España,2005-07-18,,La Liga,Deportivo Alavés,deportivo-alaves,1108,2025,transfermarkt
941867,Mario Domínguez,España,2004-02-10,,La Liga,Valencia CF,fc-valencia,1049,2025,transfermarkt
945500,Rayane Belaid,España,2005-02-11,,La Liga,Atlético de Madrid,atletico-madrid,13,2025,transfermarkt
945753,Julio Díaz,España,2005-01-10,,La Liga,Atlético de Madrid,atletico-madrid,13,2025,transfermarkt
945760,Carlos Ballestero,España,2004-04-24,,La Liga,Deportivo Alavés,deportivo-alaves,1108,2025,transfermarkt
945763,Dani Martinez,España,2004-05-05,,La Liga,Atlético de Madrid,atletico-madrid,13,2025,transfermarkt
945767,Hugo Solozábal,España,2003-02-07,,La Liga,Getafe CF,fc-getafe,3709,2025,transfermarkt
946269,Alex Almansa,España,2003-11-08,,La Liga,RCD Espanyol,espanyol-barcelona,714,2025,transfermarkt
946279,Javi Hernández,España,2004-01-30,,La Liga,RCD Espanyol,espanyol-barcelona,714,2025,transfermarkt
947431,David López,España,2003-02-03,Defensa central,La Liga,RCD Mallorca,rcd-mallorca,237,2025,transfermarkt
948253,Rubén Montero,España,2005-08-28,,La Liga,Deportivo Alavés,deportivo-alaves,1108,2025,transfermarkt
948254,Marco de las Sías,España,2005-12-29,,La Liga,Rayo Vallecano,rayo-vallecano,367,2025,transfermarkt
948259,Daniel Mesonero,España,2005-09-03,,La Liga,Real Madrid CF,real-madrid,418,2025,transfermarkt
948272,César Palacios,España,2004-11-11,Mediocentro ofensivo,La Liga,Real Madrid CF,real-madrid,418,2025,transfermarkt
948273,Mario Martín,España,2004-03-05,Pivote,La Liga,Getafe CF,fc-getafe,3709,2025,transfermarkt
948275,Álvaro Rodríguez,Uruguay,2004-07-14,Delantero centro,La Liga,Elche CF,fc-elche,1531,2025,transfermarkt
953901,Santiago Mouriño,Uruguay,2002-02-13,Lateral derecho,La Liga,Villarreal CF,fc-villarreal,1050,2025,transfermarkt
960571,Jones El-Abdellaoui,Marruecos,2006-01-12,Extremo derecho,La Liga,RC Celta de Vigo,celta-vigo,940,2025,transfermarkt
961085,Óscar Marcos,España,2006-02-19,,La Liga,RC Celta de Vigo,celta-vigo,940,2025,transfermarkt
961087,Pablo García,España,2006-06-13,Extremo derecho,La Liga,Real Betis Balompié,real-betis-sevilla,150,2025,transfermarkt
961297,Rodrigo Mendoza,España,2005-03-15,Mediocentro,La Liga,Atlético de Madrid,atletico-madrid,13,2025,transfermarkt
961945,Félix Garreta,España,2004-04-21,,La Liga,Real Betis Balompié,real-betis-sevilla,150,2025,transfermarkt
962110,Pau Cubarsí,España,2007-01-22,Defensa central,La Liga,FC Barcelona,fc-barcelona,131,2025,transfermarkt
962118,Juan Hernández,España,2007-07-21,,La Liga,FC Barcelona,fc-barcelona,131,2025,transfermarkt
962120,Álvaro González,España,2007-04-09,,La Liga,Real Madrid CF,real-madrid,418,2025,transfermarkt
962124,Daniel Yáñez,España,2007-03-28,,La Liga,Real Madrid CF,real-madrid,418,2025,transfermarkt
962125,Buba Sangaré,España,2007-08-06,Lateral derecho,La Liga,Elche CF,fc-elche,1531,2025,transfermarkt
962145,Arkaitz Mariezkurrena,España,2005-04-05,,La Liga,Real Sociedad,real-sociedad-san-sebastian,681,2025,transfermarkt
964190,Luken Beitia,España,2004-06-30,,La Liga,Real Sociedad,real-sociedad-san-sebastian,681,2025,transfermarkt
964563,Joan Martínez,España,2007-08-20,,La Liga,Real Madrid CF,real-madrid,418,2025,transfermarkt
971570,Endrick,Brasil,2006-07-21,,La Liga,Real Madrid CF,real-madrid,418,2025,transfermarkt
972465,Tani Oluwaseyi,Canadá,2000-05-15,Delantero centro,La Liga,Villarreal CF,fc-villarreal,1050,2025,transfermarkt
972730,Mawuli Mensah,Ghana,2003-11-15,,La Liga,Real Betis Balompié,real-betis-sevilla,150,2025,transfermarkt
973314,Sergio Mestre,España,2005-02-13,,La Liga,Real Madrid CF,real-madrid,418,2025,transfermarkt
974251,Lass Kourouma,Guinea,2004-03-30,Mediocentro,La Liga,Girona FC,fc-girona,12321,2025,transfermarkt
979324,Eder García,España,2004-01-04,,La Liga,Athletic Club,athletic-bilbao,621,2025,transfermarkt
979325,Alex Lebarbier,Francia,2004-08-23,,La Liga,Real Sociedad,real-sociedad-san-sebastian,681,2025,transfermarkt
985383,Valentín Gómez,Argentina,2003-06-26,Defensa central,La Liga,Real Betis Balompié,real-betis-sevilla,150,2025,transfermarkt
985806,Alex Freeman,Estados Unidos,2004-08-09,Lateral derecho,La Liga,Villarreal CF,fc-villarreal,1050,2025,transfermarkt
994536,Claudio Echeverri,Argentina,2006-01-02,Mediocentro ofensivo,La Liga,Girona FC,fc-girona,12321,2025,transfermarkt
996418,Pablo Meixús,España,2003-05-21,,La Liga,RC Celta de Vigo,celta-vigo,940,2025,transfermarkt
1000135,Joselu Pérez,España,2004-03-12,,La Liga,Getafe CF,fc-getafe,3709,2025,transfermarkt
1000630,Pablo López,España,2006-03-27,,La Liga,Valencia CF,fc-valencia,1049,2025,transfermarkt
1005575,Vitor Reis,Brasil,2006-01-12,Defensa central,La Liga,Girona FC,fc-girona,12321,2025,transfermarkt
1007378,Wesley,Brasil,2005-03-05,Extremo izquierdo,La Liga,Real Sociedad,real-sociedad-san-sebastian,681,2025,transfermarkt
1009765,Jofre Torrents,España,2007-01-28,,La Liga,FC Barcelona,fc-barcelona,131,2025,transfermarkt
1009766,David Otorbi,España,2007-10-16,,La Liga,Valencia CF,fc-valencia,1049,2025,transfermarkt
1013810,Jorge Montes,España,2004-03-06,,La Liga,Getafe CF,fc-getafe,3709,2025,transfermarkt
1018912,Xavi Espart,España,2007-05-21,Lateral derecho,La Liga,FC Barcelona,fc-barcelona,131,2025,transfermarkt
1018920,Marc Bernal,España,2007-05-26,Pivote,La Liga,FC Barcelona,fc-barcelona,131,2025,transfermarkt
1018938,Jon Martín,España,2006-04-23,Defensa central,La Liga,Real Sociedad,real-sociedad-san-sebastian,681,2025,transfermarkt
1025582,Juan Arango,Venezuela,2006-06-27,,La Liga,Girona FC,fc-girona,12321,2025,transfermarkt
1032280,Oso,España,2003-07-09,Lateral izquierdo,La Liga,Sevilla FC,fc-sevilla,368,2025,transfermarkt
1033005,Coba da Costa,Guinea-Bissau,2002-07-26,,La Liga,Getafe CF,fc-getafe,3709,2025,transfermarkt
1034853,Nobel Mendy,Senegal,2004-09-03,Defensa central,La Liga,Rayo Vallecano,rayo-vallecano,367,2025,transfermarkt
1035156,Diego Morcillo,España,2003-06-18,,La Liga,Deportivo Alavés,deportivo-alaves,1108,2025,transfermarkt
1038133,Omar Falah,España,2003-09-09,,La Liga,Real Oviedo,real-oviedo,2497,2025,transfermarkt
1038182,Elijah Gift,España,2006-06-11,,La Liga,Athletic Club,athletic-bilbao,621,2025,transfermarkt
1038512,Asier Osambela,España,2004-10-30,Mediocentro,La Liga,CA Osasuna,ca-osasuna,331,2025,transfermarkt
1038950,Karl Etta Eyong,Camerún,2003-10-14,,La Liga,Villarreal CF,fc-villarreal,1050,2025,transfermarkt
1049278,Pablo Rosón,España,2005-06-12,,La Liga,Levante UD,ud-levante,3368,2025,transfermarkt
1050120,Guille Fernández,España,2008-06-18,,La Liga,FC Barcelona,fc-barcelona,131,2025,transfermarkt
1052283,Darling Bladi,Francia,2004-06-11,,La Liga,Real Betis Balompié,real-betis-sevilla,150,2025,transfermarkt
1054909,Pablo Busto,España,2005-09-25,,La Liga,Real Betis Balompié,real-betis-sevilla,150,2025,transfermarkt
1054934,Maroan Sannadi,Marruecos,2001-02-01,Delantero centro,La Liga,Athletic Club,athletic-bilbao,621,2025,transfermarkt
1055220,Fran González,España,2005-06-24,Portero,La Liga,Real Madrid CF,real-madrid,418,2025,transfermarkt
1055860,Iñaki Rupérez,España,2003-01-07,,La Liga,Real Sociedad,real-sociedad-san-sebastian,681,2025,transfermarkt
1056935,Edu Altozano,España,2006-10-17,,La Liga,Sevilla FC,fc-sevilla,368,2025,transfermarkt
1056956,Mikel Santos,España,2004-11-01,,La Liga,Athletic Club,athletic-bilbao,621,2025,transfermarkt
1056970,Asier Hierro,España,2005-05-06,,La Liga,Athletic Club,athletic-bilbao,621,2025,transfermarkt
1057001,Loren Luchino,Argentina,2006-03-20,,La Liga,Sevilla FC,fc-sevilla,368,2025,transfermarkt
1057316,Franco Mastantuono,Argentina,2007-08-14,Extremo derecho,La Liga,Real Madrid CF,real-madrid,418,2025,transfermarkt
1060647,Pol Arnau,España,2004-12-23,,La Liga,Girona FC,fc-girona,12321,2025,transfermarkt
1060650,Javi Sarasa,España,2005-07-22,,La Liga,Girona FC,fc-girona,12321,2025,transfermarkt
1060657,Juan Piera,España,2004-10-20,,La Liga,Elche CF,fc-elche,1531,2025,transfermarkt
1060658,Marc Jurado,España,2005-12-08,,La Liga,Valencia CF,fc-valencia,1049,2025,transfermarkt
1061122,Adrián Liso,España,2005-04-02,Extremo izquierdo,La Liga,Getafe CF,fc-getafe,3709,2025,transfermarkt
1061277,Germán García,España,2004-02-01,,La Liga,Real Betis Balompié,real-betis-sevilla,150,2025,transfermarkt
1061285,Rodrigo Marina,España,2006-07-28,,La Liga,Real Betis Balompié,real-betis-sevilla,150,2025,transfermarkt
1061336,Pau Navarro,España,2005-04-25,Defensa central,La Liga,Villarreal CF,fc-villarreal,1050,2025,transfermarkt
1063330,Cayetano Romero,España,2005-02-26,,La Liga,Levante UD,ud-levante,3368,2025,transfermarkt
1063331,Marcos Navarro,España,2004-05-30,,La Liga,Valencia CF,fc-valencia,1049,2025,transfermarkt
1063333,Jorge Cabello,España,2004-04-25,,La Liga,Levante UD,ud-levante,3368,2025,transfermarkt
1063338,Carlos Espí,España,2005-07-24,Delantero centro,La Liga,Levante UD,ud-levante,3368,2025,transfermarkt
1063340,Kareem Tunde,España,2005-08-19,Extremo derecho,La Liga,Levante UD,ud-levante,3368,2025,transfermarkt
1063553,Pau Cabanes,España,2005-02-17,,La Liga,Villarreal CF,fc-villarreal,1050,2025,transfermarkt
1063574,Jan Salas,España,2005-08-10,Mediocentro,La Liga,RCD Mallorca,rcd-mallorca,237,2025,transfermarkt
1063598,Gorka Carrera,España,2005-05-15,,La Liga,Real Sociedad,real-sociedad-san-sebastian,681,2025,transfermarkt
1063990,Grégoire Swiderski,Canadá,2005-10-05,,La Liga,Deportivo Alavés,deportivo-alaves,1108,2025,transfermarkt
1064105,Miguel Sierra,España,2004-07-14,Extremo derecho,La Liga,Sevilla FC,fc-sevilla,368,2025,transfermarkt
1064116,Paco Sanz,España,2004-11-15,,La Liga,Deportivo Alavés,deportivo-alaves,1108,2025,transfermarkt
1064391,Egoitz Muñoz,España,2004-04-14,,La Liga,Deportivo Alavés,deportivo-alaves,1108,2025,transfermarkt
1064403,Álvaro García,España,2005-09-15,,La Liga,Deportivo Alavés,deportivo-alaves,1108,2025,transfermarkt
1064465,Ángel Arcos,España,2006-04-18,,La Liga,RC Celta de Vigo,celta-vigo,940,2025,transfermarkt
1064471,Fer López,España,2004-05-24,Mediocentro ofensivo,La Liga,RC Celta de Vigo,celta-vigo,940,2025,transfermarkt
1064504,Nico Salvador,España,2005-08-30,,La Liga,Elche CF,fc-elche,1531,2025,transfermarkt
1064506,Adam Boayar,Marruecos,2005-10-13,Mediapunta,La Liga,Elche CF,fc-elche,1531,2025,transfermarkt
1064538,Ali Houary,Marruecos,2005-08-05,,La Liga,Elche CF,fc-elche,1531,2025,transfermarkt
1064543,Nordin Al Lal,Marruecos,2005-02-14,,La Liga,Elche CF,fc-elche,1531,2025,transfermarkt
1065440,Mauro Echegoyen,España,2005-03-03,,La Liga,CA Osasuna,ca-osasuna,331,2025,transfermarkt
1065442,Iñigo Arguibide,España,2005-04-19,Lateral derecho,La Liga,CA Osasuna,ca-osasuna,331,2025,transfermarkt
1065454,Unai Santos,España,2005-11-03,,La Liga,CA Osasuna,ca-osasuna,331,2025,transfermarkt
1065830,Adrián Fernández,España,2005-10-19,,La Liga,Real Oviedo,real-oviedo,2497,2025,transfermarkt
1065832,Marco Esteban,España,2006-03-01,,La Liga,Real Oviedo,real-oviedo,2497,2025,transfermarkt
1065836,Cheli Pereda,España,2005-07-05,,La Liga,Real Oviedo,real-oviedo,2497,2025,transfermarkt
1065837,Diego Menéndez,España,2005-04-27,,La Liga,Real Oviedo,real-oviedo,2497,2025,transfermarkt
1066202,Eder Aller,España,2007-04-04,,La Liga,FC Barcelona,fc-barcelona,131,2025,transfermarkt
1066206,Toni Fernández,España,2008-07-15,,La Liga,FC Barcelona,fc-barcelona,131,2025,transfermarkt
1071596,Dro Fernández,España,2008-01-12,,La Liga,FC Barcelona,fc-barcelona,131,2025,transfermarkt
1076815,Javi Rodríguez,España,2003-06-27,Defensa central,La Liga,RC Celta de Vigo,celta-vigo,940,2025,transfermarkt
1081496,Pablo Agudín,España,2007-11-08,Mediocentro ofensivo,La Liga,Real Oviedo,real-oviedo,2497,2025,transfermarkt
1094227,Diego Espinosa,España,2004-07-02,,La Liga,Real Oviedo,real-oviedo,2497,2025,transfermarkt
1101356,Lluc Castell,España,2006-09-19,,La Liga,RCD Espanyol,espanyol-barcelona,714,2025,transfermarkt
1101641,Justin Kalumba,Francia,2004-12-25,Extremo derecho,La Liga,RCD Mallorca,rcd-mallorca,237,2025,transfermarkt
1105075,Martín Krug,Panamá,2006-07-09,,La Liga,Levante UD,ud-levante,3368,2025,transfermarkt
1105810,Job Ochieng,Kenia,2003-01-17,,La Liga,Real Sociedad,real-sociedad-san-sebastian,681,2025,transfermarkt
1111831,Iván Corralejo,España,2007-05-01,,La Liga,Real Betis Balompié,real-betis-sevilla,150,2025,transfermarkt
1114187,Taufik Seidu,España,2008-01-20,,La Liga,Atlético de Madrid,atletico-madrid,13,2025,transfermarkt
1118201,Alejandro Mestanza,España,2004-12-07,,La Liga,Getafe CF,fc-getafe,3709,2025,transfermarkt
1118682,Pablo Felipe,España,2005-06-19,,La Liga,Elche CF,fc-elche,1531,2025,transfermarkt
1118685,Lamine Gueye,Senegal,2004-09-15,,La Liga,Real Oviedo,real-oviedo,2497,2025,transfermarkt
1120228,Endika Buján,España,2003-01-16,,La Liga,Athletic Club,athletic-bilbao,621,2025,transfermarkt
1122007,Mykyta Aleksandrov,Ucrania,2004-10-26,,La Liga,Getafe CF,fc-getafe,3709,2025,transfermarkt
1124005,Christantus Uche,Nigeria,2003-05-19,,La Liga,Getafe CF,fc-getafe,3709,2025,transfermarkt
1124051,Iker Monreal,España,2005-07-03,,La Liga,Athletic Club,athletic-bilbao,621,2025,transfermarkt
1124136,Ángel Pérez,España,2002-06-08,Extremo derecho,La Liga,Deportivo Alavés,deportivo-alaves,1108,2025,transfermarkt
1127730,Thiago Fernández,Argentina,2004-04-03,Extremo izquierdo,La Liga,Real Oviedo,real-oviedo,2497,2025,transfermarkt
1131898,Marcos González,España,2006-01-10,,La Liga,RC Celta de Vigo,celta-vigo,940,2025,transfermarkt
1132630,Mahamoud Barry,Malí,2006-06-11,,La Liga,Villarreal CF,fc-villarreal,1050,2025,transfermarkt
1135452,Jorge Benito,España,2006-06-06,,La Liga,Getafe CF,fc-getafe,3709,2025,transfermarkt
1135665,Aleksandar Andreev,Bulgaria,2006-03-25,,La Liga,Girona FC,fc-girona,12321,2025,transfermarkt
1141128,Llorenç Serred,España,2005-09-04,,La Liga,RCD Espanyol,espanyol-barcelona,714,2025,transfermarkt
1141157,Alejandro Panach,España,2006-01-18,,La Liga,Valencia CF,fc-valencia,1049,2025,transfermarkt
1144700,Matías Moreno,Argentina,2003-09-24,Defensa central,La Liga,Levante UD,ud-levante,3368,2025,transfermarkt
1154003,Adama Timera,Francia,2005-04-09,,La Liga,RCD Espanyol,espanyol-barcelona,714,2025,transfermarkt
1158985,Gerónimo Spina,Argentina,2005-02-09,,La Liga,Atlético de Madrid,atletico-madrid,13,2025,transfermarkt
1162017,Adrián Pérez,España,2006-10-25,,La Liga,Athletic Club,athletic-bilbao,621,2025,transfermarkt
1164330,Martin Pedroarena,España,2003-08-18,,La Liga,CA Osasuna,ca-osasuna,331,2025,transfermarkt
1164331,Ismael Bekhoucha,Marruecos,2004-11-20,Lateral derecho,La Liga,Getafe CF,fc-getafe,3709,2025,transfermarkt
1166534,Álex Costa,España,2003-01-12,,La Liga,Sevilla FC,fc-sevilla,368,2025,transfermarkt
1169436,Vladyslav Krapyvtsov,Ucrania,2005-06-25,Portero,La Liga,Girona FC,fc-girona,12321,2025,transfermarkt
1176512,Joselillo Gaitán,España,2007-02-25,,La Liga,Villarreal CF,fc-villarreal,1050,2025,transfermarkt
1178721,Rafel Bauzà,España,2005-01-30,,La Liga,RCD Espanyol,espanyol-barcelona,714,2025,transfermarkt
1178818,Theo Folgado,Francia,2005-01-27,,La Liga,Real Sociedad,real-sociedad-san-sebastian,681,2025,transfermarkt
1179482,Iker Luque,España,2005-06-05,,La Liga,Atlético de Madrid,atletico-madrid,13,2025,transfermarkt
1180809,Iliesse Salhi,Francia,2007-07-27,,La Liga,RCD Mallorca,rcd-mallorca,237,2025,transfermarkt
1183198,Bema Sina,Ghana,2003-04-07,,La Liga,Elche CF,fc-elche,1531,2025,transfermarkt
1184096,Antonio Salguero,España,2005-06-11,,La Liga,Girona FC,fc-girona,12321,2025,transfermarkt
1184137,Yassin Tallal,Marruecos,2005-03-03,,La Liga,Getafe CF,fc-getafe,3709,2025,transfermarkt
1186235,Jorge Cestero,España,2006-03-24,Mediocentro,La Liga,Real Madrid CF,real-madrid,418,2025,transfermarkt
1186240,Antonio Martínez,España,2006-04-09,,La Liga,Elche CF,fc-elche,1531,2025,transfermarkt
1186244,Álex Sánchez,España,2006-03-05,,La Liga,Elche CF,fc-elche,1531,2025,transfermarkt
1186245,Víctor Valdepeñas,España,2006-10-20,,La Liga,Real Madrid CF,real-madrid,418,2025,transfermarkt
1189292,Ander Izagirre,España,2003-06-28,,La Liga,Athletic Club,athletic-bilbao,621,2025,transfermarkt
1196497,Albert Niculăesei,Rumania,2008-03-26,,La Liga,Elche CF,fc-elche,1531,2025,transfermarkt
1200328,Lucas Núñez,España,2006-03-18,,La Liga,Valencia CF,fc-valencia,1049,2025,transfermarkt
1201529,Lander Astiazaran,España,2006-04-07,,La Liga,Real Sociedad,real-sociedad-san-sebastian,681,2025,transfermarkt
1201530,Alex Marchal,España,2007-09-17,,La Liga,Real Sociedad,real-sociedad-san-sebastian,681,2025,transfermarkt
1204959,Roger Hinojo,España,2005-02-21,,La Liga,RCD Espanyol,espanyol-barcelona,714,2025,transfermarkt
1208520,Diego Aguado,España,2007-02-07,,La Liga,Real Madrid CF,real-madrid,418,2025,transfermarkt
1209287,Jano Monserrate,España,2006-01-28,,La Liga,Atlético de Madrid,atletico-madrid,13,2025,transfermarkt
1225038,Manu González,España,2007-04-18,,La Liga,Real Betis Balompié,real-betis-sevilla,150,2025,transfermarkt
1232057,Paco Cortés,España,2007-08-11,Extremo izquierdo,La Liga,Levante UD,ud-levante,3368,2025,transfermarkt
1236856,Nico Guillén,España,2008-01-30,,La Liga,Sevilla FC,fc-sevilla,368,2025,transfermarkt
1249340,Alassane Diatta,Senegal,2005-05-14,,La Liga,Villarreal CF,fc-villarreal,1050,2025,transfermarkt
1250522,Javi Morcillo,España,2006-03-15,,La Liga,Atlético de Madrid,atletico-madrid,13,2025,transfermarkt
1254170,Ferran Gómez,España,2006-03-23,,La Liga,RCD Espanyol,espanyol-barcelona,714,2025,transfermarkt
1254646,Aimar Blázquez,España,2006-03-19,,La Liga,Valencia CF,fc-valencia,1049,2025,transfermarkt
1255616,Alberto Risco,España,2005-08-30,,La Liga,Getafe CF,fc-getafe,3709,2025,transfermarkt
1258838,José Ángel López,España,2006-03-24,,La Liga,RCD Espanyol,espanyol-barcelona,714,2025,transfermarkt
1262787,Hugo Burcio,España,2006-10-31,,La Liga,RC Celta de Vigo,celta-vigo,940,2025,transfermarkt
1268764,Davinchi,España,2007-10-16,Lateral izquierdo,La Liga,Getafe CF,fc-getafe,3709,2025,transfermarkt
1283968,Tomy Carbonell,España,2005-02-23,,La Liga,Real Sociedad,real-sociedad-san-sebastian,681,2025,transfermarkt
1293040,Andrés Antañón,España,2007-01-22,,La Liga,RC Celta de Vigo,celta-vigo,940,2025,transfermarkt
1294868,Alberto Cordero,España,2005-02-04,,La Liga,Getafe CF,fc-getafe,3709,2025,transfermarkt
1296876,Marc Domènech,España,2006-12-01,,La Liga,RCD Mallorca,rcd-mallorca,237,2025,transfermarkt
1298885,Diego Ferrer,España,2007-04-17,,La Liga,Getafe CF,fc-getafe,3709,2025,transfermarkt
1301775,Jan Virgili,España,2006-07-26,Extremo izquierdo,La Liga,RCD Mallorca,rcd-mallorca,237,2025,transfermarkt
1305564,Jean Ives Valou,Costa de Marfil,2005-12-22,,La Liga,Villarreal CF,fc-villarreal,1050,2025,transfermarkt
1307658,Carlos de Roa,España,2007-07-10,,La Liga,Real Betis Balompié,real-betis-sevilla,150,2025,transfermarkt
1309820,Cesc Riba,España,2006-07-14,,La Liga,RCD Mallorca,rcd-mallorca,237,2025,transfermarkt
1310047,Miguel Londoño,España,2007-08-11,,La Liga,RCD Espanyol,espanyol-barcelona,714,2025,transfermarkt
1312698,Selton Sánchez,España,2007-02-20,Mediocentro,La Liga,Athletic Club,athletic-bilbao,621,2025,transfermarkt
1313717,Adrián Riquelme,España,2006-02-27,,La Liga,Getafe CF,fc-getafe,3709,2025,transfermarkt
1319444,Gibert Jordana,España,2007-02-26,,La Liga,Girona FC,fc-girona,12321,2025,transfermarkt
1319952,Sergio Esteban,España,2007-03-20,,La Liga,Atlético de Madrid,atletico-madrid,13,2025,transfermarkt
1321412,Jandro García,España,2006-02-23,,La Liga,RCD Mallorca,rcd-mallorca,237,2025,transfermarkt
1322790,Adrián Molina,España,2005-07-22,,La Liga,Rayo Vallecano,rayo-vallecano,367,2025,transfermarkt
1328089,Javi Navarro,España,2007-01-25,,La Liga,Real Madrid CF,real-madrid,418,2025,transfermarkt
1331450,Hugo López,España,2007-03-04,Extremo izquierdo,La Liga,Villarreal CF,fc-villarreal,1050,2025,transfermarkt
1335870,José Antonio Morante,España,2007-06-28,,La Liga,Real Betis Balompié,real-betis-sevilla,150,2025,transfermarkt
1337084,Papa Ba,Senegal,2004-04-19,,La Liga,Girona FC,fc-girona,12321,2025,transfermarkt
1353687,Joel Fontanet,España,2006-02-27,,La Liga,Valencia CF,fc-valencia,1049,2025,transfermarkt
1354775,Ibai Aguirre,España,2007-01-10,,La Liga,Real Sociedad,real-sociedad-san-sebastian,681,2025,transfermarkt
1364996,Rubén Muñoz de Morales,España,2007-03-21,,La Liga,Valencia CF,fc-valencia,1049,2025,transfermarkt
1365849,Lamini Fati,España,2006-04-21,,La Liga,Real Madrid CF,real-madrid,418,2025,transfermarkt
1371830,Nacho Pérez,España,2008-08-29,Lateral derecho,La Liga,Levante UD,ud-levante,3368,2025,transfermarkt
1375227,Thiago Pitarch,España,2007-08-03,Mediocentro,La Liga,Real Madrid CF,real-madrid,418,2025,transfermarkt
1384902,Sergio Lozano,España,2006-03-30,,La Liga,Rayo Vallecano,rayo-vallecano,367,2025,transfermarkt
1384911,Samu Becerra,España,2006-06-01,Mediocentro,La Liga,Rayo Vallecano,rayo-vallecano,367,2025,transfermarkt
1385448,Javier Olaizola,España,2007-03-15,,La Liga,RCD Mallorca,rcd-mallorca,237,2025,transfermarkt
1388066,Rareș Vlad,Rumania,2006-01-06,,La Liga,RCD Mallorca,rcd-mallorca,237,2025,transfermarkt
1393997,Miguel Calatayud,España,2006-04-26,,La Liga,RCD Mallorca,rcd-mallorca,237,2025,transfermarkt
1427912,Izei Hernández,España,2007-02-02,,La Liga,Deportivo Alavés,deportivo-alaves,1108,2025,transfermarkt
1429733,Marco Román,España,2006-05-03,,La Liga,Rayo Vallecano,rayo-vallecano,367,2025,transfermarkt
1453065,Miguel Cubo,,,,La Liga,Atlético de Madrid,atletico-madrid,13,2025,transfermarkt
1453066,Carlos Macià,España,2008-09-01,Mediocentro,La Liga,Villarreal CF,fc-villarreal,1050,2025,transfermarkt
1456236,David Delgado,España,2008-02-03,,La Liga,Elche CF,fc-elche,1531,2025,transfermarkt
1460495,Aly Kall Doumbia,España,2007-11-06,,La Liga,CA Osasuna,ca-osasuna,331,2025,transfermarkt
1476968,Huseini Nakoha,Ghana,2006-09-13,,La Liga,Levante UD,ud-levante,3368,2025,transfermarkt
1483854,Alex Herráiz,España,2008-08-31,,La Liga,Elche CF,fc-elche,1531,2025,transfermarkt
1487239,Luis Orejuela,España,2007-08-11,,La Liga,RCD Mallorca,rcd-mallorca,237,2025,transfermarkt
1515724,Aaron Mayol,España,2008-03-03,,La Liga,Valencia CF,fc-valencia,1049,2025,transfermarkt
1526308,Leo Sánchez,Cuba,2006-11-27,,La Liga,RCD Mallorca,rcd-mallorca,237,2025,transfermarkt
