id_sofascore,canonical_name,team_id_ss,team_name,competition,season,source
770.0,Gerard Piqué,,,La Liga,2021_2022,sofascore
1749.0,Joaquín,,,La Liga,2021_2022,sofascore
3041.0,Raúl Albiol,,,La Liga,2021_2022,sofascore
3306.0,Karim Benzema,,,La Liga,2021_2022,sofascore
4419.0,Dani Alves,,,La Liga,2021_2022,sofascore
4581.0,Raúl García,,,La Liga,2021_2022,sofascore
4697.0,Diego López,2814.0,Espanyol,La Liga,2021_2022,sofascore
7635.0,Ivan Rakitić,,,La Liga,2021_2022,sofascore
9645.0,Antonio Barragán,,,La Liga,2021_2022,sofascore
11781.0,David Silva,,,La Liga,2021_2022,sofascore
11869.0,Jesús Navas,,,La Liga,2021_2022,sofascore
13208.0,Roberto Soldado,,,La Liga,2021_2022,sofascore
13249.0,Claudio Bravo,2816.0,Real Betis,La Liga,2021_2022,sofascore
14046.0,Mario Suárez,,,La Liga,2021_2022,sofascore
14942.0,Andrés Guardado,,,La Liga,2021_2022,sofascore
15354.0,Gareth Bale,,,La Liga,2021_2022,sofascore
15466.0,Luka Modrić,,,La Liga,2021_2022,sofascore
16701.0,Étienne Capoue,,,La Liga,2021_2022,sofascore
16943.0,Luis Suárez,,,La Liga,2021_2022,sofascore
17094.0,Sergio Agüero,,,La Liga,2021_2022,sofascore
17787.0,Marcelo,,,La Liga,2021_2022,sofascore
18184.0,Kiko Casilla,2846.0,Elche,La Liga,2021_2022,sofascore
19356.0,Iago Aspas,,,La Liga,2021_2022,sofascore
21949.0,Óscar Trejo,,,La Liga,2021_2022,sofascore
22141.0,Oier,,,La Liga,2021_2022,sofascore
25682.0,Radamel Falcao,,,La Liga,2021_2022,sofascore
26502.0,Toni Kroos,,,La Liga,2021_2022,sofascore
27583.0,Eden Hazard,,,La Liga,2021_2022,sofascore
27838.0,Álvaro Negredo,,,La Liga,2021_2022,sofascore
28186.0,Martín Cáceres,2849.0,Levante UD,La Liga,2021_2022,sofascore
31517.0,Ángel Montoro,,,La Liga,2021_2022,sofascore
32185.0,Oier Olazábal,2814.0,Espanyol,La Liga,2021_2022,sofascore
32606.0,Fran Mérida,,,La Liga,2021_2022,sofascore
32690.0,Vicente Iborra,,,La Liga,2021_2022,sofascore
33381.0,Papu Gómez,,,La Liga,2021_2022,sofascore
33959.0,Pablo Piatti,,,La Liga,2021_2022,sofascore
34265.0,Manolo Reina,,,La Liga,2021_2022,sofascore
35199.0,Jordi Alba,,,La Liga,2021_2022,sofascore
35219.0,Daniel Wass,,,La Liga,2021_2022,sofascore
36982.0,Damián Suárez,,,La Liga,2021_2022,sofascore
37191.0,John Guidetti,,,La Liga,2021_2022,sofascore
37318.0,Ante Budimir,,,La Liga,2021_2022,sofascore
39009.0,Clément Grenier,,,La Liga,2021_2022,sofascore
39182.0,Dani Parejo,,,La Liga,2021_2022,sofascore
39433.0,Sergio Busquets,,,La Liga,2021_2022,sofascore
40672.0,Francis Coquelin,,,La Liga,2021_2022,sofascore
40878.0,Luuk de Jong,,,La Liga,2021_2022,sofascore
40984.0,Juan Cala,,,La Liga,2021_2022,sofascore
41011.0,Sergio Asenjo,2819.0,Villarreal,La Liga,2021_2022,sofascore
41013.0,Aridane Hernández,,,La Liga,2021_2022,sofascore
41218.0,Aleix Vidal,,,La Liga,2021_2022,sofascore
41560.0,Sergio Canales,,,La Liga,2021_2022,sofascore
41668.0,Coke,,,La Liga,2021_2022,sofascore
41837.0,Fernando,,,La Liga,2021_2022,sofascore
41963.0,Mikel Balenziaga,,,La Liga,2021_2022,sofascore
44577.0,Jaume Costa,,,La Liga,2021_2022,sofascore
46125.0,José Ángel,,,La Liga,2021_2022,sofascore
47625.0,David Timor,,,La Liga,2021_2022,sofascore
48751.0,Mario Gaspar,,,La Liga,2021_2022,sofascore
50730.0,Lago Júnior,,,La Liga,2021_2022,sofascore
51498.0,Pierre-Emerick Aubameyang,,,La Liga,2021_2022,sofascore
52093.0,Ángel Rodríguez,,,La Liga,2021_2022,sofascore
52125.0,Alberto Perea,,,La Liga,2021_2022,sofascore
52663.0,Óscar de Marcos,,,La Liga,2021_2022,sofascore
66471.0,Martin Braithwaite,,,La Liga,2021_2022,sofascore
66477.0,Thomas Delaney,,,La Liga,2021_2022,sofascore
66492.0,David Alaba,,,La Liga,2021_2022,sofascore
67608.0,Varazdat Haroyan,,,La Liga,2021_2022,sofascore
67739.0,Nikola Vukčević,,,La Liga,2021_2022,sofascore
68332.0,Nemanja Gudelj,,,La Liga,2021_2022,sofascore
69256.0,Kieran Trippier,,,La Liga,2021_2022,sofascore
69404.0,Nacho Fernández,,,La Liga,2021_2022,sofascore
69418.0,Joselu,,,La Liga,2021_2022,sofascore
69768.0,Jan Oblak,,,La Liga,2021_2022,sofascore
70630.0,Šime Vrsaljko,,,La Liga,2021_2022,sofascore
70988.0,Thibaut Courtois,2829.0,Real Madrid,La Liga,2021_2022,sofascore
71707.0,Iker Muniain,,,La Liga,2021_2022,sofascore
76265.0,Stefan Savić,,,La Liga,2021_2022,sofascore
79853.0,Javier Pastore,,,La Liga,2021_2022,sofascore
81992.0,Leandro Cabrera,,,La Liga,2021_2022,sofascore
82400.0,Víctor Ruiz,,,La Liga,2021_2022,sofascore
82401.0,Dídac Vila,2814.0,Espanyol,La Liga,2021_2022,sofascore
82555.0,Maxime Gonalons,,,La Liga,2021_2022,sofascore
83506.0,Hugo Mallo,,,La Liga,2021_2022,sofascore
83618.0,Jorge Molina,,,La Liga,2021_2022,sofascore
83864.0,Salva Sevilla,,,La Liga,2021_2022,sofascore
84298.0,Víctor Laguardia,,,La Liga,2021_2022,sofascore
84531.0,Yuri Berchiche,,,La Liga,2021_2022,sofascore
84539.0,Koke,,,La Liga,2021_2022,sofascore
84972.0,Kike García,,,La Liga,2021_2022,sofascore
85859.0,Antoine Griezmann,,,La Liga,2021_2022,sofascore
88528.0,Florian Lejeune,,,La Liga,2021_2022,sofascore
88625.0,Marc-André Ter Stegen,2817.0,FC Barcelona,La Liga,2021_2022,sofascore
88859.0,Sergio Escudero,,,La Liga,2021_2022,sofascore
89894.0,Shkodran Mustafi,,,La Liga,2021_2022,sofascore
94527.0,Marko Dmitrović,2833.0,Sevilla,La Liga,2021_2022,sofascore
94539.0,Darko Brašanac,,,La Liga,2021_2022,sofascore
96363.0,Jonas Ramalho,,,La Liga,2021_2022,sofascore
96365.0,Iñigo Ruiz de Galarreta,,,La Liga,2021_2022,sofascore
96366.0,Paco Alcácer,,,La Liga,2021_2022,sofascore
96367.0,Rafinha Alcântara,,,La Liga,2021_2022,sofascore
96369.0,Juanmi,,,La Liga,2021_2022,sofascore
96370.0,Suso,,,La Liga,2021_2022,sofascore
96373.0,José Campaña,,,La Liga,2021_2022,sofascore
96544.0,Geoffrey Kondogbia,,,La Liga,2021_2022,sofascore
96547.0,Samuel Umtiti,2817.0,FC Barcelona,La Liga,2021_2022,sofascore
97951.0,Stole Dimitrievski,2818.0,Rayo Vallecano,La Liga,2021_2022,sofascore
97967.0,Okay Yokuşlu,,,La Liga,2021_2022,sofascore
99104.0,Iñigo Pérez,,,La Liga,2021_2022,sofascore
99516.0,Aitor Fernández,2849.0,Levante UD,La Liga,2021_2022,sofascore
99517.0,Martín Montoya,,,La Liga,2021_2022,sofascore
99519.0,Marc Bartra,,,La Liga,2021_2022,sofascore
101156.0,Nikola Maraš,,,La Liga,2021_2022,sofascore
103417.0,Isco,,,La Liga,2021_2022,sofascore
105697.0,Serge Aurier,,,La Liga,2021_2022,sofascore
105971.0,Enzo Roco,,,La Liga,2021_2022,sofascore
106572.0,Carlos Bacca,,,La Liga,2021_2022,sofascore
106726.0,Tomás Pina,,,La Liga,2021_2022,sofascore
107128.0,Lucas Pérez,,,La Liga,2021_2022,sofascore
108736.0,Stefan Mitrović,,,La Liga,2021_2022,sofascore
110783.0,Sergi Darder,,,La Liga,2021_2022,sofascore
111803.0,Youssouf Sabaly,,,La Liga,2021_2022,sofascore
113593.0,Asier Illarramendi,2824.0,Real Sociedad,La Liga,2021_2022,sofascore
114155.0,Rubén Rochina,,,La Liga,2021_2022,sofascore
114157.0,Cristian Tello,,,La Liga,2021_2022,sofascore
116607.0,Fidel,,,La Liga,2021_2022,sofascore
116955.0,Saúl Ñíguez,,,La Liga,2021_2022,sofascore
119159.0,Philippe Coutinho,,,La Liga,2021_2022,sofascore
122630.0,Darío Benedetto,,,La Liga,2021_2022,sofascore
122634.0,Iván Marcone,,,La Liga,2021_2022,sofascore
122702.0,Erik Lamela,,,La Liga,2021_2022,sofascore
122810.0,Aïssa Mandi,,,La Liga,2021_2022,sofascore
122951.0,Casemiro,,,La Liga,2021_2022,sofascore
123207.0,Benjamin Lecomte,2836.0,Atlético Madrid,La Liga,2021_2022,sofascore
123223.0,Willian José,,,La Liga,2021_2022,sofascore
123865.0,Jasper Cillessen,2828.0,Valencia,La Liga,2021_2022,sofascore
123906.0,Jesús Corona,,,La Liga,2021_2022,sofascore
123976.0,Sergi Roberto,,,La Liga,2021_2022,sofascore
123977.0,Nolito,,,La Liga,2021_2022,sofascore
124737.0,Gabriel Paulista,,,La Liga,2021_2022,sofascore
124950.0,Bebé,,,La Liga,2021_2022,sofascore
125625.0,Sergi Gómez,,,La Liga,2021_2022,sofascore
127585.0,Néstor Araujo,,,La Liga,2021_2022,sofascore
128383.0,Gerónimo Rulli,2819.0,Villarreal,La Liga,2021_2022,sofascore
128637.0,Allan Nyom,2859.0,Getafe,La Liga,2021_2022,sofascore
129452.0,Vitolo,,,La Liga,2021_2022,sofascore
135116.0,David López,,,La Liga,2021_2022,sofascore
137978.0,William Carvalho,,,La Liga,2021_2022,sofascore
138381.0,Álvaro Vadillo,2814.0,Espanyol,La Liga,2021_2022,sofascore
138383.0,Denis Suárez,,,La Liga,2021_2022,sofascore
138387.0,Raúl de Tomás,,,La Liga,2021_2022,sofascore
138546.0,Ludwig Augustinsson,,,La Liga,2021_2022,sofascore
138572.0,Dani Carvajal,,,La Liga,2021_2022,sofascore
138827.0,Karim Rekik,,,La Liga,2021_2022,sofascore
138833.0,Memphis Depay,,,La Liga,2021_2022,sofascore
138891.0,Hélder Costa,,,La Liga,2021_2022,sofascore
141525.0,Germán Sánchez,,,La Liga,2021_2022,sofascore
141655.0,Víctor Díaz,,,La Liga,2021_2022,sofascore
141832.0,Pedro Bigas,,,La Liga,2021_2022,sofascore
141945.0,Sergi Guardiola,,,La Liga,2021_2022,sofascore
141997.0,José Mari,,,La Liga,2021_2022,sofascore
143061.0,Cristiano Piccini,,,La Liga,2021_2022,sofascore
144501.0,Fernando Pacheco,2885.0,Deportivo Alavés,La Liga,2021_2022,sofascore
146852.0,Abdón Prats,,,La Liga,2021_2022,sofascore
146866.0,Gerard Moreno,,,La Liga,2021_2022,sofascore
148588.0,Álex Fernández,,,La Liga,2021_2022,sofascore
149370.0,Moi Gómez,,,La Liga,2021_2022,sofascore
149659.0,Tonny Vilhena,,,La Liga,2021_2022,sofascore
150864.0,Ximo Navarro,,,La Liga,2021_2022,sofascore
150910.0,Gonzalo Verdú,,,La Liga,2021_2022,sofascore
151138.0,Dimitri Foulquier,,,La Liga,2021_2022,sofascore
152446.0,Iván Balliu,,,La Liga,2021_2022,sofascore
153966.0,Manu Trigueros,,,La Liga,2021_2022,sofascore
155702.0,Lucas Ocampos,,,La Liga,2021_2022,sofascore
155711.0,Jonathan Silva,,,La Liga,2021_2022,sofascore
156401.0,Óscar Duarte,,,La Liga,2021_2022,sofascore
156640.0,Jens Jønsson,,,La Liga,2021_2022,sofascore
158241.0,Germán Pezzella,,,La Liga,2021_2022,sofascore
158257.0,Rodrigo Battaglia,,,La Liga,2021_2022,sofascore
158583.0,Santiago Arias,,,La Liga,2021_2022,sofascore
158599.0,Jeison Murillo,,,La Liga,2021_2022,sofascore
165677.0,Thiago Galhardo,,,La Liga,2021_2022,sofascore
167855.0,Denis Cheryshev,,,La Liga,2021_2022,sofascore
169549.0,Choco Lozano,,,La Liga,2021_2022,sofascore
173883.0,Iñigo Martínez,,,La Liga,2021_2022,sofascore
174519.0,Guido Carrillo,,,La Liga,2021_2022,sofascore
175139.0,Jorge Miramón,,,La Liga,2021_2022,sofascore
175185.0,Pere Milla,,,La Liga,2021_2022,sofascore
175415.0,Edgar Méndez,,,La Liga,2021_2022,sofascore
175753.0,Mariano Díaz,,,La Liga,2021_2022,sofascore
182001.0,Yannick Carrasco,,,La Liga,2021_2022,sofascore
187313.0,Lucas Torró,,,La Liga,2021_2022,sofascore
188365.0,Héctor Bellerín,,,La Liga,2021_2022,sofascore
188407.0,Sandro Ramírez,,,La Liga,2021_2022,sofascore
191176.0,Anthony Martial,,,La Liga,2021_2022,sofascore
191182.0,Thomas Lemar,,,La Liga,2021_2022,sofascore
192430.0,Carlos Clerc,,,La Liga,2021_2022,sofascore
194446.0,Nemanja Radoja,,,La Liga,2021_2022,sofascore
204790.0,Héctor Herrera,,,La Liga,2021_2022,sofascore
211122.0,Roberto Torres,,,La Liga,2021_2022,sofascore
212074.0,Roger Martí,,,La Liga,2021_2022,sofascore
217384.0,Sergio Postigo,,,La Liga,2021_2022,sofascore
218616.0,Portu,,,La Liga,2021_2022,sofascore
223232.0,Wu Lei,,,La Liga,2021_2022,sofascore
227922.0,José Luis Gayà,,,La Liga,2021_2022,sofascore
229740.0,Alberto Moreno,,,La Liga,2021_2022,sofascore
231776.0,Óliver Torres,,,La Liga,2021_2022,sofascore
233180.0,Rúben Vezo,,,La Liga,2021_2022,sofascore
234232.0,Kévin Rodrigues,,,La Liga,2021_2022,sofascore
235386.0,Jaume Doménech,2828.0,Valencia,La Liga,2021_2022,sofascore
235444.0,Florin Andone,,,La Liga,2021_2022,sofascore
242211.0,Felipe,,,La Liga,2021_2022,sofascore
249393.0,Esteban Saveljich,,,La Liga,2021_2022,sofascore
249399.0,Rodrigo De Paul,,,La Liga,2021_2022,sofascore
252863.0,Darwin Machís,,,La Liga,2021_2022,sofascore
253415.0,Rubén Duarte,,,La Liga,2021_2022,sofascore
253809.0,Rui Silva,2816.0,Real Betis,La Liga,2021_2022,sofascore
255239.0,Lucas Vázquez,,,La Liga,2021_2022,sofascore
255241.0,Quini,,,La Liga,2021_2022,sofascore
255973.0,Rubén Peña,,,La Liga,2021_2022,sofascore
255999.0,Omar Mascarell,,,La Liga,2021_2022,sofascore
258913.0,Marcos Mauro,4488.0,Cádiz,La Liga,2021_2022,sofascore
259339.0,Rubén Alcaraz,,,La Liga,2021_2022,sofascore
260031.0,Rubén García,,,La Liga,2021_2022,sofascore
260097.0,Luis Hernández,,,La Liga,2021_2022,sofascore
263505.0,Pere Pons,,,La Liga,2021_2022,sofascore
267863.0,Ander Capa,,,La Liga,2021_2022,sofascore
280979.0,Gonçalo Guedes,,,La Liga,2021_2022,sofascore
284179.0,Carlos Akapo,,,La Liga,2021_2022,sofascore
286165.0,Adama Traoré,,,La Liga,2021_2022,sofascore
286167.0,Aleix Febas,2826.0,Mallorca,La Liga,2021_2022,sofascore
291279.0,Augusto Solari,,,La Liga,2021_2022,sofascore
294377.0,Sergio Herrera,2820.0,Osasuna,La Liga,2021_2022,sofascore
294593.0,Álex Moreno,,,La Liga,2021_2022,sofascore
298920.0,Dani García,,,La Liga,2021_2022,sofascore
300522.0,Martin Valjent,,,La Liga,2021_2022,sofascore
306498.0,Santi Mina,,,La Liga,2021_2022,sofascore
307702.0,Djené,,,La Liga,2021_2022,sofascore
309078.0,Alexander Sørloth,,,La Liga,2021_2022,sofascore
310874.0,Vedat Muriqi,,,La Liga,2021_2022,sofascore
316152.0,Ángel Correa,,,La Liga,2021_2022,sofascore
316170.0,Gonzalo Escalante,,,La Liga,2021_2022,sofascore
316406.0,Antonio Puertas,,,La Liga,2021_2022,sofascore
319129.0,Luka Jović,,,La Liga,2021_2022,sofascore
325355.0,José María Giménez,,,La Liga,2021_2022,sofascore
326471.0,Gerard Gumbau,,,La Liga,2021_2022,sofascore
328145.0,Adnan Januzaj,,,La Liga,2021_2022,sofascore
329563.0,Rubén Sobrino,,,La Liga,2021_2022,sofascore
329597.0,Helibelton Palacios,,,La Liga,2021_2022,sofascore
330485.0,Matt Miazga,,,La Liga,2021_2022,sofascore
330675.0,Unai García,,,La Liga,2021_2022,sofascore
330677.0,Jason,,,La Liga,2021_2022,sofascore
331449.0,Nemanja Maksimović,,,La Liga,2021_2022,sofascore
333595.0,Lucas Olaza,,,La Liga,2021_2022,sofascore
336655.0,Enes Ünal,,,La Liga,2021_2022,sofascore
337671.0,Nabil Fekir,,,La Liga,2021_2022,sofascore
341097.0,Jeremías Ledesma,,,La Liga,2021_2022,sofascore
344129.0,José Luis Morales,,,La Liga,2021_2022,sofascore
344847.0,Johan Mojica,,,La Liga,2021_2022,sofascore
345111.0,Álvaro García,,,La Liga,2021_2022,sofascore
345193.0,Chema,,,La Liga,2021_2022,sofascore
346516.0,Adrián Embarba,,,La Liga,2021_2022,sofascore
347450.0,Joseba Zaldúa,,,La Liga,2021_2022,sofascore
349526.0,Dani Rodríguez,,,La Liga,2021_2022,sofascore
349794.0,Fali,,,La Liga,2021_2022,sofascore
350170.0,Munir El Haddadi,,,La Liga,2021_2022,sofascore
350560.0,Diego Rico,,,La Liga,2021_2022,sofascore
351086.0,Saúl García,2885.0,Deportivo Alavés,La Liga,2021_2022,sofascore
351140.0,Jaime Mata,,,La Liga,2021_2022,sofascore
351500.0,Brian Oliván,,,La Liga,2021_2022,sofascore
352376.0,Renato Tapia,,,La Liga,2021_2022,sofascore
352486.0,Iván Alejo,,,La Liga,2021_2022,sofascore
353130.0,Mario Hermoso,,,La Liga,2021_2022,sofascore
353138.0,Marcos Llorente,,,La Liga,2021_2022,sofascore
353252.0,Martín Merquelanz,,,La Liga,2021_2022,sofascore
353262.0,Jon Bautista,,,La Liga,2021_2022,sofascore
355024.0,Enis Bardhi,,,La Liga,2021_2022,sofascore
355048.0,Jesús Vallejo,2829.0,Real Madrid,La Liga,2021_2022,sofascore
355072.0,Asier Villalibre,,,La Liga,2021_2022,sofascore
356444.0,Ezequiel Ponce,,,La Liga,2021_2022,sofascore
359742.0,Mikel Vesga,,,La Liga,2021_2022,sofascore
360866.0,Mickaël Malsa,,,La Liga,2021_2022,sofascore
360938.0,Bono,2833.0,Sevilla,La Liga,2021_2022,sofascore
361004.0,Marco Asensio,,,La Liga,2021_2022,sofascore
367096.0,Víctor Camarasa,,,La Liga,2021_2022,sofascore
368922.0,Aarón Escandell,33779.0,Granada,La Liga,2021_2022,sofascore
369004.0,Antonio Sivera,2885.0,Deportivo Alavés,La Liga,2021_2022,sofascore
376382.0,Fede San Emeterio,4488.0,Cádiz,La Liga,2021_2022,sofascore
383406.0,Rober Ibáñez,,,La Liga,2021_2022,sofascore
385888.0,Mauro Arambarri,,,La Liga,2021_2022,sofascore
542634.0,Pacha,,,La Liga,2021_2022,sofascore
547838.0,Dani Ceballos,,,La Liga,2021_2022,sofascore
556884.0,Matías Dituro,,,La Liga,2021_2022,sofascore
557008.0,Franco Cervi,,,La Liga,2021_2022,sofascore
569556.0,Jakub Jankto,,,La Liga,2021_2022,sofascore
576276.0,Domingos Duarte,,,La Liga,2021_2022,sofascore
578560.0,Marcos Acuña,,,La Liga,2021_2022,sofascore
580550.0,Clément Lenglet,,,La Liga,2021_2022,sofascore
587074.0,Erick Cabaco,,,La Liga,2021_2022,sofascore
588566.0,Unai López,,,La Liga,2021_2022,sofascore
590404.0,Giovanni González,,,La Liga,2021_2022,sofascore
591132.0,Kike Barja,,,La Liga,2021_2022,sofascore
591136.0,David García,,,La Liga,2021_2022,sofascore
591740.0,Raúl Guti,,,La Liga,2021_2022,sofascore
591750.0,Joan Jordán,,,La Liga,2021_2022,sofascore
592010.0,Mikel Merino,,,La Liga,2021_2022,sofascore
592012.0,Álex Berenguer,,,La Liga,2021_2022,sofascore
597716.0,Son,,,La Liga,2021_2022,sofascore
597756.0,Diego González,,,La Liga,2021_2022,sofascore
604232.0,Diego Carlos,,,La Liga,2021_2022,sofascore
604258.0,David Soria,2859.0,Getafe,La Liga,2021_2022,sofascore
604954.0,Borja Mayoral,,,La Liga,2021_2022,sofascore
605374.0,Tete Morente,,,La Liga,2021_2022,sofascore
608370.0,José Pozo,,,La Liga,2021_2022,sofascore
609752.0,Guido Rodríguez,,,La Liga,2021_2022,sofascore
783374.0,Iñaki Williams,,,La Liga,2021_2022,sofascore
785468.0,Aritz Elustondo,,,La Liga,2021_2022,sofascore
785989.0,Borja Iglesias,,,La Liga,2021_2022,sofascore
787751.0,Robin Le Normand,,,La Liga,2021_2022,sofascore
788097.0,Álvaro Jiménez,,,La Liga,2021_2022,sofascore
788141.0,Jon Guridi,,,La Liga,2021_2022,sofascore
788216.0,Pablo Maffeo,,,La Liga,2021_2022,sofascore
789381.0,Chimy Ávila,,,La Liga,2021_2022,sofascore
789886.0,Gonzalo Melero,,,La Liga,2021_2022,sofascore
790031.0,Luis Abram,,,La Liga,2021_2022,sofascore
791773.0,Álex Remiro,2824.0,Real Sociedad,La Liga,2021_2022,sofascore
792073.0,Ferland Mendy,,,La Liga,2021_2022,sofascore
792317.0,Manu García,,,La Liga,2021_2022,sofascore
793761.0,Mamadou Sylla,,,La Liga,2021_2022,sofascore
794937.0,Carles Aleñá,,,La Liga,2021_2022,sofascore
794939.0,Marc Cucurella,,,La Liga,2021_2022,sofascore
794948.0,Óscar Rodríguez,,,La Liga,2021_2022,sofascore
795222.0,Frenkie de Jong,,,La Liga,2021_2022,sofascore
795257.0,Kevin Vázquez,,,La Liga,2021_2022,sofascore
796059.0,Mamadou Loum,,,La Liga,2021_2022,sofascore
796320.0,Joseph Aidoo,,,La Liga,2021_2022,sofascore
796444.0,Marcelo Saracchi,2849.0,Levante UD,La Liga,2021_2022,sofascore
797290.0,Alfonso Pedraza,,,La Liga,2021_2022,sofascore
797291.0,Unai Simón,,,La Liga,2021_2022,sofascore
797306.0,Mouctar Diakhaby,,,La Liga,2021_2022,sofascore
798835.0,Giovani Lo Celso,,,La Liga,2021_2022,sofascore
799195.0,Aleksandar Sedlar,2826.0,Mallorca,La Liga,2021_2022,sofascore
800403.0,Iza Carcelén,,,La Liga,2021_2022,sofascore
801837.0,Íñigo Lekue,,,La Liga,2021_2022,sofascore
802133.0,Luca Zidane,2818.0,Rayo Vallecano,La Liga,2021_2022,sofascore
805078.0,Mathías Olivera,,,La Liga,2021_2022,sofascore
805137.0,Omar Alderete,,,La Liga,2021_2022,sofascore
805245.0,Maximiliano Gómez,,,La Liga,2021_2022,sofascore
805465.0,Pervis Estupiñán,,,La Liga,2021_2022,sofascore
807116.0,Antonio Raíllo,,,La Liga,2021_2022,sofascore
807648.0,Yeray Álvarez,,,La Liga,2021_2022,sofascore
808955.0,Josan,,,La Liga,2021_2022,sofascore
811493.0,Salvi Sánchez,,,La Liga,2021_2022,sofascore
811557.0,Édgar Badía,2846.0,Elche,La Liga,2021_2022,sofascore
811629.0,Luis Milla,,,La Liga,2021_2022,sofascore
813738.0,Joan Sastre,,,La Liga,2021_2022,sofascore
814023.0,Eray Cömert,,,La Liga,2021_2022,sofascore
814360.0,Juan Cruz,2820.0,Osasuna,La Liga,2021_2022,sofascore
814385.0,Lucas Boyé,,,La Liga,2021_2022,sofascore
818244.0,Ousmane Dembélé,,,La Liga,2021_2022,sofascore
822470.0,Samuel Chukwueze,,,La Liga,2021_2022,sofascore
822519.0,Éder Militão,,,La Liga,2021_2022,sofascore
822933.0,Gonzalo Montiel,,,La Liga,2021_2022,sofascore
823622.0,Mikel Oyarzabal,,,La Liga,2021_2022,sofascore
823941.0,Alexander Isak,,,La Liga,2021_2022,sofascore
823963.0,Oussama Idrissi,,,La Liga,2021_2022,sofascore
825133.0,Javi Galán,,,La Liga,2021_2022,sofascore
825750.0,Javi Ontiveros,,,La Liga,2021_2022,sofascore
825754.0,Rafa Mir,,,La Liga,2021_2022,sofascore
826003.0,Jordi Mboula,,,La Liga,2021_2022,sofascore
826004.0,Manu Morlanes,,,La Liga,2021_2022,sofascore
826012.0,Iván Chapela,,,La Liga,2021_2022,sofascore
826552.0,Róber Pier,,,La Liga,2021_2022,sofascore
826668.0,Josema,2846.0,Elche,La Liga,2021_2022,sofascore
826701.0,Miguelón,2814.0,Espanyol,La Liga,2021_2022,sofascore
826944.0,Nany Dimata,,,La Liga,2021_2022,sofascore
826948.0,Pepelu,,,La Liga,2021_2022,sofascore
827064.0,Arnaut Danjuma,,,La Liga,2021_2022,sofascore
827212.0,Jules Koundé,,,La Liga,2021_2022,sofascore
828239.0,Toni Lato,2828.0,Valencia,La Liga,2021_2022,sofascore
828969.0,Manu Vallejo,,,La Liga,2021_2022,sofascore
831424.0,Reinildo Mandava,,,La Liga,2021_2022,sofascore
831808.0,Federico Valverde,,,La Liga,2021_2022,sofascore
832427.0,Carlos Soler,,,La Liga,2021_2022,sofascore
835484.0,Fran Beltrán,,,La Liga,2021_2022,sofascore
836600.0,Darío Poveda,,,La Liga,2021_2022,sofascore
838159.0,Igor Zubeldia,,,La Liga,2021_2022,sofascore
838633.0,Jaume Grau,2820.0,Osasuna,La Liga,2021_2022,sofascore
839309.0,Paul Akouokou,,,La Liga,2021_2022,sofascore
839585.0,Yangel Herrera,,,La Liga,2021_2022,sofascore
839909.0,Uroš Račić,,,La Liga,2021_2022,sofascore
843678.0,Santi Comesaña,,,La Liga,2021_2022,sofascore
844179.0,Njegoš Petrović,,,La Liga,2021_2022,sofascore
844224.0,Tomás Alarcón,,,La Liga,2021_2022,sofascore
844752.0,Nacho Vidal,,,La Liga,2021_2022,sofascore
845168.0,Amath Ndiaye,,,La Liga,2021_2022,sofascore
845385.0,Brais Méndez,,,La Liga,2021_2022,sofascore
845797.0,Luís Maximiano,,,La Liga,2021_2022,sofascore
846470.0,Youssef En-Nesyri,,,La Liga,2021_2022,sofascore
848082.0,Yan Eteki,,,La Liga,2021_2022,sofascore
850404.0,Orbelín Pineda,,,La Liga,2021_2022,sofascore
851150.0,Renan Lodi,,,La Liga,2021_2022,sofascore
851271.0,Fran García,,,La Liga,2021_2022,sofascore
851282.0,Thierry Correia,,,La Liga,2021_2022,sofascore
851671.0,João Félix,,,La Liga,2021_2022,sofascore
855829.0,Juan Miranda,,,La Liga,2021_2022,sofascore
855830.0,Hugo Guillamón,,,La Liga,2021_2022,sofascore
855831.0,Víctor Chust,,,La Liga,2021_2022,sofascore
855832.0,Antonio Blanco,2829.0,Real Madrid,La Liga,2021_2022,sofascore
855833.0,Ferran Torres,,,La Liga,2021_2022,sofascore
855845.0,Florentino Luís,,,La Liga,2021_2022,sofascore
856123.0,Emerson Royal,2817.0,FC Barcelona,La Liga,2021_2022,sofascore
857178.0,Kike Pérez,,,La Liga,2021_2022,sofascore
857205.0,Fernando Calero,,,La Liga,2021_2022,sofascore
857907.0,Gori Gracia,2814.0,Espanyol,La Liga,2021_2022,sofascore
859767.0,Alex Collado,,,La Liga,2021_2022,sofascore
859773.0,Óscar Mingueza,,,La Liga,2021_2022,sofascore
859774.0,Monchu,,,La Liga,2021_2022,sofascore
861317.0,Óscar Melendo,,,La Liga,2021_2022,sofascore
862063.0,Toni Moya,,,La Liga,2021_2022,sofascore
862480.0,Keidi Bare,,,La Liga,2021_2022,sofascore
862481.0,Alberto Rodríguez,2885.0,Deportivo Alavés,La Liga,2021_2022,sofascore
864169.0,Pau Torres,,,La Liga,2021_2022,sofascore
866810.0,Andoni Gorosabel,,,La Liga,2021_2022,sofascore
868262.0,Martín Aguirregabiria,,,La Liga,2021_2022,sofascore
868715.0,Jorge Cuenca,,,La Liga,2021_2022,sofascore
868812.0,Vinícius Júnior,,,La Liga,2021_2022,sofascore
873189.0,Juan Foyth,,,La Liga,2021_2022,sofascore
873947.0,Dani Raba,2819.0,Villarreal,La Liga,2021_2022,sofascore
874535.0,Diego Lainez,,,La Liga,2021_2022,sofascore
876214.0,Eric García,,,La Liga,2021_2022,sofascore
877918.0,Victor Gómez,2814.0,Espanyol,La Liga,2021_2022,sofascore
880157.0,Marcos André,,,La Liga,2021_2022,sofascore
880218.0,Takefusa Kubo,,,La Liga,2021_2022,sofascore
885259.0,Enric Franquesa,,,La Liga,2021_2022,sofascore
886363.0,Matheus Cunha,,,La Liga,2021_2022,sofascore
887429.0,Santiago Arzamendia,,,La Liga,2021_2022,sofascore
888754.0,José Juan Macías,,,La Liga,2021_2022,sofascore
888930.0,Dani Gómez,,,La Liga,2021_2022,sofascore
891511.0,Javi Puado,,,La Liga,2021_2022,sofascore
891931.0,Ander Guevara,,,La Liga,2021_2022,sofascore
892521.0,Unai Núñez,,,La Liga,2021_2022,sofascore
893062.0,Aitor Ruibal,,,La Liga,2021_2022,sofascore
893063.0,Loren Morón,,,La Liga,2021_2022,sofascore
895533.0,Myrto Uzuni,,,La Liga,2021_2022,sofascore
896073.0,Nahuel Tenaglia,,,La Liga,2021_2022,sofascore
897902.0,Juan Cruz,,,La Liga,2021_2022,sofascore
899982.0,Isi Palazón,,,La Liga,2021_2022,sofascore
900003.0,Jorge de Frutos,,,La Liga,2021_2022,sofascore
900008.0,Óscar Valentín,,,La Liga,2021_2022,sofascore
900433.0,Luis Rioja,,,La Liga,2021_2022,sofascore
900671.0,Mario Hernández,,,La Liga,2021_2022,sofascore
900792.0,Alejandro Catena,,,La Liga,2021_2022,sofascore
901842.0,Riqui Puig,,,La Liga,2021_2022,sofascore
902051.0,Miguel Baeza,2821.0,Celta Vigo,La Liga,2021_2022,sofascore
906021.0,Sergiño Dest,,,La Liga,2021_2022,sofascore
908642.0,Yacine Qasmi,2818.0,Rayo Vallecano,La Liga,2021_2022,sofascore
908716.0,Miguel Gutiérrez,2829.0,Real Madrid,La Liga,2021_2022,sofascore
909119.0,Hugo Duro,,,La Liga,2021_2022,sofascore
910022.0,Rober González,,,La Liga,2021_2022,sofascore
910026.0,Bryan Gil,,,La Liga,2021_2022,sofascore
910105.0,Valentino Fattore,2833.0,Sevilla,La Liga,2021_2022,sofascore
910267.0,Jesús Areso,2820.0,Osasuna,La Liga,2021_2022,sofascore
910536.0,Rodrygo,,,La Liga,2021_2022,sofascore
910975.0,Peru Nolaskoain,2825.0,Athletic Club,La Liga,2021_2022,sofascore
910978.0,Dani Vivian,,,La Liga,2021_2022,sofascore
913679.0,Pathé Ismaël Ciss,,,La Liga,2021_2022,sofascore
913728.0,Ivan Barbero,2820.0,Osasuna,La Liga,2021_2022,sofascore
913732.0,Javi Martínez,,,La Liga,2021_2022,sofascore
914014.0,Iddrisu Baba,,,La Liga,2021_2022,sofascore
914048.0,Álex Petxarroman,,,La Liga,2021_2022,sofascore
914178.0,Carlos Neva,,,La Liga,2021_2022,sofascore
914212.0,Miguel de la Fuente,,,La Liga,2021_2022,sofascore
914213.0,Luis Javier Suárez,,,La Liga,2021_2022,sofascore
914522.0,Edgar González,,,La Liga,2021_2022,sofascore
914765.0,Gonzalo Villar,,,La Liga,2021_2022,sofascore
914775.0,Franco Russo,,,La Liga,2021_2022,sofascore
917087.0,Kang-in Lee,,,La Liga,2021_2022,sofascore
922939.0,Andrés Martín,,,La Liga,2021_2022,sofascore
925097.0,Ronald Araújo,,,La Liga,2021_2022,sofascore
927066.0,Pablo Martínez,,,La Liga,2021_2022,sofascore
927408.0,Martín Calderón,,,La Liga,2021_2022,sofascore
928047.0,Milutin Osmajić,,,La Liga,2021_2022,sofascore
928672.0,Adrià Pedrosa,,,La Liga,2021_2022,sofascore
930233.0,Koba Koindredi,,,La Liga,2021_2022,sofascore
930266.0,Álvaro Sanz Catalán,2817.0,FC Barcelona,La Liga,2021_2022,sofascore
930267.0,Joan García,2814.0,Espanyol,La Liga,2021_2022,sofascore
930997.0,Giorgi Mamardashvili,2828.0,Valencia,La Liga,2021_2022,sofascore
932764.0,Randy Nteka,,,La Liga,2021_2022,sofascore
934383.0,Jon Pacheco,2824.0,Real Sociedad,La Liga,2021_2022,sofascore
944049.0,Alberto Soro,,,La Liga,2021_2022,sofascore
944165.0,Robert Navarro,,,La Liga,2021_2022,sofascore
945404.0,Javi López,2885.0,Deportivo Alavés,La Liga,2021_2022,sofascore
949707.0,Juan Iglesias,,,La Liga,2021_2022,sofascore
949722.0,Antonio Sánchez,,,La Liga,2021_2022,sofascore
949962.0,Ferran Jutglà,,,La Liga,2021_2022,sofascore
951008.0,Diego Conde,2859.0,Getafe,La Liga,2021_2022,sofascore
954056.0,Nico González,,,La Liga,2021_2022,sofascore
955133.0,Naïs Djouahra,,,La Liga,2021_2022,sofascore
959820.0,Óscar Gil,,,La Liga,2021_2022,sofascore
960080.0,Boulaye Dia,,,La Liga,2021_2022,sofascore
962283.0,Yusuf Demir,,,La Liga,2021_2022,sofascore
962710.0,Germán Valera,,,La Liga,2021_2022,sofascore
962883.0,Ansu Fati,,,La Liga,2021_2022,sofascore
962890.0,Ilaix Moriba,,,La Liga,2021_2022,sofascore
964609.0,Jose Fontán,,,La Liga,2021_2022,sofascore
964981.0,Pedro Ortiz,,,La Liga,2021_2022,sofascore
965828.0,Mario Gila,2829.0,Real Madrid,La Liga,2021_2022,sofascore
965832.0,Dani Cárdenas,2849.0,Levante UD,La Liga,2021_2022,sofascore
966441.0,Aihen Muñoz,,,La Liga,2021_2022,sofascore
966526.0,Luismi Cruz,2833.0,Sevilla,La Liga,2021_2022,sofascore
966679.0,Juanmi Latasa,,,La Liga,2021_2022,sofascore
966801.0,Oihan Sancet,,,La Liga,2021_2022,sofascore
966802.0,Unai Vencedor,,,La Liga,2021_2022,sofascore
966804.0,Jon Morcillo,,,La Liga,2021_2022,sofascore
966836.0,Álex Sola,,,La Liga,2021_2022,sofascore
966837.0,Martín Zubimendi,,,La Liga,2021_2022,sofascore
966862.0,Ander Barrenetxea,,,La Liga,2021_2022,sofascore
973699.0,Iván Martín,,,La Liga,2021_2022,sofascore
973887.0,Eduardo Camavinga,,,La Liga,2021_2022,sofascore
975814.0,Matías Arezo,,,La Liga,2021_2022,sofascore
976141.0,Jon Moncayola,,,La Liga,2021_2022,sofascore
978658.0,Alexandru Țîrlea,2885.0,Deportivo Alavés,La Liga,2021_2022,sofascore
979146.0,Mika Mármol,2817.0,FC Barcelona,La Liga,2021_2022,sofascore
980143.0,Álejandro Cantero,,,La Liga,2021_2022,sofascore
980410.0,Beñat Turrientes,,,La Liga,2021_2022,sofascore
983815.0,Yunus Musah,,,La Liga,2021_2022,sofascore
984624.0,Yéremy Pino,,,La Liga,2021_2022,sofascore
984789.0,Manuel Sánchez,,,La Liga,2021_2022,sofascore
988650.0,José Calderón,2816.0,Real Betis,La Liga,2021_2022,sofascore
989803.0,Facundo Pellistri,,,La Liga,2021_2022,sofascore
989878.0,Nicolás Melamed,,,La Liga,2021_2022,sofascore
990802.0,Kike Hermoso,,,La Liga,2021_2022,sofascore
991292.0,Adrián Butzke,33779.0,Granada,La Liga,2021_2022,sofascore
992370.0,Cristo Romero,,,La Liga,2021_2022,sofascore
992587.0,Pedri,,,La Liga,2021_2022,sofascore
996929.0,Jesús Vázquez,,,La Liga,2021_2022,sofascore
997035.0,Alejandro Balde,,,La Liga,2021_2022,sofascore
997100.0,Marc Tenas,2885.0,Deportivo Alavés,La Liga,2021_2022,sofascore
997280.0,Raúl García de Haro,2816.0,Real Betis,La Liga,2021_2022,sofascore
1006232.0,Julen Lobete,,,La Liga,2021_2022,sofascore
1009661.0,Oier Zarraga,,,La Liga,2021_2022,sofascore
1009873.0,Isma Ruiz,,,La Liga,2021_2022,sofascore
1010505.0,Gabri Veiga,,,La Liga,2021_2022,sofascore
1010655.0,Juanlu Sánchez,2833.0,Sevilla,La Liga,2021_2022,sofascore
1011375.0,Abdessamad Ezzalzouli,,,La Liga,2021_2022,sofascore
1012440.0,Daniel Villahermosa,2814.0,Espanyol,La Liga,2021_2022,sofascore
1014042.0,Iván Romero,,,La Liga,2021_2022,sofascore
1015240.0,José Ángel Carmona,2833.0,Sevilla,La Liga,2021_2022,sofascore
1016019.0,Fernando Niño,,,La Liga,2021_2022,sofascore
1018197.0,Unai Ropero,2885.0,Deportivo Alavés,La Liga,2021_2022,sofascore
1019236.0,Jofre Carreras,2814.0,Espanyol,La Liga,2021_2022,sofascore
1019318.0,Nico Serrano,,,La Liga,2021_2022,sofascore
1019320.0,Javi Serrano,2836.0,Atlético Madrid,La Liga,2021_2022,sofascore
1021165.0,Rubén Sánchez,,,La Liga,2021_2022,sofascore
1021217.0,Carlo Adriano García,2819.0,Villarreal,La Liga,2021_2022,sofascore
1021274.0,Omar Faraj,2849.0,Levante UD,La Liga,2021_2022,sofascore
1031421.0,Rodri Sánchez,,,La Liga,2021_2022,sofascore
1035699.0,Unai Dufur,,,La Liga,2021_2022,sofascore
1046461.0,Nikita Iosifov,2819.0,Villarreal,La Liga,2021_2022,sofascore
1048927.0,Peter González,,,La Liga,2021_2022,sofascore
1066809.0,Matthew Hoppe,,,La Liga,2021_2022,sofascore
1069703.0,Carlos Domínguez,,,La Liga,2021_2022,sofascore
1069725.0,Raúl Parra,4488.0,Cádiz,La Liga,2021_2022,sofascore
1084737.0,Amankwaa Akurugu Koffi,,,La Liga,2021_2022,sofascore
1085252.0,Lluís Recasens,2814.0,Espanyol,La Liga,2021_2022,sofascore
1085381.0,Nicolas Jackson,,,La Liga,2021_2022,sofascore
1085400.0,Nico Williams,,,La Liga,2021_2022,sofascore
1086346.0,Iker Benito,,,La Liga,2021_2022,sofascore
1089108.0,Ilias Akhomach,,,La Liga,2021_2022,sofascore
1094106.0,Marc Pubill,,,La Liga,2021_2022,sofascore
1094758.0,John Donald,,,La Liga,2021_2022,sofascore
1099352.0,Giuliano Simeone,2836.0,Atlético Madrid,La Liga,2021_2022,sofascore
1103693.0,Pablo Gavi,,,La Liga,2021_2022,sofascore
1114420.0,Álvaro Bastida,4488.0,Cádiz,La Liga,2021_2022,sofascore
1119693.0,Tomás Mendes,2885.0,Deportivo Alavés,La Liga,2021_2022,sofascore
1120669.0,Hugo Sotelo,2821.0,Celta Vigo,La Liga,2021_2022,sofascore
1131581.0,Carlos Martín,2836.0,Atlético Madrid,La Liga,2021_2022,sofascore
1134399.0,Ander Martín,,,La Liga,2021_2022,sofascore
1134758.0,Raúl Torrente,,,La Liga,2021_2022,sofascore
1142256.0,Estanis Pedrola,2817.0,FC Barcelona,La Liga,2021_2022,sofascore
1144630.0,Cristhian Mosquera,,,La Liga,2021_2022,sofascore
1144660.0,Sergio Santos,2829.0,Real Madrid,La Liga,2021_2022,sofascore
1146760.0,Pedro Benito,4488.0,Cádiz,La Liga,2021_2022,sofascore
1154935.0,Hugo Álvarez,,,La Liga,2021_2022,sofascore
1162309.0,Javi Llabrés,,,La Liga,2021_2022,sofascore
1165778.0,Álvaro Aguirre,2818.0,Rayo Vallecano,La Liga,2021_2022,sofascore
1167704.0,Rubén Iranzo,,,La Liga,2021_2022,sofascore
1191337.0,Alejandro Asensio,,,La Liga,2021_2022,sofascore
1211005.0,Yellu Santiago,2828.0,Valencia,La Liga,2021_2022,sofascore
1211006.0,Mario Domínguez,2828.0,Valencia,La Liga,2021_2022,sofascore
1216282.0,Luca Koleosho,2814.0,Espanyol,La Liga,2021_2022,sofascore
