understat_match_id,season,datetime,home_team,away_team,home_team_id,away_team_id,home_goals,away_goals,home_xg,away_xg
29538,2025,2025-08-15 18:45:00,Rennes,Marseille,163,164,1,0,1.31418,2.07298
29539,2025,2025-08-16 15:00:00,Lens,Lyon,210,178,0,1,1.87447,1.615
29540,2025,2025-08-16 17:00:00,Monaco,Le Havre,171,282,3,1,1.88048,0.427494
29541,2025,2025-08-16 19:05:00,Nice,Toulouse,170,174,0,1,0.95554,0.56945
29542,2025,2025-08-17 13:00:00,Brest,Lille,241,160,3,3,1.49573,1.84218
29543,2025,2025-08-17 15:15:00,Auxerre,Lorient,275,179,1,0,1.4925,1.84516
29544,2025,2025-08-17 15:15:00,Angers,Paris FC,167,290,1,0,0.82142,0.71125
29545,2025,2025-08-17 15:15:00,Metz,Strasbourg,180,225,0,1,0.184483,0.731013
29546,2025,2025-08-17 18:45:00,Nantes,Paris Saint Germain,168,161,0,1,0.124428,1.35682
29547,2025,2025-08-22 18:45:00,Paris Saint Germain,Angers,161,167,1,0,2.0878,0.176876
29548,2025,2025-08-23 15:00:00,Marseille,Paris FC,164,290,5,2,3.337,1.05457
29549,2025,2025-08-23 17:00:00,Nice,Auxerre,170,275,3,1,2.66284,2.24407
29550,2025,2025-08-23 19:05:00,Lyon,Metz,178,180,3,0,2.35479,0.504863
29551,2025,2025-08-24 13:00:00,Lorient,Rennes,179,163,4,0,3.4466,0.0728372
29552,2025,2025-08-24 15:15:00,Strasbourg,Nantes,225,168,1,0,1.81743,0.425423
29553,2025,2025-08-24 15:15:00,Le Havre,Lens,282,210,1,2,2.0398,1.29098
29554,2025,2025-08-24 15:15:00,Toulouse,Brest,174,241,2,0,1.32432,0.750148
29555,2025,2025-08-24 18:45:00,Lille,Monaco,160,171,1,0,2.41091,1.52213
29556,2025,2025-08-29 18:45:00,Lens,Brest,210,241,3,1,4.42054,0.963409
29557,2025,2025-08-30 15:00:00,Lorient,Lille,179,160,1,7,1.1603,3.70255
29558,2025,2025-08-30 17:00:00,Nantes,Auxerre,168,275,1,0,0.418091,1.10996
29559,2025,2025-08-30 19:05:00,Toulouse,Paris Saint Germain,174,161,3,6,2.33006,2.49609
29560,2025,2025-08-31 13:00:00,Angers,Rennes,167,163,1,1,1.58619,1.73758
29561,2025,2025-08-31 15:15:00,Le Havre,Nice,282,170,3,1,1.75553,0.715595
29562,2025,2025-08-31 15:15:00,Paris FC,Metz,290,180,3,2,3.39898,1.6248
29563,2025,2025-08-31 15:15:00,Monaco,Strasbourg,171,225,3,2,2.35547,1.7732
29564,2025,2025-08-31 18:45:00,Lyon,Marseille,178,164,1,0,3.15727,0.896862
29568,2025,2025-09-12 18:45:00,Marseille,Lorient,164,179,4,0,2.83367,0.187377
29570,2025,2025-09-13 15:00:00,Nice,Nantes,170,168,1,0,2.34645,0.775945
29565,2025,2025-09-13 19:05:00,Auxerre,Monaco,275,171,1,2,0.904229,1.62646
29567,2025,2025-09-14 13:00:00,Lille,Toulouse,160,174,2,1,2.42116,1.15678
29566,2025,2025-09-14 15:15:00,Brest,Paris FC,241,290,1,2,2.60519,1.85008
29569,2025,2025-09-14 15:15:00,Metz,Angers,180,167,1,1,1.76271,1.98184
29571,2025,2025-09-14 15:15:00,Paris Saint Germain,Lens,161,210,2,0,1.05815,1.2242
29573,2025,2025-09-14 15:15:00,Strasbourg,Le Havre,225,282,1,0,1.43354,0.524832
29572,2025,2025-09-14 18:45:00,Rennes,Lyon,163,178,3,1,2.20918,1.7381
29578,2025,2025-09-19 18:45:00,Lyon,Angers,178,167,1,0,2.20483,0.677354
29581,2025,2025-09-20 15:00:00,Nantes,Rennes,168,163,2,2,2.65629,1.44041
29575,2025,2025-09-20 17:00:00,Brest,Nice,241,170,4,1,2.07376,2.26393
29577,2025,2025-09-20 19:05:00,Lens,Lille,210,160,3,0,3.8174,1.89889
29582,2025,2025-09-21 13:00:00,Paris FC,Strasbourg,290,225,2,3,1.9014,2.46459
29574,2025,2025-09-21 15:15:00,Auxerre,Toulouse,275,174,1,0,0.883373,1.50957
29576,2025,2025-09-21 15:15:00,Le Havre,Lorient,282,179,1,1,2.23396,1.26993
29580,2025,2025-09-21 15:15:00,Monaco,Metz,171,180,5,2,3.497,1.91296
29579,2025,2025-09-22 18:45:00,Marseille,Paris Saint Germain,164,161,1,0,1.77744,0.919565
29590,2025,2025-09-26 18:45:00,Strasbourg,Marseille,225,164,1,2,1.0976,2.00258
29585,2025,2025-09-27 15:00:00,Lorient,Monaco,179,171,3,1,2.09364,0.894035
29591,2025,2025-09-27 17:00:00,Toulouse,Nantes,174,168,2,2,1.98573,1.8303
29588,2025,2025-09-27 19:05:00,Paris Saint Germain,Auxerre,161,275,2,0,2.11672,0.73132
29587,2025,2025-09-28 13:00:00,Nice,Paris FC,170,290,1,1,1.36997,1.49444
29583,2025,2025-09-28 15:15:00,Angers,Brest,167,241,0,2,0.501827,1.34192
29584,2025,2025-09-28 15:15:00,Lille,Lyon,160,178,0,1,1.65271,0.642572
29586,2025,2025-09-28 15:15:00,Metz,Le Havre,180,282,0,0,0.39939,0.395921
29589,2025,2025-09-28 18:45:00,Rennes,Lens,163,210,0,0,1.57438,1.51932
29599,2025,2025-10-03 18:45:00,Paris FC,Lorient,290,179,2,0,1.83687,0.855852
29597,2025,2025-10-04 15:00:00,Metz,Marseille,180,164,0,3,0.1529,2.67719
29593,2025,2025-10-04 17:00:00,Brest,Nantes,241,168,0,0,1.44552,0.489862
29592,2025,2025-10-04 19:05:00,Auxerre,Lens,275,210,1,2,1.27422,0.471027
29596,2025,2025-10-05 13:00:00,Lyon,Toulouse,178,174,1,2,1.42206,1.36525
29594,2025,2025-10-05 15:15:00,Le Havre,Rennes,282,163,2,2,1.98097,1.21285
29598,2025,2025-10-05 15:15:00,Monaco,Nice,171,170,2,2,2.4556,1.13121
29600,2025,2025-10-05 15:15:00,Strasbourg,Angers,225,167,5,0,4.2783,0.294622
29595,2025,2025-10-05 18:45:00,Lille,Paris Saint Germain,160,161,1,1,0.647492,1.71207
29608,2025,2025-10-17 18:45:00,Paris Saint Germain,Strasbourg,161,225,3,3,2.85659,1.92082
29606,2025,2025-10-18 15:00:00,Nice,Lyon,170,178,3,2,1.16366,2.89867
29601,2025,2025-10-18 17:00:00,Angers,Monaco,167,171,1,1,1.58102,1.65166
29604,2025,2025-10-18 19:05:00,Marseille,Le Havre,164,282,6,2,4.20445,0.352985
29602,2025,2025-10-19 13:00:00,Lens,Paris FC,210,290,2,1,1.98018,0.583966
29603,2025,2025-10-19 15:15:00,Lorient,Brest,179,241,3,3,1.5878,1.56803
29607,2025,2025-10-19 15:15:00,Toulouse,Metz,174,180,4,0,2.73037,0.119104
29609,2025,2025-10-19 15:15:00,Rennes,Auxerre,163,275,2,2,1.93587,1.66634
29605,2025,2025-10-19 18:45:00,Nantes,Lille,168,160,0,2,0.772603,2.7603
29614,2025,2025-10-24 18:45:00,Paris FC,Nantes,290,168,1,2,0.951277,0.916827
29613,2025,2025-10-25 15:00:00,Brest,Paris Saint Germain,241,161,0,3,1.89257,2.92453
29615,2025,2025-10-25 17:00:00,Monaco,Toulouse,171,174,1,0,3.37276,0.584122
29612,2025,2025-10-25 19:05:00,Lens,Marseille,210,164,2,1,1.87596,0.765479
29617,2025,2025-10-26 13:00:00,Lille,Metz,160,180,6,1,3.85054,1.01476
29610,2025,2025-10-26 15:15:00,Angers,Lorient,167,179,2,0,1.30397,2.00206
29611,2025,2025-10-26 15:15:00,Auxerre,Le Havre,275,282,0,1,0.563862,1.52215
29618,2025,2025-10-26 15:15:00,Rennes,Nice,163,170,1,2,1.54435,0.88734
29616,2025,2025-10-26 18:45:00,Lyon,Strasbourg,178,225,2,1,1.14566,0.798152
29619,2025,2025-10-29 17:00:00,Le Havre,Brest,282,241,1,0,0.556063,0.370311
29621,2025,2025-10-29 17:00:00,Lorient,Paris Saint Germain,179,161,1,1,0.192946,1.28813
29623,2025,2025-10-29 17:00:00,Nice,Lille,170,160,2,0,1.74459,0.661109
29625,2025,2025-10-29 17:00:00,Metz,Lens,180,210,2,0,3.11925,1.23771
29620,2025,2025-10-29 19:05:00,Marseille,Angers,164,167,2,2,1.58833,0.996929
29622,2025,2025-10-29 19:05:00,Paris FC,Lyon,290,178,3,3,0.581508,1.21871
29624,2025,2025-10-29 19:05:00,Nantes,Monaco,168,171,3,5,2.1261,4.10211
29626,2025,2025-10-29 19:05:00,Toulouse,Rennes,174,163,2,2,1.62131,1.26096
29627,2025,2025-10-29 19:05:00,Strasbourg,Auxerre,225,275,3,0,4.10806,0.68695
29634,2025,2025-11-01 16:00:00,Paris Saint Germain,Nice,161,170,1,0,1.88647,0.3867
29632,2025,2025-11-01 18:00:00,Monaco,Paris FC,171,290,0,1,0.820947,1.18048
29628,2025,2025-11-01 20:05:00,Auxerre,Marseille,275,164,0,1,1.09464,0.698037
29635,2025,2025-11-02 14:00:00,Rennes,Strasbourg,163,225,4,1,3.06877,2.08816
29630,2025,2025-11-02 16:15:00,Lens,Lorient,210,179,3,0,3.21467,1.98367
29631,2025,2025-11-02 16:15:00,Lille,Angers,160,167,1,0,2.2089,0.277522
29633,2025,2025-11-02 16:15:00,Nantes,Metz,168,180,0,2,1.07598,1.36245
29636,2025,2025-11-02 16:15:00,Toulouse,Le Havre,174,282,0,0,1.07851,1.07299
29629,2025,2025-11-02 19:45:00,Brest,Lyon,241,178,0,0,1.63942,0.143862
29644,2025,2025-11-07 19:45:00,Paris FC,Rennes,290,163,0,1,2.2285,1.36728
29641,2025,2025-11-08 16:00:00,Marseille,Brest,164,241,3,0,3.09058,0.69584
29638,2025,2025-11-08 18:00:00,Le Havre,Nantes,282,168,1,1,0.984753,0.353936
29643,2025,2025-11-08 20:05:00,Monaco,Lens,171,210,1,4,2.4076,3.23933
29639,2025,2025-11-09 14:00:00,Lorient,Toulouse,179,174,1,1,1.26999,1.15206
29637,2025,2025-11-09 16:15:00,Angers,Auxerre,167,275,2,0,1.15143,0.589602
29642,2025,2025-11-09 16:15:00,Metz,Nice,180,170,2,1,1.32977,0.784993
29645,2025,2025-11-09 16:15:00,Strasbourg,Lille,225,160,2,0,0.768163,0.480004
29640,2025,2025-11-09 19:45:00,Lyon,Paris Saint Germain,178,161,2,3,0.712588,1.69872
29651,2025,2025-11-21 19:45:00,Nice,Marseille,170,164,1,5,1.36131,3.09163
29648,2025,2025-11-22 16:00:00,Lens,Strasbourg,210,225,1,0,2.2242,0.400272
29653,2025,2025-11-22 18:00:00,Rennes,Monaco,163,171,4,1,3.067,1.60818
29652,2025,2025-11-22 20:05:00,Paris Saint Germain,Le Havre,161,282,3,0,4.11577,1.28573
29646,2025,2025-11-23 14:00:00,Auxerre,Lyon,275,178,0,0,1.512,1.27606
29647,2025,2025-11-23 16:15:00,Brest,Metz,241,180,3,2,3.36815,1.02855
29650,2025,2025-11-23 16:15:00,Nantes,Lorient,168,179,1,1,0.915515,0.352154
29654,2025,2025-11-23 16:15:00,Toulouse,Angers,174,167,0,1,1.85382,0.324057
29649,2025,2025-11-23 19:45:00,Lille,Paris FC,160,290,4,2,4.14474,1.50332
29660,2025,2025-11-28 19:45:00,Metz,Rennes,180,163,0,1,1.31354,0.980088
29661,2025,2025-11-29 16:00:00,Monaco,Paris Saint Germain,171,161,1,0,0.637875,1.47676
29662,2025,2025-11-29 18:00:00,Paris FC,Auxerre,290,275,1,1,1.80891,1.15143
29659,2025,2025-11-29 20:05:00,Marseille,Toulouse,164,174,2,2,1.62768,1.09387
29663,2025,2025-11-30 14:00:00,Strasbourg,Brest,225,241,1,2,1.14608,1.00638
29655,2025,2025-11-30 16:15:00,Angers,Lens,167,210,1,2,1.10642,1.96335
29656,2025,2025-11-30 16:15:00,Le Havre,Lille,282,160,0,1,0.867678,1.35017
29657,2025,2025-11-30 16:15:00,Lorient,Nice,179,170,3,1,3.49255,1.3285
29658,2025,2025-11-30 19:45:00,Lyon,Nantes,178,168,3,0,2.1878,0.384922
29665,2025,2025-12-05 18:00:00,Brest,Monaco,241,171,1,0,1.13774,0.485017
29667,2025,2025-12-05 20:00:00,Lille,Marseille,160,164,1,0,0.572302,0.902813
29669,2025,2025-12-06 16:00:00,Nantes,Lens,168,210,1,2,1.1817,3.26397
29672,2025,2025-12-06 18:00:00,Toulouse,Strasbourg,174,225,1,0,0.64097,0.0918532
29671,2025,2025-12-06 20:05:00,Paris Saint Germain,Rennes,161,163,5,0,2.32641,0.153549
29670,2025,2025-12-07 14:00:00,Nice,Angers,170,167,0,1,1.38209,1.33715
29664,2025,2025-12-07 16:15:00,Auxerre,Metz,275,180,3,1,2.22374,0.346523
29666,2025,2025-12-07 16:15:00,Le Havre,Paris FC,282,290,0,0,1.93371,1.2524
29668,2025,2025-12-07 19:45:00,Lorient,Lyon,179,178,1,0,2.48644,0.475087
29673,2025,2025-12-12 19:45:00,Angers,Nantes,167,168,4,1,3.04663,0.26526
29681,2025,2025-12-13 16:00:00,Rennes,Brest,163,241,3,1,1.58903,0.872611
29677,2025,2025-12-13 18:00:00,Metz,Paris Saint Germain,180,161,2,3,0.363683,1.94768
29676,2025,2025-12-13 20:05:00,Paris FC,Toulouse,290,174,0,3,0.366399,2.03766
29679,2025,2025-12-14 14:00:00,Lyon,Le Havre,178,282,1,0,2.9604,1.44459
29674,2025,2025-12-14 16:15:00,Auxerre,Lille,275,160,3,4,2.50862,0.733512
29675,2025,2025-12-14 16:15:00,Lens,Nice,210,170,2,0,1.91622,0.733412
29680,2025,2025-12-14 16:15:00,Strasbourg,Lorient,225,179,0,0,0.911848,0.415871
29678,2025,2025-12-14 19:45:00,Marseille,Monaco,164,171,1,0,2.02467,1.94962
29690,2025,2026-01-02 19:45:00,Toulouse,Lens,174,210,0,3,0.46972,2.67769
29687,2025,2026-01-03 16:00:00,Monaco,Lyon,171,178,1,3,0.799996,1.95535
29688,2025,2026-01-03 18:00:00,Nice,Strasbourg,170,225,1,1,2.39473,1.38731
29684,2025,2026-01-03 20:05:00,Lille,Rennes,160,163,0,2,1.06111,1.49739
29686,2025,2026-01-04 14:00:00,Marseille,Nantes,164,168,0,2,1.14141,3.16795
29682,2025,2026-01-04 16:15:00,Brest,Auxerre,241,275,2,0,1.54399,0.835513
29683,2025,2026-01-04 16:15:00,Le Havre,Angers,282,167,2,1,1.54881,0.730978
29685,2025,2026-01-04 16:15:00,Lorient,Metz,179,180,1,1,1.55407,0.364932
29689,2025,2026-01-04 19:45:00,Paris Saint Germain,Paris FC,161,290,2,1,1.58716,0.938334
29694,2025,2026-01-16 18:00:00,Monaco,Lorient,171,179,1,3,1.31321,1.17141
29696,2025,2026-01-16 20:00:00,Paris Saint Germain,Lille,161,160,3,0,1.29284,0.67995
29692,2025,2026-01-17 16:00:00,Lens,Auxerre,210,275,1,0,2.61821,0.393025
29699,2025,2026-01-17 18:00:00,Toulouse,Nice,174,170,5,1,1.77349,1.41914
29691,2025,2026-01-17 20:05:00,Angers,Marseille,167,164,2,5,1.03735,3.91118
29698,2025,2026-01-18 14:00:00,Strasbourg,Metz,225,180,2,1,1.019,0.984265
29695,2025,2026-01-18 16:15:00,Nantes,Paris FC,168,290,1,2,0.411699,0.738941
29697,2025,2026-01-18 16:15:00,Rennes,Le Havre,163,282,1,1,2.54723,0.538741
29693,2025,2026-01-18 19:45:00,Lyon,Brest,178,241,2,1,2.62893,1.16318
29700,2025,2026-01-23 19:00:00,Auxerre,Paris Saint Germain,275,161,0,1,0.352997,2.19544
29708,2025,2026-01-24 16:00:00,Rennes,Lorient,163,179,0,2,1.88241,1.10359
29702,2025,2026-01-24 18:00:00,Le Havre,Monaco,282,171,0,0,0.171551,0.562454
29704,2025,2026-01-24 20:05:00,Marseille,Lens,164,210,3,1,1.07239,1.00288
29706,2025,2026-01-25 14:00:00,Nantes,Nice,168,170,1,4,1.98581,1.6112
29701,2025,2026-01-25 16:15:00,Brest,Toulouse,241,174,0,2,0.988274,0.684258
29705,2025,2026-01-25 16:15:00,Metz,Lyon,180,178,2,5,1.18331,3.34121
29707,2025,2026-01-25 16:15:00,Paris FC,Angers,290,167,0,0,0.759097,0.342734
29703,2025,2026-01-25 19:45:00,Lille,Strasbourg,160,225,1,4,1.74087,3.56512
29710,2025,2026-01-30 19:45:00,Lens,Le Havre,210,282,1,0,1.60367,0.407119
29715,2025,2026-01-31 16:00:00,Paris FC,Marseille,290,164,2,2,1.82048,2.71118
29711,2025,2026-01-31 18:00:00,Lorient,Nantes,179,168,2,1,0.777027,1.20179
29713,2025,2026-01-31 20:05:00,Monaco,Rennes,171,163,4,0,2.28518,0.427968
29712,2025,2026-02-01 14:00:00,Lyon,Lille,178,160,1,0,0.616999,0.390671
29709,2025,2026-02-01 16:15:00,Angers,Metz,167,180,1,0,1.34676,0.397871
29714,2025,2026-02-01 16:15:00,Nice,Brest,170,241,2,2,1.2009,1.83505
29717,2025,2026-02-01 16:15:00,Toulouse,Auxerre,174,275,0,0,0.804565,0.871363
29716,2025,2026-02-01 19:45:00,Strasbourg,Paris Saint Germain,225,161,1,2,1.97116,1.16489
29720,2025,2026-02-08 14:00:00,Brest,Lorient,241,179,2,0,2.05135,0.720569
29722,2025,2026-02-08 14:00:00,Lens,Rennes,210,163,3,1,1.01131,1.33597
29723,2025,2026-02-08 14:00:00,Metz,Lille,180,160,0,0,0.581838,1.53538
29724,2025,2026-02-08 14:00:00,Nantes,Lyon,168,178,0,1,0.795659,0.990033
29725,2025,2026-02-08 14:00:00,Nice,Monaco,170,171,0,0,0.455943,0.827302
29718,2025,2026-02-08 16:15:00,Angers,Toulouse,167,174,1,0,1.17089,0.691991
29719,2025,2026-02-08 16:15:00,Auxerre,Paris FC,275,290,0,0,1.27393,0.758207
29721,2025,2026-02-08 16:15:00,Le Havre,Strasbourg,282,225,2,1,0.856821,0.51294
29726,2025,2026-02-08 19:45:00,Paris Saint Germain,Marseille,161,164,5,0,4.63077,0.90611
29735,2025,2026-02-13 18:00:00,Rennes,Paris Saint Germain,163,161,3,1,1.80204,4.17604
29733,2025,2026-02-13 20:05:00,Monaco,Nantes,171,168,3,1,2.20188,1.00661
29731,2025,2026-02-14 16:00:00,Marseille,Strasbourg,164,225,2,2,1.61535,2.39153
29728,2025,2026-02-14 18:00:00,Lille,Brest,160,241,1,1,1.77426,0.841964
29734,2025,2026-02-14 20:05:00,Paris FC,Lens,290,210,0,5,0.399344,3.50163
29727,2025,2026-02-15 14:00:00,Le Havre,Toulouse,282,174,2,1,0.977711,3.12342
29729,2025,2026-02-15 16:15:00,Lorient,Angers,179,167,2,0,1.4393,0.406012
29732,2025,2026-02-15 16:15:00,Metz,Auxerre,180,275,1,3,0.753602,1.05829
29730,2025,2026-02-15 19:45:00,Lyon,Nice,178,170,2,0,1.9974,1.30477
29738,2025,2026-02-20 19:45:00,Brest,Marseille,241,164,2,0,1.33408,1.3575
29739,2025,2026-02-21 16:00:00,Lens,Monaco,210,171,2,3,1.82827,2.34004
29744,2025,2026-02-21 18:00:00,Toulouse,Paris FC,174,290,1,1,2.67763,0.687806
29742,2025,2026-02-21 20:05:00,Paris Saint Germain,Metz,161,180,3,0,2.41445,0.0591146
29737,2025,2026-02-22 14:00:00,Auxerre,Rennes,275,163,0,3,0.700042,1.10597
29736,2025,2026-02-22 16:15:00,Angers,Lille,167,160,0,1,0.24039,2.74265
29740,2025,2026-02-22 16:15:00,Nantes,Le Havre,168,282,2,0,1.70753,0.753349
29741,2025,2026-02-22 16:15:00,Nice,Lorient,170,179,3,3,2.74646,1.97697
29743,2025,2026-02-22 19:45:00,Strasbourg,Lyon,225,178,3,1,2.22901,0.427324
29753,2025,2026-02-27 19:45:00,Strasbourg,Lens,225,210,1,1,0.874721,2.03807
29752,2025,2026-02-28 16:00:00,Rennes,Toulouse,163,174,1,0,0.709138,0.668386
29750,2025,2026-02-28 18:00:00,Monaco,Angers,171,167,2,0,1.67082,0.609359
29745,2025,2026-02-28 20:05:00,Le Havre,Paris Saint Germain,282,161,0,1,0.682797,4.03627
29751,2025,2026-03-01 14:00:00,Paris FC,Nice,290,170,1,0,1.3017,1.26295
29746,2025,2026-03-01 16:15:00,Lille,Nantes,160,168,1,0,0.495693,0.171014
29747,2025,2026-03-01 16:15:00,Lorient,Auxerre,179,275,2,2,1.02766,1.96667
29749,2025,2026-03-01 16:15:00,Metz,Brest,180,241,0,1,1.58374,0.963216
29748,2025,2026-03-01 19:45:00,Marseille,Lyon,164,178,3,2,1.78764,1.78524
29761,2025,2026-03-06 19:45:00,Paris Saint Germain,Monaco,161,171,1,3,1.22179,1.75294
29759,2025,2026-03-07 16:00:00,Nantes,Angers,168,167,0,1,0.611683,0.853223
29754,2025,2026-03-07 18:00:00,Auxerre,Strasbourg,275,225,0,0,1.03226,1.27324
29762,2025,2026-03-07 20:05:00,Toulouse,Marseille,174,164,0,1,1.28713,1.3226
29756,2025,2026-03-08 14:00:00,Lens,Metz,210,180,3,0,2.22106,0.250806
29755,2025,2026-03-08 16:15:00,Brest,Le Havre,241,282,2,0,1.26459,1.10286
29757,2025,2026-03-08 16:15:00,Lille,Lorient,160,179,1,1,0.850092,0.929269
29760,2025,2026-03-08 16:15:00,Nice,Rennes,170,163,0,4,2.68488,1.87138
29758,2025,2026-03-08 19:45:00,Lyon,Paris FC,178,290,1,1,1.92522,2.32579
29766,2025,2026-03-13 19:45:00,Marseille,Auxerre,164,275,1,0,1.12898,0.293047
29765,2025,2026-03-14 16:00:00,Lorient,Lens,179,210,2,1,2.37345,1.01216
29763,2025,2026-03-14 18:00:00,Angers,Nice,167,170,0,2,0.889177,1.60128
29768,2025,2026-03-14 20:05:00,Monaco,Brest,171,241,2,0,2.81345,1.56097
29771,2025,2026-03-15 14:00:00,Strasbourg,Paris FC,225,290,0,0,1.20221,0.616395
29764,2025,2026-03-15 16:15:00,Le Havre,Lyon,282,178,0,0,0.640079,1.13833
29767,2025,2026-03-15 16:15:00,Metz,Toulouse,180,174,3,4,1.62616,1.74262
29770,2025,2026-03-15 19:45:00,Rennes,Lille,163,160,1,2,1.5463,1.3508
29773,2025,2026-03-20 19:45:00,Lens,Angers,210,167,5,1,4.33933,1.15185
29780,2025,2026-03-21 16:00:00,Toulouse,Lorient,174,179,1,0,1.48458,0.477676
29772,2025,2026-03-21 18:00:00,Auxerre,Brest,275,241,3,0,2.0573,0.882319
29777,2025,2026-03-21 20:05:00,Nice,Paris Saint Germain,170,161,0,4,0.17662,4.04442
29774,2025,2026-03-22 14:00:00,Lyon,Monaco,178,171,1,2,1.10723,3.4997
29775,2025,2026-03-22 16:15:00,Marseille,Lille,164,160,1,2,1.02929,1.61107
29778,2025,2026-03-22 16:15:00,Paris FC,Le Havre,290,282,3,2,2.42628,1.74386
29779,2025,2026-03-22 16:15:00,Rennes,Metz,163,180,0,0,1.70552,0.314914
29776,2025,2026-03-22 19:45:00,Nantes,Strasbourg,168,225,2,3,1.91469,2.83907
29788,2025,2026-04-03 18:45:00,Paris Saint Germain,Toulouse,161,174,3,1,1.7337,0.102597
29789,2025,2026-04-04 15:00:00,Strasbourg,Nice,225,170,3,1,2.70892,0.354354
29782,2025,2026-04-04 17:00:00,Brest,Rennes,241,163,3,4,1.89452,2.7958
29784,2025,2026-04-04 19:05:00,Lille,Lens,160,210,3,0,3.82171,0.412713
29781,2025,2026-04-05 13:00:00,Angers,Lyon,167,178,0,0,0.353538,0.522379
29783,2025,2026-04-05 15:15:00,Le Havre,Auxerre,282,275,1,1,0.711193,2.40825
29785,2025,2026-04-05 15:15:00,Lorient,Paris FC,179,290,1,1,1.16554,1.39879
29786,2025,2026-04-05 15:15:00,Metz,Nantes,180,168,0,0,2.3189,0.389282
29787,2025,2026-04-05 18:45:00,Monaco,Marseille,171,164,2,1,1.67743,3.10791
29796,2025,2026-04-10 17:00:00,Paris FC,Monaco,290,171,4,1,2.95341,1.7647
29794,2025,2026-04-10 19:05:00,Marseille,Metz,164,180,3,1,3.31638,0.535052
29790,2025,2026-04-11 17:00:00,Auxerre,Nantes,275,168,0,0,0.797017,1.44705
29797,2025,2026-04-11 19:05:00,Rennes,Angers,163,167,2,1,1.09968,1.19461
29795,2025,2026-04-12 15:15:00,Nice,Le Havre,170,282,1,1,2.14773,2.12622
29798,2025,2026-04-12 15:15:00,Toulouse,Lille,174,160,0,4,1.46514,2.08775
29793,2025,2026-04-12 18:45:00,Lyon,Lorient,178,179,2,0,1.84879,1.57488
29800,2025,2026-04-17 18:45:00,Lens,Toulouse,210,174,3,2,3.98387,0.578481
29802,2025,2026-04-18 15:00:00,Lorient,Marseille,179,164,2,0,1.28628,2.13073
29799,2025,2026-04-18 17:00:00,Angers,Le Havre,167,282,1,1,0.961095,1.54566
29801,2025,2026-04-18 19:05:00,Lille,Nice,160,170,0,0,0.413432,0.171356
29804,2025,2026-04-19 13:00:00,Monaco,Auxerre,171,275,2,2,1.94243,0.745123
29803,2025,2026-04-19 15:15:00,Metz,Paris FC,180,290,1,3,1.48448,1.97282
29805,2025,2026-04-19 15:15:00,Nantes,Brest,168,241,1,1,0.970265,0.631132
29807,2025,2026-04-19 15:15:00,Strasbourg,Rennes,225,163,0,3,0.944239,3.25297
29806,2025,2026-04-19 18:45:00,Paris Saint Germain,Lyon,161,178,1,2,3.20455,1.20364
29769,2025,2026-04-22 18:00:00,Paris Saint Germain,Nantes,161,168,3,0,2.26452,0.672206
29809,2025,2026-04-24 18:45:00,Brest,Lens,241,210,3,3,0.309794,3.24582
29812,2025,2026-04-25 13:00:00,Lyon,Auxerre,178,275,3,2,2.16328,0.883316
29808,2025,2026-04-25 17:00:00,Angers,Paris Saint Germain,167,161,0,3,0.977437,3.00296
29816,2025,2026-04-25 19:05:00,Toulouse,Monaco,174,171,2,2,2.15303,1.34617
29811,2025,2026-04-26 13:00:00,Lorient,Strasbourg,179,225,2,3,2.57081,1.98869
29810,2025,2026-04-26 15:15:00,Le Havre,Metz,282,180,4,4,2.64995,1.88709
29814,2025,2026-04-26 15:15:00,Paris FC,Lille,290,160,0,1,1.12423,1.75999
29815,2025,2026-04-26 15:15:00,Rennes,Nantes,163,168,2,1,1.55601,2.51691
29813,2025,2026-04-26 18:45:00,Marseille,Nice,164,170,1,1,2.82843,1.41493
29818,2025,2026-05-03 13:00:00,Lille,Le Havre,160,282,1,1,1.9163,0.334256
29820,2025,2026-05-03 13:00:00,Metz,Monaco,180,171,1,2,1.1478,1.58879
29821,2025,2026-05-03 13:00:00,Nantes,Marseille,168,164,3,0,3.07178,1.55164
29822,2025,2026-05-03 13:00:00,Nice,Lens,170,210,1,1,1.33864,1.55241
29824,2025,2026-05-03 13:00:00,Paris Saint Germain,Lorient,161,179,2,2,2.98414,1.27737
29817,2025,2026-05-03 15:15:00,Auxerre,Angers,275,167,3,1,2.5499,2.16783
29823,2025,2026-05-03 15:15:00,Paris FC,Brest,290,241,4,0,2.86094,0.733091
29825,2025,2026-05-03 15:15:00,Strasbourg,Toulouse,225,174,1,2,0.405296,1.67665
29819,2025,2026-05-03 18:45:00,Lyon,Rennes,178,163,4,2,2.6657,1.06495
29829,2025,2026-05-08 18:45:00,Lens,Nantes,210,168,1,0,0.719134,1.06721
29826,2025,2026-05-10 19:00:00,Angers,Strasbourg,167,225,1,1,0.793655,1.81952
29827,2025,2026-05-10 19:00:00,Auxerre,Nice,275,170,2,1,0.866185,2.07007
29828,2025,2026-05-10 19:00:00,Le Havre,Marseille,282,164,0,1,1.23305,1.03467
29830,2025,2026-05-10 19:00:00,Metz,Lorient,180,179,0,4,0.730271,1.76754
29831,2025,2026-05-10 19:00:00,Monaco,Lille,171,160,0,1,0.308864,0.400405
29832,2025,2026-05-10 19:00:00,Paris Saint Germain,Brest,161,241,1,0,1.608,0.123268
29833,2025,2026-05-10 19:00:00,Rennes,Paris FC,163,290,2,1,1.53143,1.59351
29834,2025,2026-05-10 19:00:00,Toulouse,Lyon,174,178,2,1,1.87108,1.56954
29791,2025,2026-05-13 17:00:00,Brest,Strasbourg,241,225,1,2,2.64653,1.69163
29792,2025,2026-05-13 19:00:00,Lens,Paris Saint Germain,210,161,0,2,3.03896,0.943876
29840,2025,2026-05-17 18:00:00,Nantes,Toulouse,168,174,0,0,,
29835,2025,2026-05-17 19:00:00,Brest,Angers,241,167,1,1,2.38724,1.06418
29836,2025,2026-05-17 19:00:00,Lille,Auxerre,160,275,0,2,1.22445,0.615778
29837,2025,2026-05-17 19:00:00,Lorient,Le Havre,179,282,0,2,1.26937,1.28765
29838,2025,2026-05-17 19:00:00,Lyon,Lens,178,210,0,4,1.12358,2.01573
29839,2025,2026-05-17 19:00:00,Marseille,Rennes,164,163,3,1,3.90151,2.20696
29841,2025,2026-05-17 19:00:00,Nice,Metz,170,180,0,0,1.216,0.836784
29842,2025,2026-05-17 19:00:00,Paris FC,Paris Saint Germain,290,161,2,1,2.32862,0.863934
29843,2025,2026-05-17 19:00:00,Strasbourg,Monaco,225,171,5,4,2.11536,1.44729
