id_sofascore,match_date,competition,season,home_team_id_ss,away_team_id_ss,home_team_name,away_team_name,home_score,away_score,data_source
14065228,2026-04-26,Bundesliga,Bundesliga 25/26,2673,2538,Borussia Dortmund,SC Freiburg,4.0,0.0,sofascore
14065241,2026-05-02,Bundesliga,Bundesliga 25/26,2534,2600,SV Werder Bremen,FC Augsburg,1.0,3.0,sofascore
14065242,2026-05-02,Bundesliga,Bundesliga 25/26,2547,2671,1. FC Union Berlin,1. FC Köln,2.0,2.0,sofascore
14065244,2026-05-02,Bundesliga,Bundesliga 25/26,2569,2677,TSG Hoffenheim,VfB Stuttgart,3.0,3.0,sofascore
14065239,2026-05-02,Bundesliga,Bundesliga 25/26,2674,2676,Eintracht Frankfurt,Hamburger SV,1.0,2.0,sofascore
14065232,2026-05-02,Bundesliga,Bundesliga 25/26,2672,5885,FC Bayern München,1. FC Heidenheim,3.0,3.0,sofascore
14065236,2026-05-02,Bundesliga,Bundesliga 25/26,2681,36360,Bayer 04 Leverkusen,RB Leipzig,4.0,1.0,sofascore
14065246,2026-05-03,Bundesliga,Bundesliga 25/26,2526,2556,FC St. Pauli,1. FSV Mainz 05,1.0,2.0,sofascore
14065243,2026-05-03,Bundesliga,Bundesliga 25/26,2527,2673,Borussia M'gladbach,Borussia Dortmund,1.0,0.0,sofascore
14065240,2026-05-03,Bundesliga,Bundesliga 25/26,2538,2524,SC Freiburg,VfL Wolfsburg,1.0,1.0,sofascore
14065245,2026-05-08,Bundesliga,Bundesliga 25/26,2673,2674,Borussia Dortmund,Eintracht Frankfurt,3.0,2.0,sofascore
14065249,2026-05-09,Bundesliga,Bundesliga 25/26,2600,2527,FC Augsburg,Borussia M'gladbach,3.0,1.0,sofascore
14065252,2026-05-09,Bundesliga,Bundesliga 25/26,2569,2534,TSG Hoffenheim,SV Werder Bremen,1.0,0.0,sofascore
14065250,2026-05-09,Bundesliga,Bundesliga 25/26,36360,2526,RB Leipzig,FC St. Pauli,2.0,1.0,sofascore
14065248,2026-05-09,Bundesliga,Bundesliga 25/26,2677,2681,VfB Stuttgart,Bayer 04 Leverkusen,3.0,1.0,sofascore
14065251,2026-05-09,Bundesliga,Bundesliga 25/26,2524,2672,VfL Wolfsburg,FC Bayern München,0.0,1.0,sofascore
14065255,2026-05-10,Bundesliga,Bundesliga 25/26,2676,2538,Hamburger SV,SC Freiburg,3.0,2.0,sofascore
14065253,2026-05-10,Bundesliga,Bundesliga 25/26,2671,5885,1. FC Köln,1. FC Heidenheim,1.0,3.0,sofascore
14065247,2026-05-10,Bundesliga,Bundesliga 25/26,2556,2547,1. FSV Mainz 05,1. FC Union Berlin,1.0,3.0,sofascore
14065562,2026-05-16,Bundesliga,Bundesliga 25/26,5885,2556,1. FC Heidenheim,1. FSV Mainz 05,0.0,2.0,sofascore
14065558,2026-05-16,Bundesliga,Bundesliga 25/26,2547,2600,1. FC Union Berlin,FC Augsburg,4.0,0.0,sofascore
14065563,2026-05-16,Bundesliga,Bundesliga 25/26,2526,2524,FC St. Pauli,VfL Wolfsburg,1.0,3.0,sofascore
14065559,2026-05-16,Bundesliga,Bundesliga 25/26,2527,2569,Borussia M'gladbach,TSG Hoffenheim,4.0,0.0,sofascore
14065560,2026-05-16,Bundesliga,Bundesliga 25/26,2674,2677,Eintracht Frankfurt,VfB Stuttgart,2.0,2.0,sofascore
14065555,2026-05-16,Bundesliga,Bundesliga 25/26,2538,36360,SC Freiburg,RB Leipzig,4.0,1.0,sofascore
14065557,2026-05-16,Bundesliga,Bundesliga 25/26,2681,2676,Bayer 04 Leverkusen,Hamburger SV,1.0,1.0,sofascore
14065561,2026-05-16,Bundesliga,Bundesliga 25/26,2534,2673,SV Werder Bremen,Borussia Dortmund,0.0,2.0,sofascore
14065556,2026-05-16,Bundesliga,Bundesliga 25/26,2672,2671,FC Bayern München,1. FC Köln,5.0,1.0,sofascore
16163439,2026-05-21,"Bundesliga, Relegation/Promotion Playoffs",Bundesliga 25/26,2524,2561,VfL Wolfsburg,SC Paderborn 07,0.0,0.0,sofascore
16163444,2026-05-25,"Bundesliga, Relegation/Promotion Playoffs",Bundesliga 25/26,2561,2524,SC Paderborn 07,VfL Wolfsburg,2.0,1.0,sofascore
14065206,2026-04-04,Bundesliga,Bundesliga 25/26,2538,2672,SC Freiburg,FC Bayern München,2.0,3.0,sofascore
14065207,2026-04-04,Bundesliga,Bundesliga 25/26,2677,2673,VfB Stuttgart,Borussia Dortmund,0.0,2.0,sofascore
14065209,2026-04-05,Bundesliga,Bundesliga 25/26,2547,2526,1. FC Union Berlin,FC St. Pauli,1.0,1.0,sofascore
14065204,2026-04-05,Bundesliga,Bundesliga 25/26,2674,2671,Eintracht Frankfurt,1. FC Köln,2.0,2.0,sofascore
14065217,2026-04-10,Bundesliga,Bundesliga 25/26,2600,2569,FC Augsburg,TSG Hoffenheim,2.0,2.0,sofascore
14065220,2026-04-11,Bundesliga,Bundesliga 25/26,5885,2547,1. FC Heidenheim,1. FC Union Berlin,3.0,1.0,sofascore
14065216,2026-04-11,Bundesliga,Bundesliga 25/26,2524,2674,VfL Wolfsburg,Eintracht Frankfurt,1.0,2.0,sofascore
14065212,2026-04-11,Bundesliga,Bundesliga 25/26,36360,2527,RB Leipzig,Borussia M'gladbach,1.0,0.0,sofascore
14065215,2026-04-11,Bundesliga,Bundesliga 25/26,2673,2681,Borussia Dortmund,Bayer 04 Leverkusen,0.0,1.0,sofascore
14065219,2026-04-11,Bundesliga,Bundesliga 25/26,2526,2672,FC St. Pauli,FC Bayern München,0.0,5.0,sofascore
14065218,2026-04-12,Bundesliga,Bundesliga 25/26,2671,2534,1. FC Köln,SV Werder Bremen,3.0,1.0,sofascore
14065213,2026-04-12,Bundesliga,Bundesliga 25/26,2677,2676,VfB Stuttgart,Hamburger SV,4.0,0.0,sofascore
14065214,2026-04-12,Bundesliga,Bundesliga 25/26,2556,2538,1. FSV Mainz 05,SC Freiburg,0.0,1.0,sofascore
14065229,2026-04-17,Bundesliga,Bundesliga 25/26,2526,2671,FC St. Pauli,1. FC Köln,1.0,1.0,sofascore
14065224,2026-04-18,Bundesliga,Bundesliga 25/26,2534,2676,SV Werder Bremen,Hamburger SV,3.0,1.0,sofascore
14065225,2026-04-18,Bundesliga,Bundesliga 25/26,2547,2524,1. FC Union Berlin,VfL Wolfsburg,1.0,2.0,sofascore
14065221,2026-04-18,Bundesliga,Bundesliga 25/26,2681,2600,Bayer 04 Leverkusen,FC Augsburg,1.0,2.0,sofascore
14065230,2026-04-18,Bundesliga,Bundesliga 25/26,2569,2673,TSG Hoffenheim,Borussia Dortmund,2.0,1.0,sofascore
14065223,2026-04-18,Bundesliga,Bundesliga 25/26,2674,36360,Eintracht Frankfurt,RB Leipzig,1.0,3.0,sofascore
14065226,2026-04-19,Bundesliga,Bundesliga 25/26,2538,5885,SC Freiburg,1. FC Heidenheim,2.0,1.0,sofascore
14065222,2026-04-19,Bundesliga,Bundesliga 25/26,2672,2677,FC Bayern München,VfB Stuttgart,4.0,2.0,sofascore
14065227,2026-04-19,Bundesliga,Bundesliga 25/26,2527,2556,Borussia M'gladbach,1. FSV Mainz 05,1.0,1.0,sofascore
14065257,2026-04-24,Bundesliga,Bundesliga 25/26,36360,2547,RB Leipzig,1. FC Union Berlin,3.0,1.0,sofascore
14065234,2026-04-25,Bundesliga,Bundesliga 25/26,5885,2526,1. FC Heidenheim,FC St. Pauli,2.0,0.0,sofascore
14065233,2026-04-25,Bundesliga,Bundesliga 25/26,2524,2527,VfL Wolfsburg,Borussia M'gladbach,0.0,0.0,sofascore
14065231,2026-04-25,Bundesliga,Bundesliga 25/26,2600,2674,FC Augsburg,Eintracht Frankfurt,1.0,1.0,sofascore
14065238,2026-04-25,Bundesliga,Bundesliga 25/26,2671,2681,1. FC Köln,Bayer 04 Leverkusen,1.0,2.0,sofascore
14065235,2026-04-25,Bundesliga,Bundesliga 25/26,2556,2672,1. FSV Mainz 05,FC Bayern München,3.0,4.0,sofascore
14065237,2026-04-25,Bundesliga,Bundesliga 25/26,2676,2569,Hamburger SV,TSG Hoffenheim,1.0,2.0,sofascore
14065256,2026-04-26,Bundesliga,Bundesliga 25/26,2677,2534,VfB Stuttgart,SV Werder Bremen,1.0,1.0,sofascore
14065178,2026-03-07,Bundesliga,Bundesliga 25/26,2524,2676,VfL Wolfsburg,Hamburger SV,1.0,2.0,sofascore
14065179,2026-03-07,Bundesliga,Bundesliga 25/26,2556,2677,1. FSV Mainz 05,VfB Stuttgart,2.0,2.0,sofascore
14065180,2026-03-07,Bundesliga,Bundesliga 25/26,36360,2600,RB Leipzig,FC Augsburg,2.0,1.0,sofascore
14062233,2026-03-07,Bundesliga,Bundesliga 25/26,2538,2681,SC Freiburg,Bayer 04 Leverkusen,3.0,3.0,sofascore
14065185,2026-03-07,Bundesliga,Bundesliga 25/26,2671,2673,1. FC Köln,Borussia Dortmund,1.0,2.0,sofascore
14065181,2026-03-08,Bundesliga,Bundesliga 25/26,2526,2674,FC St. Pauli,Eintracht Frankfurt,0.0,0.0,sofascore
14065182,2026-03-08,Bundesliga,Bundesliga 25/26,2547,2534,1. FC Union Berlin,SV Werder Bremen,1.0,4.0,sofascore
14065187,2026-03-13,Bundesliga,Bundesliga 25/26,2527,2526,Borussia M'gladbach,FC St. Pauli,2.0,0.0,sofascore
14065191,2026-03-14,Bundesliga,Bundesliga 25/26,2569,2524,TSG Hoffenheim,VfL Wolfsburg,1.0,1.0,sofascore
14065190,2026-03-14,Bundesliga,Bundesliga 25/26,2674,5885,Eintracht Frankfurt,1. FC Heidenheim,1.0,0.0,sofascore
14065184,2026-03-14,Bundesliga,Bundesliga 25/26,2673,2600,Borussia Dortmund,FC Augsburg,2.0,0.0,sofascore
14065183,2026-03-14,Bundesliga,Bundesliga 25/26,2681,2672,Bayer 04 Leverkusen,FC Bayern München,1.0,1.0,sofascore
14065192,2026-03-14,Bundesliga,Bundesliga 25/26,2676,2671,Hamburger SV,1. FC Köln,1.0,1.0,sofascore
14065189,2026-03-15,Bundesliga,Bundesliga 25/26,2534,2556,SV Werder Bremen,1. FSV Mainz 05,0.0,2.0,sofascore
14065188,2026-03-15,Bundesliga,Bundesliga 25/26,2538,2547,SC Freiburg,1. FC Union Berlin,0.0,1.0,sofascore
14065195,2026-03-15,Bundesliga,Bundesliga 25/26,2677,36360,VfB Stuttgart,RB Leipzig,1.0,0.0,sofascore
14065198,2026-03-20,Bundesliga,Bundesliga 25/26,36360,2569,RB Leipzig,TSG Hoffenheim,5.0,0.0,sofascore
14065199,2026-03-21,Bundesliga,Bundesliga 25/26,2524,2534,VfL Wolfsburg,SV Werder Bremen,0.0,1.0,sofascore
14065202,2026-03-21,Bundesliga,Bundesliga 25/26,2671,2527,1. FC Köln,Borussia M'gladbach,3.0,3.0,sofascore
14065200,2026-03-21,Bundesliga,Bundesliga 25/26,5885,2681,1. FC Heidenheim,Bayer 04 Leverkusen,3.0,3.0,sofascore
14065193,2026-03-21,Bundesliga,Bundesliga 25/26,2672,2547,FC Bayern München,1. FC Union Berlin,4.0,0.0,sofascore
14065197,2026-03-21,Bundesliga,Bundesliga 25/26,2673,2676,Borussia Dortmund,Hamburger SV,3.0,2.0,sofascore
14065194,2026-03-22,Bundesliga,Bundesliga 25/26,2556,2674,1. FSV Mainz 05,Eintracht Frankfurt,2.0,1.0,sofascore
14065201,2026-03-22,Bundesliga,Bundesliga 25/26,2526,2538,FC St. Pauli,SC Freiburg,1.0,2.0,sofascore
14065196,2026-03-22,Bundesliga,Bundesliga 25/26,2600,2677,FC Augsburg,VfB Stuttgart,2.0,5.0,sofascore
14065211,2026-04-04,Bundesliga,Bundesliga 25/26,2676,2600,Hamburger SV,FC Augsburg,1.0,1.0,sofascore
14065208,2026-04-04,Bundesliga,Bundesliga 25/26,2527,5885,Borussia M'gladbach,1. FC Heidenheim,2.0,2.0,sofascore
14065210,2026-04-04,Bundesliga,Bundesliga 25/26,2569,2556,TSG Hoffenheim,1. FSV Mainz 05,1.0,2.0,sofascore
14065205,2026-04-04,Bundesliga,Bundesliga 25/26,2534,36360,SV Werder Bremen,RB Leipzig,1.0,2.0,sofascore
14065203,2026-04-04,Bundesliga,Bundesliga 25/26,2681,2524,Bayer 04 Leverkusen,VfL Wolfsburg,6.0,3.0,sofascore
14062212,2026-02-13,Bundesliga,Bundesliga 25/26,2673,2556,Borussia Dortmund,1. FSV Mainz 05,4.0,0.0,sofascore
14062213,2026-02-14,Bundesliga,Bundesliga 25/26,2676,2547,Hamburger SV,1. FC Union Berlin,3.0,2.0,sofascore
14062214,2026-02-14,Bundesliga,Bundesliga 25/26,2569,2538,TSG Hoffenheim,SC Freiburg,3.0,0.0,sofascore
14062208,2026-02-14,Bundesliga,Bundesliga 25/26,2674,2527,Eintracht Frankfurt,Borussia M'gladbach,3.0,0.0,sofascore
14062206,2026-02-14,Bundesliga,Bundesliga 25/26,2681,2526,Bayer 04 Leverkusen,FC St. Pauli,4.0,0.0,sofascore
14062207,2026-02-14,Bundesliga,Bundesliga 25/26,2534,2672,SV Werder Bremen,FC Bayern München,0.0,3.0,sofascore
14062209,2026-02-14,Bundesliga,Bundesliga 25/26,2677,2671,VfB Stuttgart,1. FC Köln,3.0,1.0,sofascore
14062211,2026-02-15,Bundesliga,Bundesliga 25/26,2600,5885,FC Augsburg,1. FC Heidenheim,1.0,0.0,sofascore
14062210,2026-02-15,Bundesliga,Bundesliga 25/26,36360,2524,RB Leipzig,VfL Wolfsburg,2.0,2.0,sofascore
14062216,2026-02-20,Bundesliga,Bundesliga 25/26,2556,2676,1. FSV Mainz 05,Hamburger SV,1.0,1.0,sofascore
14062220,2026-02-21,Bundesliga,Bundesliga 25/26,2524,2600,VfL Wolfsburg,FC Augsburg,2.0,3.0,sofascore
14062223,2026-02-21,Bundesliga,Bundesliga 25/26,2671,2569,1. FC Köln,TSG Hoffenheim,2.0,2.0,sofascore
14062219,2026-02-21,Bundesliga,Bundesliga 25/26,2547,2681,1. FC Union Berlin,Bayer 04 Leverkusen,1.0,0.0,sofascore
14062215,2026-02-21,Bundesliga,Bundesliga 25/26,2672,2674,FC Bayern München,Eintracht Frankfurt,3.0,2.0,sofascore
14062218,2026-02-21,Bundesliga,Bundesliga 25/26,36360,2673,RB Leipzig,Borussia Dortmund,2.0,2.0,sofascore
14062217,2026-02-22,Bundesliga,Bundesliga 25/26,2538,2527,SC Freiburg,Borussia M'gladbach,2.0,1.0,sofascore
14062221,2026-02-22,Bundesliga,Bundesliga 25/26,2526,2534,FC St. Pauli,SV Werder Bremen,2.0,1.0,sofascore
14062222,2026-02-22,Bundesliga,Bundesliga 25/26,5885,2677,1. FC Heidenheim,VfB Stuttgart,3.0,3.0,sofascore
14062232,2026-02-27,Bundesliga,Bundesliga 25/26,2600,2671,FC Augsburg,1. FC Köln,2.0,0.0,sofascore
14062230,2026-02-28,Bundesliga,Bundesliga 25/26,2534,5885,SV Werder Bremen,1. FC Heidenheim,2.0,0.0,sofascore
14062231,2026-02-28,Bundesliga,Bundesliga 25/26,2569,2526,TSG Hoffenheim,FC St. Pauli,0.0,1.0,sofascore
14062226,2026-02-28,Bundesliga,Bundesliga 25/26,2527,2547,Borussia M'gladbach,1. FC Union Berlin,1.0,0.0,sofascore
14062227,2026-02-28,Bundesliga,Bundesliga 25/26,2681,2556,Bayer 04 Leverkusen,1. FSV Mainz 05,1.0,1.0,sofascore
14062225,2026-02-28,Bundesliga,Bundesliga 25/26,2673,2672,Borussia Dortmund,FC Bayern München,2.0,3.0,sofascore
14062234,2026-03-01,Bundesliga,Bundesliga 25/26,2677,2524,VfB Stuttgart,VfL Wolfsburg,4.0,0.0,sofascore
14062224,2026-03-01,Bundesliga,Bundesliga 25/26,2674,2538,Eintracht Frankfurt,SC Freiburg,2.0,0.0,sofascore
14062229,2026-03-01,Bundesliga,Bundesliga 25/26,2676,36360,Hamburger SV,RB Leipzig,1.0,2.0,sofascore
15380505,2026-03-04,Bundesliga,Bundesliga 25/26,2676,2681,Hamburger SV,Bayer 04 Leverkusen,0.0,1.0,sofascore
14062228,2026-03-06,Bundesliga,Bundesliga 25/26,2672,2527,FC Bayern München,Borussia M'gladbach,4.0,1.0,sofascore
14065186,2026-03-07,Bundesliga,Bundesliga 25/26,5885,2569,1. FC Heidenheim,TSG Hoffenheim,2.0,4.0,sofascore
14062172,2026-01-18,Bundesliga,Bundesliga 25/26,2600,2538,FC Augsburg,SC Freiburg,2.0,2.0,sofascore
14062185,2026-01-23,Bundesliga,Bundesliga 25/26,2526,2676,FC St. Pauli,Hamburger SV,0.0,0.0,sofascore
14062182,2026-01-24,Bundesliga,Bundesliga 25/26,2556,2524,1. FSV Mainz 05,VfL Wolfsburg,3.0,1.0,sofascore
14062180,2026-01-24,Bundesliga,Bundesliga 25/26,2674,2569,Eintracht Frankfurt,TSG Hoffenheim,1.0,3.0,sofascore
14062186,2026-01-24,Bundesliga,Bundesliga 25/26,5885,36360,1. FC Heidenheim,RB Leipzig,0.0,3.0,sofascore
14062178,2026-01-24,Bundesliga,Bundesliga 25/26,2681,2534,Bayer 04 Leverkusen,SV Werder Bremen,1.0,0.0,sofascore
14062179,2026-01-24,Bundesliga,Bundesliga 25/26,2672,2600,FC Bayern München,FC Augsburg,1.0,2.0,sofascore
14062184,2026-01-24,Bundesliga,Bundesliga 25/26,2547,2673,1. FC Union Berlin,Borussia Dortmund,0.0,3.0,sofascore
14062183,2026-01-25,Bundesliga,Bundesliga 25/26,2527,2677,Borussia M'gladbach,VfB Stuttgart,0.0,3.0,sofascore
14062181,2026-01-25,Bundesliga,Bundesliga 25/26,2538,2671,SC Freiburg,1. FC Köln,2.0,1.0,sofascore
15362425,2026-01-27,Bundesliga,Bundesliga 25/26,2534,2569,SV Werder Bremen,TSG Hoffenheim,0.0,2.0,sofascore
15362429,2026-01-27,Bundesliga,Bundesliga 25/26,2526,36360,FC St. Pauli,RB Leipzig,1.0,1.0,sofascore
14062196,2026-01-30,Bundesliga,Bundesliga 25/26,2671,2524,1. FC Köln,VfL Wolfsburg,1.0,0.0,sofascore
14062195,2026-01-31,Bundesliga,Bundesliga 25/26,2600,2526,FC Augsburg,FC St. Pauli,2.0,1.0,sofascore
14062194,2026-01-31,Bundesliga,Bundesliga 25/26,2534,2527,SV Werder Bremen,Borussia M'gladbach,1.0,1.0,sofascore
14062197,2026-01-31,Bundesliga,Bundesliga 25/26,2569,2547,TSG Hoffenheim,1. FC Union Berlin,3.0,1.0,sofascore
14062189,2026-01-31,Bundesliga,Bundesliga 25/26,36360,2556,RB Leipzig,1. FSV Mainz 05,1.0,2.0,sofascore
14062190,2026-01-31,Bundesliga,Bundesliga 25/26,2674,2681,Eintracht Frankfurt,Bayer 04 Leverkusen,1.0,3.0,sofascore
14062191,2026-01-31,Bundesliga,Bundesliga 25/26,2676,2672,Hamburger SV,FC Bayern München,2.0,2.0,sofascore
14062192,2026-02-01,Bundesliga,Bundesliga 25/26,2677,2538,VfB Stuttgart,SC Freiburg,1.0,0.0,sofascore
14062187,2026-02-01,Bundesliga,Bundesliga 25/26,2673,5885,Borussia Dortmund,1. FC Heidenheim,3.0,2.0,sofascore
14062202,2026-02-06,Bundesliga,Bundesliga 25/26,2547,2674,1. FC Union Berlin,Eintracht Frankfurt,1.0,1.0,sofascore
14062203,2026-02-07,Bundesliga,Bundesliga 25/26,5885,2676,1. FC Heidenheim,Hamburger SV,0.0,2.0,sofascore
14062198,2026-02-07,Bundesliga,Bundesliga 25/26,2556,2600,1. FSV Mainz 05,FC Augsburg,2.0,0.0,sofascore
14062193,2026-02-07,Bundesliga,Bundesliga 25/26,2538,2534,SC Freiburg,SV Werder Bremen,1.0,0.0,sofascore
14062201,2026-02-07,Bundesliga,Bundesliga 25/26,2526,2677,FC St. Pauli,VfB Stuttgart,2.0,1.0,sofascore
14062200,2026-02-07,Bundesliga,Bundesliga 25/26,2524,2673,VfL Wolfsburg,Borussia Dortmund,1.0,2.0,sofascore
14062199,2026-02-07,Bundesliga,Bundesliga 25/26,2527,2681,Borussia M'gladbach,Bayer 04 Leverkusen,1.0,1.0,sofascore
14062205,2026-02-08,Bundesliga,Bundesliga 25/26,2671,36360,1. FC Köln,RB Leipzig,1.0,2.0,sofascore
14062188,2026-02-08,Bundesliga,Bundesliga 25/26,2672,2569,FC Bayern München,TSG Hoffenheim,5.0,1.0,sofascore
14062140,2025-12-20,Bundesliga,Bundesliga 25/26,2676,2674,Hamburger SV,Eintracht Frankfurt,1.0,1.0,sofascore
14062143,2025-12-20,Bundesliga,Bundesliga 25/26,36360,2681,RB Leipzig,Bayer 04 Leverkusen,1.0,3.0,sofascore
14062159,2025-12-21,Bundesliga,Bundesliga 25/26,2556,2526,1. FSV Mainz 05,FC St. Pauli,0.0,0.0,sofascore
14062150,2025-12-21,Bundesliga,Bundesliga 25/26,5885,2672,1. FC Heidenheim,FC Bayern München,0.0,4.0,sofascore
14062141,2026-01-09,Bundesliga,Bundesliga 25/26,2674,2673,Eintracht Frankfurt,Borussia Dortmund,3.0,3.0,sofascore
14062157,2026-01-10,Bundesliga,Bundesliga 25/26,5885,2671,1. FC Heidenheim,1. FC Köln,2.0,2.0,sofascore
14062144,2026-01-10,Bundesliga,Bundesliga 25/26,2534,2569,SV Werder Bremen,TSG Hoffenheim,,,sofascore
14062148,2026-01-10,Bundesliga,Bundesliga 25/26,2538,2676,SC Freiburg,Hamburger SV,2.0,1.0,sofascore
14062152,2026-01-10,Bundesliga,Bundesliga 25/26,2547,2556,1. FC Union Berlin,1. FSV Mainz 05,2.0,2.0,sofascore
14062153,2026-01-10,Bundesliga,Bundesliga 25/26,2526,36360,FC St. Pauli,RB Leipzig,,,sofascore
14062147,2026-01-10,Bundesliga,Bundesliga 25/26,2681,2677,Bayer 04 Leverkusen,VfB Stuttgart,1.0,4.0,sofascore
14062158,2026-01-11,Bundesliga,Bundesliga 25/26,2527,2600,Borussia M'gladbach,FC Augsburg,4.0,0.0,sofascore
14062145,2026-01-11,Bundesliga,Bundesliga 25/26,2672,2524,FC Bayern München,VfL Wolfsburg,8.0,1.0,sofascore
14062161,2026-01-13,Bundesliga,Bundesliga 25/26,2677,2674,VfB Stuttgart,Eintracht Frankfurt,3.0,2.0,sofascore
14062156,2026-01-13,Bundesliga,Bundesliga 25/26,2556,5885,1. FSV Mainz 05,1. FC Heidenheim,2.0,1.0,sofascore
14062169,2026-01-13,Bundesliga,Bundesliga 25/26,2676,2681,Hamburger SV,Bayer 04 Leverkusen,,,sofascore
14062154,2026-01-13,Bundesliga,Bundesliga 25/26,2673,2534,Borussia Dortmund,SV Werder Bremen,3.0,0.0,sofascore
14062164,2026-01-14,Bundesliga,Bundesliga 25/26,2524,2526,VfL Wolfsburg,FC St. Pauli,2.0,1.0,sofascore
14062166,2026-01-14,Bundesliga,Bundesliga 25/26,2569,2527,TSG Hoffenheim,Borussia M'gladbach,5.0,1.0,sofascore
14062149,2026-01-14,Bundesliga,Bundesliga 25/26,36360,2538,RB Leipzig,SC Freiburg,2.0,0.0,sofascore
14062167,2026-01-14,Bundesliga,Bundesliga 25/26,2671,2672,1. FC Köln,FC Bayern München,1.0,3.0,sofascore
14062165,2026-01-15,Bundesliga,Bundesliga 25/26,2600,2547,FC Augsburg,1. FC Union Berlin,1.0,1.0,sofascore
14062174,2026-01-16,Bundesliga,Bundesliga 25/26,2534,2674,SV Werder Bremen,Eintracht Frankfurt,3.0,3.0,sofascore
14062176,2026-01-17,Bundesliga,Bundesliga 25/26,2671,2556,1. FC Köln,1. FSV Mainz 05,2.0,1.0,sofascore
14062173,2026-01-17,Bundesliga,Bundesliga 25/26,2524,5885,VfL Wolfsburg,1. FC Heidenheim,1.0,1.0,sofascore
14062177,2026-01-17,Bundesliga,Bundesliga 25/26,2676,2527,Hamburger SV,Borussia M'gladbach,0.0,0.0,sofascore
14062175,2026-01-17,Bundesliga,Bundesliga 25/26,2569,2681,TSG Hoffenheim,Bayer 04 Leverkusen,1.0,0.0,sofascore
14062168,2026-01-17,Bundesliga,Bundesliga 25/26,2673,2526,Borussia Dortmund,FC St. Pauli,3.0,2.0,sofascore
14062170,2026-01-17,Bundesliga,Bundesliga 25/26,36360,2672,RB Leipzig,FC Bayern München,1.0,5.0,sofascore
14062171,2026-01-18,Bundesliga,Bundesliga 25/26,2677,2547,VfB Stuttgart,1. FC Union Berlin,1.0,1.0,sofascore
14065159,2025-11-29,Bundesliga,Bundesliga 25/26,2534,2671,SV Werder Bremen,1. FC Köln,1.0,1.0,sofascore
14065164,2025-11-29,Bundesliga,Bundesliga 25/26,2547,5885,1. FC Union Berlin,1. FC Heidenheim,1.0,2.0,sofascore
14065156,2025-11-29,Bundesliga,Bundesliga 25/26,2672,2526,FC Bayern München,FC St. Pauli,3.0,1.0,sofascore
14065158,2025-11-29,Bundesliga,Bundesliga 25/26,2681,2673,Bayer 04 Leverkusen,Borussia Dortmund,1.0,2.0,sofascore
14065162,2025-11-30,Bundesliga,Bundesliga 25/26,2676,2677,Hamburger SV,VfB Stuttgart,2.0,1.0,sofascore
14065157,2025-11-30,Bundesliga,Bundesliga 25/26,2674,2524,Eintracht Frankfurt,VfL Wolfsburg,1.0,1.0,sofascore
14065160,2025-11-30,Bundesliga,Bundesliga 25/26,2538,2556,SC Freiburg,1. FSV Mainz 05,4.0,0.0,sofascore
14065165,2025-12-05,Bundesliga,Bundesliga 25/26,2556,2527,1. FSV Mainz 05,Borussia M'gladbach,0.0,1.0,sofascore
14065171,2025-12-06,Bundesliga,Bundesliga 25/26,2671,2526,1. FC Köln,FC St. Pauli,1.0,1.0,sofascore
14065173,2025-12-06,Bundesliga,Bundesliga 25/26,5885,2538,1. FC Heidenheim,SC Freiburg,2.0,1.0,sofascore
14065170,2025-12-06,Bundesliga,Bundesliga 25/26,2524,2547,VfL Wolfsburg,1. FC Union Berlin,3.0,1.0,sofascore
14065169,2025-12-06,Bundesliga,Bundesliga 25/26,2600,2681,FC Augsburg,Bayer 04 Leverkusen,2.0,0.0,sofascore
14065168,2025-12-06,Bundesliga,Bundesliga 25/26,2677,2672,VfB Stuttgart,FC Bayern München,0.0,5.0,sofascore
14065167,2025-12-06,Bundesliga,Bundesliga 25/26,36360,2674,RB Leipzig,Eintracht Frankfurt,6.0,0.0,sofascore
14065172,2025-12-07,Bundesliga,Bundesliga 25/26,2676,2534,Hamburger SV,SV Werder Bremen,3.0,2.0,sofascore
14065161,2025-12-07,Bundesliga,Bundesliga 25/26,2673,2569,Borussia Dortmund,TSG Hoffenheim,2.0,0.0,sofascore
14062138,2025-12-12,Bundesliga,Bundesliga 25/26,2547,36360,1. FC Union Berlin,RB Leipzig,3.0,1.0,sofascore
14062155,2025-12-13,Bundesliga,Bundesliga 25/26,2526,5885,FC St. Pauli,1. FC Heidenheim,2.0,1.0,sofascore
14062139,2025-12-13,Bundesliga,Bundesliga 25/26,2569,2676,TSG Hoffenheim,Hamburger SV,4.0,1.0,sofascore
14062146,2025-12-13,Bundesliga,Bundesliga 25/26,2527,2524,Borussia M'gladbach,VfL Wolfsburg,1.0,3.0,sofascore
14065176,2025-12-13,Bundesliga,Bundesliga 25/26,2674,2600,Eintracht Frankfurt,FC Augsburg,1.0,0.0,sofascore
14065175,2025-12-13,Bundesliga,Bundesliga 25/26,2681,2671,Bayer 04 Leverkusen,1. FC Köln,2.0,0.0,sofascore
14065177,2025-12-14,Bundesliga,Bundesliga 25/26,2538,2673,SC Freiburg,Borussia Dortmund,1.0,1.0,sofascore
14065174,2025-12-14,Bundesliga,Bundesliga 25/26,2672,2556,FC Bayern München,1. FSV Mainz 05,2.0,2.0,sofascore
14062137,2025-12-14,Bundesliga,Bundesliga 25/26,2534,2677,SV Werder Bremen,VfB Stuttgart,0.0,4.0,sofascore
14062163,2025-12-19,Bundesliga,Bundesliga 25/26,2673,2527,Borussia Dortmund,Borussia M'gladbach,2.0,0.0,sofascore
14062151,2025-12-20,Bundesliga,Bundesliga 25/26,2600,2534,FC Augsburg,SV Werder Bremen,0.0,0.0,sofascore
14062142,2025-12-20,Bundesliga,Bundesliga 25/26,2671,2547,1. FC Köln,1. FC Union Berlin,0.0,1.0,sofascore
14062162,2025-12-20,Bundesliga,Bundesliga 25/26,2524,2538,VfL Wolfsburg,SC Freiburg,3.0,4.0,sofascore
14062160,2025-12-20,Bundesliga,Bundesliga 25/26,2677,2569,VfB Stuttgart,TSG Hoffenheim,0.0,0.0,sofascore
14065123,2025-10-26,Bundesliga,Bundesliga 25/26,2677,2556,VfB Stuttgart,1. FSV Mainz 05,2.0,1.0,sofascore
14065133,2025-10-31,Bundesliga,Bundesliga 25/26,2600,2673,FC Augsburg,Borussia Dortmund,0.0,1.0,sofascore
14065130,2025-11-01,Bundesliga,Bundesliga 25/26,2556,2534,1. FSV Mainz 05,SV Werder Bremen,1.0,1.0,sofascore
14065135,2025-11-01,Bundesliga,Bundesliga 25/26,2526,2527,FC St. Pauli,Borussia M'gladbach,0.0,4.0,sofascore
14065134,2025-11-01,Bundesliga,Bundesliga 25/26,2547,2538,1. FC Union Berlin,SC Freiburg,0.0,0.0,sofascore
14065136,2025-11-01,Bundesliga,Bundesliga 25/26,5885,2674,1. FC Heidenheim,Eintracht Frankfurt,1.0,1.0,sofascore
14065132,2025-11-01,Bundesliga,Bundesliga 25/26,36360,2677,RB Leipzig,VfB Stuttgart,3.0,1.0,sofascore
14065128,2025-11-01,Bundesliga,Bundesliga 25/26,2672,2681,FC Bayern München,Bayer 04 Leverkusen,3.0,0.0,sofascore
14065139,2025-11-02,Bundesliga,Bundesliga 25/26,2671,2676,1. FC Köln,Hamburger SV,4.0,1.0,sofascore
14065131,2025-11-02,Bundesliga,Bundesliga 25/26,2524,2569,VfL Wolfsburg,TSG Hoffenheim,2.0,3.0,sofascore
14065138,2025-11-07,Bundesliga,Bundesliga 25/26,2534,2524,SV Werder Bremen,VfL Wolfsburg,2.0,1.0,sofascore
14065145,2025-11-08,Bundesliga,Bundesliga 25/26,2569,36360,TSG Hoffenheim,RB Leipzig,3.0,1.0,sofascore
14065137,2025-11-08,Bundesliga,Bundesliga 25/26,2681,5885,Bayer 04 Leverkusen,1. FC Heidenheim,6.0,0.0,sofascore
14065146,2025-11-08,Bundesliga,Bundesliga 25/26,2676,2673,Hamburger SV,Borussia Dortmund,1.0,1.0,sofascore
14065143,2025-11-08,Bundesliga,Bundesliga 25/26,2547,2672,1. FC Union Berlin,FC Bayern München,2.0,2.0,sofascore
14065144,2025-11-08,Bundesliga,Bundesliga 25/26,2527,2671,Borussia M'gladbach,1. FC Köln,3.0,1.0,sofascore
14065142,2025-11-09,Bundesliga,Bundesliga 25/26,2538,2526,SC Freiburg,FC St. Pauli,2.0,1.0,sofascore
14065141,2025-11-09,Bundesliga,Bundesliga 25/26,2677,2600,VfB Stuttgart,FC Augsburg,3.0,2.0,sofascore
14065140,2025-11-09,Bundesliga,Bundesliga 25/26,2674,2556,Eintracht Frankfurt,1. FSV Mainz 05,1.0,0.0,sofascore
14065149,2025-11-21,Bundesliga,Bundesliga 25/26,2556,2569,1. FSV Mainz 05,TSG Hoffenheim,1.0,1.0,sofascore
14065152,2025-11-22,Bundesliga,Bundesliga 25/26,2600,2676,FC Augsburg,Hamburger SV,1.0,0.0,sofascore
14065153,2025-11-22,Bundesliga,Bundesliga 25/26,5885,2527,1. FC Heidenheim,Borussia M'gladbach,0.0,3.0,sofascore
14065150,2025-11-22,Bundesliga,Bundesliga 25/26,2524,2681,VfL Wolfsburg,Bayer 04 Leverkusen,1.0,3.0,sofascore
14065147,2025-11-22,Bundesliga,Bundesliga 25/26,2673,2677,Borussia Dortmund,VfB Stuttgart,3.0,3.0,sofascore
14065148,2025-11-22,Bundesliga,Bundesliga 25/26,2672,2538,FC Bayern München,SC Freiburg,6.0,2.0,sofascore
14065155,2025-11-22,Bundesliga,Bundesliga 25/26,2671,2674,1. FC Köln,Eintracht Frankfurt,3.0,4.0,sofascore
14065151,2025-11-23,Bundesliga,Bundesliga 25/26,36360,2534,RB Leipzig,SV Werder Bremen,2.0,0.0,sofascore
14065154,2025-11-23,Bundesliga,Bundesliga 25/26,2526,2547,FC St. Pauli,1. FC Union Berlin,0.0,1.0,sofascore
14065166,2025-11-28,Bundesliga,Bundesliga 25/26,2527,36360,Borussia M'gladbach,RB Leipzig,0.0,0.0,sofascore
14065163,2025-11-29,Bundesliga,Bundesliga 25/26,2569,2600,TSG Hoffenheim,FC Augsburg,3.0,0.0,sofascore
14065092,2025-09-27,Bundesliga,Bundesliga 25/26,2527,2674,Borussia M'gladbach,Eintracht Frankfurt,4.0,6.0,sofascore
14065097,2025-09-28,Bundesliga,Bundesliga 25/26,2538,2569,SC Freiburg,TSG Hoffenheim,1.0,1.0,sofascore
14065099,2025-09-28,Bundesliga,Bundesliga 25/26,2671,2677,1. FC Köln,VfB Stuttgart,1.0,2.0,sofascore
14065101,2025-09-28,Bundesliga,Bundesliga 25/26,2547,2676,1. FC Union Berlin,Hamburger SV,0.0,0.0,sofascore
14065113,2025-10-03,Bundesliga,Bundesliga 25/26,2569,2671,TSG Hoffenheim,1. FC Köln,0.0,1.0,sofascore
14065106,2025-10-04,Bundesliga,Bundesliga 25/26,2534,2526,SV Werder Bremen,FC St. Pauli,1.0,0.0,sofascore
14065107,2025-10-04,Bundesliga,Bundesliga 25/26,2600,2524,FC Augsburg,VfL Wolfsburg,3.0,1.0,sofascore
14065104,2025-10-04,Bundesliga,Bundesliga 25/26,2681,2547,Bayer 04 Leverkusen,1. FC Union Berlin,2.0,0.0,sofascore
14065098,2025-10-04,Bundesliga,Bundesliga 25/26,2673,36360,Borussia Dortmund,RB Leipzig,1.0,1.0,sofascore
14065100,2025-10-04,Bundesliga,Bundesliga 25/26,2674,2672,Eintracht Frankfurt,FC Bayern München,0.0,3.0,sofascore
14065105,2025-10-05,Bundesliga,Bundesliga 25/26,2677,5885,VfB Stuttgart,1. FC Heidenheim,1.0,0.0,sofascore
14065108,2025-10-05,Bundesliga,Bundesliga 25/26,2676,2556,Hamburger SV,1. FSV Mainz 05,4.0,0.0,sofascore
14065110,2025-10-05,Bundesliga,Bundesliga 25/26,2527,2538,Borussia M'gladbach,SC Freiburg,0.0,0.0,sofascore
14065117,2025-10-17,Bundesliga,Bundesliga 25/26,2547,2527,1. FC Union Berlin,Borussia M'gladbach,3.0,1.0,sofascore
14065119,2025-10-18,Bundesliga,Bundesliga 25/26,2671,2600,1. FC Köln,FC Augsburg,1.0,1.0,sofascore
14065118,2025-10-18,Bundesliga,Bundesliga 25/26,5885,2534,1. FC Heidenheim,SV Werder Bremen,2.0,2.0,sofascore
14065115,2025-10-18,Bundesliga,Bundesliga 25/26,2524,2677,VfL Wolfsburg,VfB Stuttgart,0.0,3.0,sofascore
14065114,2025-10-18,Bundesliga,Bundesliga 25/26,36360,2676,RB Leipzig,Hamburger SV,2.0,1.0,sofascore
14065112,2025-10-18,Bundesliga,Bundesliga 25/26,2556,2681,1. FSV Mainz 05,Bayer 04 Leverkusen,3.0,4.0,sofascore
14065109,2025-10-18,Bundesliga,Bundesliga 25/26,2672,2673,FC Bayern München,Borussia Dortmund,2.0,1.0,sofascore
14065111,2025-10-19,Bundesliga,Bundesliga 25/26,2538,2674,SC Freiburg,Eintracht Frankfurt,2.0,2.0,sofascore
14065116,2025-10-19,Bundesliga,Bundesliga 25/26,2526,2569,FC St. Pauli,TSG Hoffenheim,0.0,3.0,sofascore
14065124,2025-10-24,Bundesliga,Bundesliga 25/26,2534,2547,SV Werder Bremen,1. FC Union Berlin,1.0,0.0,sofascore
14065126,2025-10-25,Bundesliga,Bundesliga 25/26,2569,5885,TSG Hoffenheim,1. FC Heidenheim,3.0,1.0,sofascore
14065129,2025-10-25,Bundesliga,Bundesliga 25/26,2676,2524,Hamburger SV,VfL Wolfsburg,0.0,1.0,sofascore
14065120,2025-10-25,Bundesliga,Bundesliga 25/26,2674,2526,Eintracht Frankfurt,FC St. Pauli,2.0,0.0,sofascore
14065127,2025-10-25,Bundesliga,Bundesliga 25/26,2600,36360,FC Augsburg,RB Leipzig,0.0,6.0,sofascore
14065125,2025-10-25,Bundesliga,Bundesliga 25/26,2527,2672,Borussia M'gladbach,FC Bayern München,0.0,3.0,sofascore
14065122,2025-10-25,Bundesliga,Bundesliga 25/26,2673,2671,Borussia Dortmund,1. FC Köln,1.0,0.0,sofascore
14065121,2025-10-26,Bundesliga,Bundesliga 25/26,2681,2538,Bayer 04 Leverkusen,SC Freiburg,2.0,0.0,sofascore
14065071,2025-08-30,Bundesliga,Bundesliga 25/26,2569,2674,TSG Hoffenheim,Eintracht Frankfurt,1.0,3.0,sofascore
14065064,2025-08-30,Bundesliga,Bundesliga 25/26,36360,5885,RB Leipzig,1. FC Heidenheim,2.0,0.0,sofascore
14065063,2025-08-30,Bundesliga,Bundesliga 25/26,2534,2681,SV Werder Bremen,Bayer 04 Leverkusen,3.0,3.0,sofascore
14065075,2025-08-30,Bundesliga,Bundesliga 25/26,2600,2672,FC Augsburg,FC Bayern München,2.0,3.0,sofascore
14065067,2025-08-31,Bundesliga,Bundesliga 25/26,2524,2556,VfL Wolfsburg,1. FSV Mainz 05,1.0,1.0,sofascore
14065066,2025-08-31,Bundesliga,Bundesliga 25/26,2673,2547,Borussia Dortmund,1. FC Union Berlin,3.0,0.0,sofascore
14065073,2025-08-31,Bundesliga,Bundesliga 25/26,2671,2538,1. FC Köln,SC Freiburg,4.0,1.0,sofascore
14065076,2025-09-12,Bundesliga,Bundesliga 25/26,2681,2674,Bayer 04 Leverkusen,Eintracht Frankfurt,3.0,1.0,sofascore
14065077,2025-09-13,Bundesliga,Bundesliga 25/26,2524,2671,VfL Wolfsburg,1. FC Köln,3.0,3.0,sofascore
14065081,2025-09-13,Bundesliga,Bundesliga 25/26,2547,2569,1. FC Union Berlin,TSG Hoffenheim,2.0,4.0,sofascore
14065079,2025-09-13,Bundesliga,Bundesliga 25/26,2538,2677,SC Freiburg,VfB Stuttgart,3.0,1.0,sofascore
14065078,2025-09-13,Bundesliga,Bundesliga 25/26,2556,36360,1. FSV Mainz 05,RB Leipzig,0.0,1.0,sofascore
14065082,2025-09-13,Bundesliga,Bundesliga 25/26,5885,2673,1. FC Heidenheim,Borussia Dortmund,0.0,2.0,sofascore
14057801,2025-09-13,Bundesliga,Bundesliga 25/26,2672,2676,FC Bayern München,Hamburger SV,5.0,0.0,sofascore
14065083,2025-09-14,Bundesliga,Bundesliga 25/26,2526,2600,FC St. Pauli,FC Augsburg,2.0,1.0,sofascore
14065080,2025-09-14,Bundesliga,Bundesliga 25/26,2527,2534,Borussia M'gladbach,SV Werder Bremen,0.0,4.0,sofascore
14065089,2025-09-19,Bundesliga,Bundesliga 25/26,2677,2526,VfB Stuttgart,FC St. Pauli,2.0,0.0,sofascore
14065090,2025-09-20,Bundesliga,Bundesliga 25/26,2676,5885,Hamburger SV,1. FC Heidenheim,2.0,1.0,sofascore
14065093,2025-09-20,Bundesliga,Bundesliga 25/26,2600,2556,FC Augsburg,1. FSV Mainz 05,1.0,4.0,sofascore
14065086,2025-09-20,Bundesliga,Bundesliga 25/26,2534,2538,SV Werder Bremen,SC Freiburg,0.0,3.0,sofascore
14065096,2025-09-20,Bundesliga,Bundesliga 25/26,2569,2672,TSG Hoffenheim,FC Bayern München,1.0,4.0,sofascore
14065091,2025-09-20,Bundesliga,Bundesliga 25/26,36360,2671,RB Leipzig,1. FC Köln,3.0,1.0,sofascore
14065087,2025-09-21,Bundesliga,Bundesliga 25/26,2674,2547,Eintracht Frankfurt,1. FC Union Berlin,3.0,4.0,sofascore
14065084,2025-09-21,Bundesliga,Bundesliga 25/26,2681,2527,Bayer 04 Leverkusen,Borussia M'gladbach,1.0,1.0,sofascore
14065085,2025-09-21,Bundesliga,Bundesliga 25/26,2673,2524,Borussia Dortmund,VfL Wolfsburg,1.0,0.0,sofascore
14065088,2025-09-26,Bundesliga,Bundesliga 25/26,2672,2534,FC Bayern München,SV Werder Bremen,4.0,0.0,sofascore
14065102,2025-09-27,Bundesliga,Bundesliga 25/26,5885,2600,1. FC Heidenheim,FC Augsburg,2.0,1.0,sofascore
14065103,2025-09-27,Bundesliga,Bundesliga 25/26,2524,36360,VfL Wolfsburg,RB Leipzig,0.0,1.0,sofascore
14065095,2025-09-27,Bundesliga,Bundesliga 25/26,2526,2681,FC St. Pauli,Bayer 04 Leverkusen,1.0,2.0,sofascore
14065094,2025-09-27,Bundesliga,Bundesliga 25/26,2556,2673,1. FSV Mainz 05,Borussia Dortmund,0.0,2.0,sofascore
14056037,2025-08-22,Bundesliga,Bundesliga 25/26,2672,36360,FC Bayern München,RB Leipzig,6.0,0.0,sofascore
14062011,2025-08-23,Bundesliga,Bundesliga 25/26,5885,2524,1. FC Heidenheim,VfL Wolfsburg,1.0,3.0,sofascore
14062012,2025-08-23,Bundesliga,Bundesliga 25/26,2538,2600,SC Freiburg,FC Augsburg,1.0,3.0,sofascore
14057744,2025-08-23,Bundesliga,Bundesliga 25/26,2674,2534,Eintracht Frankfurt,SV Werder Bremen,4.0,1.0,sofascore
14062006,2025-08-23,Bundesliga,Bundesliga 25/26,2547,2677,1. FC Union Berlin,VfB Stuttgart,2.0,1.0,sofascore
14062009,2025-08-23,Bundesliga,Bundesliga 25/26,2681,2569,Bayer 04 Leverkusen,TSG Hoffenheim,1.0,2.0,sofascore
14062008,2025-08-23,Bundesliga,Bundesliga 25/26,2526,2673,FC St. Pauli,Borussia Dortmund,3.0,3.0,sofascore
14062010,2025-08-24,Bundesliga,Bundesliga 25/26,2556,2671,1. FSV Mainz 05,1. FC Köln,0.0,1.0,sofascore
14062007,2025-08-24,Bundesliga,Bundesliga 25/26,2527,2676,Borussia M'gladbach,Hamburger SV,0.0,0.0,sofascore
14065074,2025-08-29,Bundesliga,Bundesliga 25/26,2676,2526,Hamburger SV,FC St. Pauli,0.0,2.0,sofascore
14065065,2025-08-30,Bundesliga,Bundesliga 25/26,2677,2527,VfB Stuttgart,Borussia M'gladbach,1.0,0.0,sofascore
