understat_match_id,season,datetime,home_team,away_team,home_team_id,away_team_id,home_goals,away_goals,home_xg,away_xg
29158,2025,2025-08-15 17:00:00,Girona,Rayo Vallecano,223,145,1,3,0.795304,3.25355
29159,2025,2025-08-15 19:30:00,Villarreal,Real Oviedo,154,289,2,0,2.60739,0.85578
29160,2025,2025-08-16 17:30:00,Mallorca,Barcelona,239,148,0,3,0.529217,2.0243
29161,2025,2025-08-16 19:30:00,Alaves,Levante,158,151,2,1,1.72315,0.74203
29162,2025,2025-08-16 19:30:00,Valencia,Real Sociedad,146,140,1,1,1.58599,1.04897
29163,2025,2025-08-17 15:00:00,Celta Vigo,Getafe,152,142,0,2,0.744247,1.50131
29164,2025,2025-08-17 17:30:00,Athletic Club,Sevilla,147,138,3,2,2.67586,0.901645
29165,2025,2025-08-17 19:30:00,Espanyol,Atletico Madrid,141,143,2,1,1.41508,1.29319
29166,2025,2025-08-18 19:00:00,Elche,Real Betis,207,153,1,1,0.981494,1.59562
29167,2025,2025-08-19 19:00:00,Real Madrid,Osasuna,150,157,1,0,1.4294,0.201044
29168,2025,2025-08-22 19:30:00,Real Betis,Alaves,153,158,1,0,2.13985,1.43838
29169,2025,2025-08-23 15:00:00,Mallorca,Celta Vigo,239,152,1,1,0.664974,0.917413
29170,2025,2025-08-23 17:30:00,Atletico Madrid,Elche,143,207,1,1,1.68159,0.313268
29171,2025,2025-08-23 19:30:00,Levante,Barcelona,151,148,2,3,2.68812,2.48128
29172,2025,2025-08-24 15:00:00,Osasuna,Valencia,157,146,1,0,0.946758,0.589594
29173,2025,2025-08-24 17:30:00,Villarreal,Girona,154,223,5,0,2.97707,0.140267
29174,2025,2025-08-24 17:30:00,Real Sociedad,Espanyol,140,141,2,2,1.43366,1.87234
29175,2025,2025-08-24 19:30:00,Real Oviedo,Real Madrid,289,150,0,3,0.33749,1.82072
29176,2025,2025-08-25 17:30:00,Athletic Club,Rayo Vallecano,147,145,1,0,1.68759,0.493587
29177,2025,2025-08-25 19:30:00,Sevilla,Getafe,138,142,1,2,0.833075,1.32944
29178,2025,2025-08-27 19:00:00,Celta Vigo,Real Betis,152,153,1,1,0.905201,0.714458
29179,2025,2025-08-29 17:30:00,Elche,Levante,207,151,2,0,1.44309,0.969663
29180,2025,2025-08-29 19:30:00,Valencia,Getafe,146,142,3,0,1.54336,0.757418
29181,2025,2025-08-30 15:00:00,Alaves,Atletico Madrid,158,143,1,1,0.855094,0.960547
29182,2025,2025-08-30 17:00:00,Real Oviedo,Real Sociedad,289,140,1,0,0.45706,0.92221
29183,2025,2025-08-30 17:30:00,Girona,Sevilla,223,138,0,2,2.00908,1.62032
29184,2025,2025-08-30 19:30:00,Real Madrid,Mallorca,150,239,2,1,1.84116,0.549872
29185,2025,2025-08-31 15:00:00,Celta Vigo,Villarreal,152,154,1,1,0.876041,0.96978
29186,2025,2025-08-31 17:00:00,Real Betis,Athletic Club,153,147,1,2,0.716186,1.11141
29187,2025,2025-08-31 17:30:00,Espanyol,Osasuna,141,157,1,0,1.36886,1.38167
29188,2025,2025-08-31 19:30:00,Rayo Vallecano,Barcelona,145,148,1,1,1.87124,2.35774
29189,2025,2025-09-12 19:00:00,Sevilla,Elche,138,207,2,2,0.346397,0.781151
29190,2025,2025-09-13 12:00:00,Getafe,Real Oviedo,142,289,2,0,0.954087,0.369812
29195,2025,2025-09-13 14:15:00,Real Sociedad,Real Madrid,140,150,1,2,3.14772,2.54171
29196,2025,2025-09-13 16:30:00,Athletic Club,Alaves,147,158,0,1,0.866662,0.090756
29193,2025,2025-09-13 19:00:00,Atletico Madrid,Villarreal,143,154,2,0,1.5106,0.668177
29192,2025,2025-09-14 12:00:00,Celta Vigo,Girona,152,223,1,1,1.80278,1.41213
29191,2025,2025-09-14 14:15:00,Levante,Real Betis,151,153,2,2,1.02425,2.19546
29197,2025,2025-09-14 16:30:00,Osasuna,Rayo Vallecano,157,145,2,0,1.4012,0.979149
29194,2025,2025-09-14 19:00:00,Barcelona,Valencia,148,146,6,0,3.46022,0.12495
29198,2025,2025-09-15 19:00:00,Espanyol,Mallorca,141,239,3,2,2.67405,2.03185
29200,2025,2025-09-19 19:00:00,Real Betis,Real Sociedad,153,140,3,1,2.53579,0.606673
29202,2025,2025-09-20 12:00:00,Girona,Levante,223,151,0,4,0.423855,4.50183
29206,2025,2025-09-20 14:15:00,Real Madrid,Espanyol,150,141,2,0,2.06136,0.969443
29207,2025,2025-09-20 16:30:00,Villarreal,Osasuna,154,157,2,1,3.56395,1.95599
29208,2025,2025-09-20 16:30:00,Alaves,Sevilla,158,138,1,2,0.910257,0.891992
29203,2025,2025-09-20 19:00:00,Valencia,Athletic Club,146,147,2,0,2.01007,0.499198
29205,2025,2025-09-21 12:00:00,Rayo Vallecano,Celta Vigo,145,152,1,1,1.3145,1.28175
29204,2025,2025-09-21 14:15:00,Mallorca,Atletico Madrid,239,143,1,1,0.530939,2.08772
29201,2025,2025-09-21 16:30:00,Elche,Real Oviedo,207,289,1,0,1.57497,1.10565
29199,2025,2025-09-21 19:00:00,Barcelona,Getafe,148,142,3,0,2.96429,0.215949
29209,2025,2025-09-23 17:00:00,Espanyol,Valencia,141,146,2,2,3.31313,1.00785
29217,2025,2025-09-23 17:00:00,Athletic Club,Girona,147,223,1,1,2.02629,0.856618
29210,2025,2025-09-23 19:30:00,Levante,Real Madrid,151,150,1,4,1.70121,4.06315
29211,2025,2025-09-23 19:30:00,Sevilla,Villarreal,138,154,1,2,0.83617,2.40523
29212,2025,2025-09-24 17:00:00,Getafe,Alaves,142,158,1,1,0.576203,1.21176
29215,2025,2025-09-24 19:30:00,Real Sociedad,Mallorca,140,239,1,0,2.82857,0.641137
29216,2025,2025-09-24 19:30:00,Atletico Madrid,Rayo Vallecano,143,145,3,2,4.95017,1.61988
29214,2025,2025-09-25 17:30:00,Osasuna,Elche,157,207,1,1,1.17524,1.05089
29213,2025,2025-09-25 19:30:00,Real Oviedo,Barcelona,289,148,1,3,1.45014,2.07001
29227,2025,2025-09-26 19:00:00,Girona,Espanyol,223,141,0,0,1.07661,0.949116
29222,2025,2025-09-27 12:00:00,Getafe,Levante,142,151,1,1,0.830967,1.27833
29219,2025,2025-09-27 14:15:00,Atletico Madrid,Real Madrid,143,150,5,2,2.79075,1.02797
29224,2025,2025-09-27 16:30:00,Mallorca,Alaves,239,158,1,0,1.04267,0.566415
29225,2025,2025-09-27 19:00:00,Villarreal,Athletic Club,154,147,1,0,1.86396,1.56287
29223,2025,2025-09-28 12:00:00,Rayo Vallecano,Sevilla,145,138,0,1,1.89093,0.579597
29226,2025,2025-09-28 14:15:00,Elche,Celta Vigo,207,152,2,1,4.03596,0.821768
29220,2025,2025-09-28 16:30:00,Barcelona,Real Sociedad,148,140,2,1,3.00954,0.957079
29221,2025,2025-09-28 19:00:00,Real Betis,Osasuna,153,157,2,0,1.18955,0.578485
29218,2025,2025-09-29 19:00:00,Valencia,Real Oviedo,146,289,1,2,1.72261,0.997143
29235,2025,2025-10-03 19:00:00,Osasuna,Getafe,157,142,2,1,0.692026,0.856515
29236,2025,2025-10-04 12:00:00,Real Oviedo,Levante,289,151,0,2,1.08551,1.62121
29230,2025,2025-10-04 14:15:00,Girona,Valencia,223,146,2,1,1.16415,2.22808
29229,2025,2025-10-04 16:30:00,Athletic Club,Mallorca,147,239,2,1,1.73351,0.213773
29231,2025,2025-10-04 19:00:00,Real Madrid,Villarreal,150,154,3,1,4.32336,0.956644
29228,2025,2025-10-05 12:00:00,Alaves,Elche,158,207,3,1,2.85063,0.661537
29233,2025,2025-10-05 14:15:00,Sevilla,Barcelona,138,148,4,1,2.89414,2.4823
29234,2025,2025-10-05 16:30:00,Espanyol,Real Betis,141,153,1,2,2.0699,1.43721
29237,2025,2025-10-05 16:30:00,Real Sociedad,Rayo Vallecano,140,145,0,1,0.768998,0.684504
29232,2025,2025-10-05 19:00:00,Celta Vigo,Atletico Madrid,152,143,1,1,2.27285,0.710823
29246,2025,2025-10-17 19:00:00,Real Oviedo,Espanyol,289,141,0,2,1.21155,4.46256
29247,2025,2025-10-18 12:00:00,Sevilla,Mallorca,138,239,1,3,1.25884,1.95555
29240,2025,2025-10-18 14:15:00,Barcelona,Girona,148,223,2,1,2.41958,1.69375
29245,2025,2025-10-18 16:30:00,Villarreal,Real Betis,154,153,2,2,0.980598,0.895532
29239,2025,2025-10-18 19:00:00,Atletico Madrid,Osasuna,143,157,1,0,2.24415,0.981492
29244,2025,2025-10-19 12:00:00,Elche,Athletic Club,207,147,0,0,0.823916,0.240214
29241,2025,2025-10-19 14:15:00,Celta Vigo,Real Sociedad,152,140,1,1,0.717367,2.13562
29243,2025,2025-10-19 16:30:00,Levante,Rayo Vallecano,151,145,0,3,0.940509,2.53118
29242,2025,2025-10-19 19:00:00,Getafe,Real Madrid,142,150,0,1,0.530119,2.14595
29238,2025,2025-10-20 19:00:00,Alaves,Valencia,158,146,0,0,1.05624,0.318076
29250,2025,2025-10-24 19:00:00,Real Sociedad,Sevilla,140,138,2,1,1.64382,0.247146
29249,2025,2025-10-25 12:00:00,Girona,Real Oviedo,223,289,3,3,2.24132,2.22406
29256,2025,2025-10-25 14:15:00,Espanyol,Elche,141,207,1,0,1.70342,1.11414
29248,2025,2025-10-25 16:30:00,Athletic Club,Getafe,147,142,0,1,0.358524,1.00378
29251,2025,2025-10-25 19:00:00,Valencia,Villarreal,146,154,0,2,0.641435,2.62387
29257,2025,2025-10-26 13:00:00,Mallorca,Levante,239,151,1,1,1.86979,2.3579
29254,2025,2025-10-26 15:15:00,Real Madrid,Barcelona,150,148,2,1,3.41322,1.12434
29255,2025,2025-10-26 17:30:00,Osasuna,Celta Vigo,157,152,2,3,2.318,1.54054
29252,2025,2025-10-26 20:00:00,Rayo Vallecano,Alaves,145,158,1,0,1.54971,1.41466
29253,2025,2025-10-27 20:00:00,Real Betis,Atletico Madrid,153,143,0,2,1.33792,0.876554
29262,2025,2025-10-31 20:00:00,Getafe,Girona,142,223,2,1,1.40213,1.54366
29267,2025,2025-11-01 13:00:00,Villarreal,Rayo Vallecano,154,145,4,0,2.7136,1.08632
29259,2025,2025-11-01 15:15:00,Atletico Madrid,Sevilla,143,138,3,0,2.98632,0.376887
29264,2025,2025-11-01 17:30:00,Real Sociedad,Athletic Club,140,147,3,2,1.8412,1.13112
29263,2025,2025-11-01 20:00:00,Real Madrid,Valencia,150,146,4,0,2.89965,0.292177
29265,2025,2025-11-02 13:00:00,Levante,Celta Vigo,151,152,1,2,1.23651,1.92474
29258,2025,2025-11-02 15:15:00,Alaves,Espanyol,158,141,2,1,2.18038,1.04283
29260,2025,2025-11-02 17:30:00,Barcelona,Elche,148,207,3,1,2.8073,0.549079
29261,2025,2025-11-02 20:00:00,Real Betis,Mallorca,153,239,3,0,2.82134,0.749852
29266,2025,2025-11-03 20:00:00,Real Oviedo,Osasuna,289,157,0,0,0.717473,0.626317
29270,2025,2025-11-07 20:00:00,Elche,Real Sociedad,207,140,1,1,0.808307,1.47221
29273,2025,2025-11-08 13:00:00,Girona,Alaves,223,158,1,0,1.26365,2.00772
29277,2025,2025-11-08 15:15:00,Sevilla,Osasuna,138,157,1,0,1.22271,0.967352
29269,2025,2025-11-08 17:30:00,Atletico Madrid,Levante,143,151,3,1,3.03599,1.29112
29271,2025,2025-11-08 20:00:00,Espanyol,Villarreal,141,154,0,2,0.476157,1.47118
29268,2025,2025-11-09 13:00:00,Athletic Club,Real Oviedo,147,289,1,0,2.65219,0.182696
29272,2025,2025-11-09 15:15:00,Rayo Vallecano,Real Madrid,145,150,0,0,1.60641,0.841463
29275,2025,2025-11-09 17:30:00,Valencia,Real Betis,146,153,1,1,1.95148,1.58932
29276,2025,2025-11-09 17:30:00,Mallorca,Getafe,239,142,1,0,1.30353,0.539674
29274,2025,2025-11-09 20:00:00,Celta Vigo,Barcelona,152,148,2,4,0.512253,3.42936
29286,2025,2025-11-21 20:00:00,Valencia,Levante,146,151,1,0,1.65038,0.67426
29278,2025,2025-11-22 13:00:00,Alaves,Celta Vigo,158,152,0,1,0.3056,1.32351
29284,2025,2025-11-22 15:15:00,Barcelona,Athletic Club,148,147,4,0,2.32922,1.04615
29282,2025,2025-11-22 17:30:00,Osasuna,Real Sociedad,157,140,1,3,1.27964,1.76546
29287,2025,2025-11-22 20:00:00,Villarreal,Mallorca,154,239,2,1,2.6371,1.38464
29283,2025,2025-11-23 13:00:00,Real Oviedo,Rayo Vallecano,289,145,0,0,0.499406,0.922998
29279,2025,2025-11-23 15:15:00,Real Betis,Girona,153,223,1,1,1.5784,1.48903
29285,2025,2025-11-23 17:30:00,Getafe,Atletico Madrid,142,143,0,1,0.578828,1.47677
29280,2025,2025-11-23 20:00:00,Elche,Real Madrid,207,150,2,2,1.59518,3.88258
29281,2025,2025-11-24 20:00:00,Espanyol,Sevilla,141,138,2,1,1.16625,1.80002
29297,2025,2025-11-28 20:00:00,Getafe,Elche,142,207,1,0,1.34046,0.448894
29291,2025,2025-11-29 13:00:00,Mallorca,Osasuna,239,157,2,2,1.10581,1.11108
29294,2025,2025-11-29 15:15:00,Barcelona,Alaves,148,158,3,1,2.51096,2.09256
29295,2025,2025-11-29 17:30:00,Levante,Athletic Club,151,147,0,2,1.20253,2.80864
29288,2025,2025-11-29 20:00:00,Atletico Madrid,Real Oviedo,143,289,2,0,2.40693,0.921985
29293,2025,2025-11-30 13:00:00,Real Sociedad,Villarreal,140,154,2,3,1.3715,1.63038
29296,2025,2025-11-30 15:15:00,Sevilla,Real Betis,138,153,0,2,0.735196,1.17861
29289,2025,2025-11-30 17:30:00,Celta Vigo,Espanyol,152,141,0,1,0.635572,0.599243
29290,2025,2025-11-30 20:00:00,Girona,Real Madrid,223,150,1,1,1.05171,2.21359
29292,2025,2025-12-01 20:00:00,Rayo Vallecano,Valencia,145,146,1,1,2.13298,0.897663
29342,2025,2025-12-02 20:00:00,Barcelona,Atletico Madrid,148,143,3,1,3.46121,1.35018
29338,2025,2025-12-03 18:00:00,Athletic Club,Real Madrid,147,150,0,3,0.917315,2.36743
29306,2025,2025-12-05 20:00:00,Real Oviedo,Mallorca,289,239,0,0,1.60009,0.617185
29304,2025,2025-12-06 13:00:00,Villarreal,Getafe,154,142,2,0,0.816941,0.282254
29298,2025,2025-12-06 15:15:00,Alaves,Real Sociedad,158,140,1,0,1.88765,1.09935
29302,2025,2025-12-06 17:30:00,Real Betis,Barcelona,153,148,3,5,2.74214,3.30288
29299,2025,2025-12-06 20:00:00,Athletic Club,Atletico Madrid,147,143,1,0,1.18636,0.771885
29300,2025,2025-12-07 13:00:00,Elche,Girona,207,223,3,0,1.59513,0.781043
29307,2025,2025-12-07 15:15:00,Valencia,Sevilla,146,138,1,1,1.23901,0.635478
29301,2025,2025-12-07 17:30:00,Espanyol,Rayo Vallecano,141,145,1,0,1.57985,0.285545
29303,2025,2025-12-07 20:00:00,Real Madrid,Celta Vigo,150,152,0,2,2.41681,1.60908
29305,2025,2025-12-08 20:00:00,Osasuna,Levante,157,151,2,0,1.74988,0.544977
29316,2025,2025-12-12 20:00:00,Real Sociedad,Girona,140,223,1,2,1.02349,1.16894
29309,2025,2025-12-13 13:00:00,Atletico Madrid,Valencia,143,146,2,1,2.07076,1.26068
29314,2025,2025-12-13 15:15:00,Mallorca,Elche,239,207,3,1,2.581,0.311674
29310,2025,2025-12-13 17:30:00,Barcelona,Osasuna,148,157,2,0,2.14468,0.228217
29315,2025,2025-12-13 20:00:00,Getafe,Espanyol,142,141,0,1,0.305925,0.75472
29317,2025,2025-12-14 13:00:00,Sevilla,Real Oviedo,138,289,4,0,2.31899,0.416975
29312,2025,2025-12-14 15:15:00,Celta Vigo,Athletic Club,152,147,2,0,1.97074,1.66561
29308,2025,2025-12-14 20:00:00,Alaves,Real Madrid,158,150,1,2,1.313,1.90656
29313,2025,2025-12-15 20:00:00,Rayo Vallecano,Real Betis,145,153,0,0,2.1848,0.788766
29327,2025,2025-12-19 20:00:00,Valencia,Mallorca,146,239,1,1,2.16012,0.199412
29326,2025,2025-12-20 13:00:00,Real Oviedo,Celta Vigo,289,152,0,0,0.517531,0.600009
29321,2025,2025-12-20 15:15:00,Levante,Real Sociedad,151,140,1,1,1.22005,1.62986
29323,2025,2025-12-20 17:30:00,Osasuna,Alaves,157,158,3,0,2.39145,0.718671
29322,2025,2025-12-20 20:00:00,Real Madrid,Sevilla,150,138,2,0,4.00139,1.51418
29324,2025,2025-12-21 13:00:00,Girona,Atletico Madrid,223,143,0,3,1.11565,1.26201
29325,2025,2025-12-21 15:15:00,Villarreal,Barcelona,154,148,0,2,2.16466,3.27381
29320,2025,2025-12-21 17:30:00,Elche,Rayo Vallecano,207,145,4,0,3.66996,1.14923
29319,2025,2025-12-21 20:00:00,Real Betis,Getafe,153,142,4,0,3.46022,1.24726
29318,2025,2025-12-22 20:00:00,Athletic Club,Espanyol,147,141,1,2,1.72282,0.908988
29335,2025,2026-01-02 20:00:00,Rayo Vallecano,Getafe,145,142,1,1,0.662324,0.663898
29329,2025,2026-01-03 13:00:00,Celta Vigo,Valencia,152,146,4,1,2.59029,1.79296
29331,2025,2026-01-03 15:15:00,Osasuna,Athletic Club,157,147,1,1,0.868051,1.554
29330,2025,2026-01-03 17:30:00,Elche,Villarreal,207,154,1,3,1.52119,2.635
29333,2025,2026-01-03 20:00:00,Espanyol,Barcelona,141,148,0,2,1.79661,2.94252
29337,2025,2026-01-04 13:00:00,Sevilla,Levante,138,151,0,3,1.66562,1.65102
29334,2025,2026-01-04 15:15:00,Real Madrid,Real Betis,150,153,5,1,3.0073,0.974623
29328,2025,2026-01-04 17:30:00,Alaves,Real Oviedo,158,289,1,1,1.56756,3.21906
29336,2025,2026-01-04 17:30:00,Mallorca,Girona,239,223,1,2,1.48338,1.45714
29332,2025,2026-01-04 20:00:00,Real Sociedad,Atletico Madrid,140,143,1,1,1.70649,1.37325
29339,2025,2026-01-09 20:00:00,Getafe,Real Sociedad,142,140,1,2,0.240168,1.25801
29343,2025,2026-01-10 13:00:00,Real Oviedo,Real Betis,289,153,1,1,1.01026,2.70809
29341,2025,2026-01-10 15:15:00,Villarreal,Alaves,154,158,3,1,1.38322,0.844572
29340,2025,2026-01-10 17:30:00,Girona,Osasuna,223,157,1,0,0.984024,1.22674
29345,2025,2026-01-10 20:00:00,Valencia,Elche,146,207,1,1,2.04147,0.244413
29347,2025,2026-01-11 13:00:00,Rayo Vallecano,Mallorca,145,239,2,1,2.05105,1.05743
29346,2025,2026-01-11 15:15:00,Levante,Espanyol,151,141,1,1,1.18232,1.58922
29344,2025,2026-01-12 20:00:00,Sevilla,Celta Vigo,138,152,0,1,0.262521,2.07629
29355,2025,2026-01-16 20:00:00,Espanyol,Girona,141,223,0,2,1.26738,1.82377
29351,2025,2026-01-17 13:00:00,Real Madrid,Levante,150,151,2,0,2.54865,0.787501
29349,2025,2026-01-17 15:15:00,Mallorca,Athletic Club,239,147,3,2,3.11432,2.28242
29357,2025,2026-01-17 17:30:00,Osasuna,Real Oviedo,157,289,3,2,2.03551,1.36173
29352,2025,2026-01-17 20:00:00,Real Betis,Villarreal,153,154,2,0,1.34951,1.17907
29356,2025,2026-01-18 13:00:00,Getafe,Valencia,142,146,0,1,0.584591,0.746856
29348,2025,2026-01-18 15:15:00,Atletico Madrid,Alaves,143,158,1,0,1.7743,1.21004
29353,2025,2026-01-18 17:30:00,Celta Vigo,Rayo Vallecano,152,145,3,0,1.90274,1.31932
29350,2025,2026-01-18 20:00:00,Real Sociedad,Barcelona,140,148,2,1,1.55875,3.92031
29354,2025,2026-01-19 20:00:00,Elche,Sevilla,207,138,2,2,1.48075,2.4961
29363,2025,2026-01-23 20:00:00,Levante,Elche,151,207,3,2,3.24455,0.632971
29366,2025,2026-01-24 13:00:00,Rayo Vallecano,Osasuna,145,157,1,3,0.669564,1.36861
29364,2025,2026-01-24 15:15:00,Valencia,Espanyol,146,141,3,2,2.76956,1.75941
29358,2025,2026-01-24 17:30:00,Sevilla,Athletic Club,138,147,2,1,1.43055,1.91259
29367,2025,2026-01-24 20:00:00,Villarreal,Real Madrid,154,150,0,2,0.952831,1.62206
29360,2025,2026-01-25 13:00:00,Atletico Madrid,Mallorca,143,239,3,0,1.42501,0.367893
29361,2025,2026-01-25 15:15:00,Barcelona,Real Oviedo,148,289,3,0,2.59917,0.486404
29362,2025,2026-01-25 17:30:00,Real Sociedad,Celta Vigo,140,152,3,1,2.15496,1.63115
29359,2025,2026-01-25 20:00:00,Alaves,Real Betis,158,153,2,1,1.67102,1.78662
29365,2025,2026-01-26 20:00:00,Girona,Getafe,223,142,1,1,1.01571,1.1089
29371,2025,2026-01-30 20:00:00,Espanyol,Alaves,141,158,1,2,1.20096,1.32248
29375,2025,2026-01-31 13:00:00,Real Oviedo,Girona,289,223,1,0,1.26601,0.664225
29370,2025,2026-01-31 15:15:00,Osasuna,Villarreal,157,154,2,2,2.13467,0.911128
29372,2025,2026-01-31 17:30:00,Levante,Atletico Madrid,151,143,0,0,0.41109,0.615283
29373,2025,2026-01-31 20:00:00,Elche,Barcelona,207,148,1,3,0.839,7.11049
29377,2025,2026-02-01 13:00:00,Real Madrid,Rayo Vallecano,150,145,2,1,2.30208,1.06935
29368,2025,2026-02-01 15:15:00,Real Betis,Valencia,153,146,2,1,2.16883,1.88674
29374,2025,2026-02-01 17:30:00,Getafe,Celta Vigo,142,152,0,0,0.499866,0.256881
29376,2025,2026-02-01 20:00:00,Athletic Club,Real Sociedad,147,140,1,1,0.893754,1.58578
29369,2025,2026-02-02 20:00:00,Mallorca,Sevilla,239,138,4,1,3.04346,1.24318
29382,2025,2026-02-06 20:00:00,Celta Vigo,Osasuna,152,157,1,2,2.0351,1.00253
29381,2025,2026-02-07 15:15:00,Barcelona,Mallorca,148,239,3,0,2.48168,1.01087
29383,2025,2026-02-07 20:00:00,Real Sociedad,Elche,140,207,3,1,1.7719,1.08664
29378,2025,2026-02-08 13:00:00,Alaves,Getafe,158,142,0,2,3.01162,1.7859
29379,2025,2026-02-08 15:15:00,Athletic Club,Levante,147,151,4,2,2.77377,0.615311
29386,2025,2026-02-08 15:15:00,Sevilla,Girona,138,223,1,1,0.958247,2.60199
29380,2025,2026-02-08 17:30:00,Atletico Madrid,Real Betis,143,153,0,1,0.625525,0.839838
29387,2025,2026-02-08 20:00:00,Valencia,Real Madrid,146,150,0,2,0.571838,1.04576
29384,2025,2026-02-09 20:00:00,Villarreal,Espanyol,154,141,4,1,1.53925,0.744747
29388,2025,2026-02-13 20:00:00,Elche,Osasuna,207,157,0,0,2.33332,0.81264
29397,2025,2026-02-14 13:00:00,Espanyol,Celta Vigo,141,152,2,2,1.16112,2.81494
29389,2025,2026-02-14 15:15:00,Getafe,Villarreal,142,154,2,1,1.61761,0.969388
29392,2025,2026-02-14 17:30:00,Sevilla,Alaves,138,158,1,1,0.354256,1.38983
29391,2025,2026-02-14 20:00:00,Real Madrid,Real Sociedad,150,140,4,1,3.05918,1.66018
29393,2025,2026-02-15 13:00:00,Real Oviedo,Athletic Club,289,147,1,2,0.861013,1.20566
29394,2025,2026-02-15 15:15:00,Rayo Vallecano,Atletico Madrid,145,143,3,0,2.75329,0.752854
29390,2025,2026-02-15 17:30:00,Levante,Valencia,151,146,0,2,1.45737,0.743814
29396,2025,2026-02-15 20:00:00,Mallorca,Real Betis,239,153,1,2,0.731317,2.04841
29395,2025,2026-02-16 20:00:00,Girona,Barcelona,223,148,2,1,2.8897,2.69655
29311,2025,2026-02-18 19:00:00,Levante,Villarreal,151,154,0,1,0.774339,2.40024
29399,2025,2026-02-20 20:00:00,Athletic Club,Elche,147,207,2,1,3.38352,0.783583
29407,2025,2026-02-21 13:00:00,Real Sociedad,Real Oviedo,140,289,3,3,2.77486,1.75088
29402,2025,2026-02-21 15:15:00,Real Betis,Rayo Vallecano,153,145,1,1,2.13548,1.30345
29405,2025,2026-02-21 17:30:00,Osasuna,Real Madrid,157,150,2,1,2.31248,2.02307
29400,2025,2026-02-21 20:00:00,Atletico Madrid,Espanyol,143,141,4,2,3.28587,1.04114
29404,2025,2026-02-22 13:00:00,Getafe,Sevilla,142,138,0,1,0.250539,0.283172
29401,2025,2026-02-22 15:15:00,Barcelona,Levante,148,151,3,0,4.24402,0.602552
29403,2025,2026-02-22 17:30:00,Celta Vigo,Mallorca,152,239,2,0,2.93904,0.0207331
29406,2025,2026-02-22 20:00:00,Villarreal,Valencia,154,146,2,1,2.38144,1.91256
29398,2025,2026-02-23 20:00:00,Alaves,Girona,158,223,2,2,2.1366,2.05717
29412,2025,2026-02-27 20:00:00,Levante,Alaves,151,158,2,0,2.77253,1.29855
29413,2025,2026-02-28 13:00:00,Rayo Vallecano,Athletic Club,145,147,1,1,1.35951,0.428457
29408,2025,2026-02-28 15:15:00,Barcelona,Villarreal,148,154,4,1,3.54743,1.36182
29411,2025,2026-02-28 17:30:00,Mallorca,Real Sociedad,239,140,0,1,0.754182,0.929702
29414,2025,2026-02-28 20:00:00,Real Oviedo,Atletico Madrid,289,143,0,1,1.50089,0.853142
29410,2025,2026-03-01 13:00:00,Elche,Espanyol,207,141,2,2,1.82376,0.834858
29417,2025,2026-03-01 15:15:00,Valencia,Osasuna,146,157,1,0,1.31076,0.259132
29409,2025,2026-03-01 17:30:00,Real Betis,Sevilla,153,138,2,2,1.48441,0.656164
29415,2025,2026-03-01 20:00:00,Girona,Celta Vigo,223,152,1,2,1.57036,0.697106
29416,2025,2026-03-02 20:00:00,Real Madrid,Getafe,150,142,0,1,2.02274,0.476324
29385,2025,2026-03-04 18:00:00,Rayo Vallecano,Real Oviedo,145,289,3,0,2.55086,1.01052
29420,2025,2026-03-06 20:00:00,Celta Vigo,Real Madrid,152,150,1,2,0.910298,0.637644
29426,2025,2026-03-07 13:00:00,Osasuna,Mallorca,157,239,2,2,3.09031,1.03165
29425,2025,2026-03-07 15:15:00,Levante,Girona,151,223,1,1,0.819009,1.917
29419,2025,2026-03-07 17:30:00,Atletico Madrid,Real Sociedad,143,140,3,2,3.57972,0.313932
29418,2025,2026-03-07 20:00:00,Athletic Club,Barcelona,147,148,0,1,1.04698,0.560009
29424,2025,2026-03-08 13:00:00,Villarreal,Elche,154,207,2,1,2.30632,1.62051
29423,2025,2026-03-08 15:15:00,Getafe,Real Betis,142,153,2,0,0.821088,1.24912
29427,2025,2026-03-08 17:30:00,Sevilla,Rayo Vallecano,138,145,1,1,1.14573,0.211673
29422,2025,2026-03-08 20:00:00,Valencia,Alaves,146,158,3,2,2.51657,1.60795
29421,2025,2026-03-09 20:00:00,Espanyol,Real Oviedo,141,289,1,1,1.55092,0.886689
29428,2025,2026-03-13 20:00:00,Alaves,Villarreal,158,154,1,1,0.287232,0.873846
29433,2025,2026-03-14 13:00:00,Girona,Athletic Club,223,147,3,0,2.19442,1.97271
29429,2025,2026-03-14 15:15:00,Atletico Madrid,Getafe,143,142,1,0,2.14469,1.58248
29432,2025,2026-03-14 17:30:00,Real Oviedo,Valencia,289,146,1,0,1.8648,0.486871
29434,2025,2026-03-14 20:00:00,Real Madrid,Elche,150,207,4,1,1.72531,1.3711
29435,2025,2026-03-15 13:00:00,Mallorca,Espanyol,239,141,2,1,2.1497,1.35243
29430,2025,2026-03-15 15:15:00,Barcelona,Sevilla,148,138,5,2,3.8639,1.04304
29431,2025,2026-03-15 17:30:00,Real Betis,Celta Vigo,153,152,1,1,1.87752,0.646702
29437,2025,2026-03-15 20:00:00,Real Sociedad,Osasuna,140,157,3,1,2.91429,0.615126
29436,2025,2026-03-16 20:00:00,Rayo Vallecano,Levante,145,151,1,1,1.68134,1.45599
29438,2025,2026-03-20 20:00:00,Villarreal,Real Sociedad,154,140,3,1,3.35586,0.894953
29440,2025,2026-03-21 13:00:00,Elche,Mallorca,207,239,2,1,1.51605,1.51939
29442,2025,2026-03-21 15:15:00,Espanyol,Getafe,141,142,1,2,1.51208,2.06384
29443,2025,2026-03-21 17:30:00,Levante,Real Oviedo,151,289,4,2,2.92669,1.33569
29447,2025,2026-03-21 17:30:00,Osasuna,Girona,157,223,1,0,2.26232,0.232115
29444,2025,2026-03-21 20:00:00,Sevilla,Valencia,138,146,0,2,0.505411,1.7133
29441,2025,2026-03-22 13:00:00,Barcelona,Rayo Vallecano,148,145,1,0,1.92205,2.19631
29445,2025,2026-03-22 15:15:00,Celta Vigo,Alaves,152,158,3,4,1.70969,1.67221
29439,2025,2026-03-22 17:30:00,Athletic Club,Real Betis,147,153,2,1,1.92715,0.591202
29446,2025,2026-03-22 20:00:00,Real Madrid,Atletico Madrid,150,143,3,2,2.96605,1.40234
29456,2025,2026-04-03 19:00:00,Rayo Vallecano,Elche,145,207,1,0,1.51493,0.601974
29457,2025,2026-04-04 12:00:00,Real Sociedad,Levante,140,151,2,0,2.96404,0.320219
29452,2025,2026-04-04 14:15:00,Mallorca,Real Madrid,239,150,2,1,1.03875,1.51454
29450,2025,2026-04-04 16:30:00,Real Betis,Espanyol,153,141,0,0,2.00215,0.144091
29449,2025,2026-04-04 19:00:00,Atletico Madrid,Barcelona,143,148,1,2,0.919286,2.68584
29455,2025,2026-04-05 12:00:00,Getafe,Athletic Club,142,147,2,0,1.96345,0.524379
29454,2025,2026-04-05 14:15:00,Valencia,Celta Vigo,146,152,2,3,0.720964,1.457
29453,2025,2026-04-05 16:30:00,Real Oviedo,Sevilla,289,138,1,0,0.785105,0.840736
29448,2025,2026-04-05 19:00:00,Alaves,Osasuna,158,157,2,2,1.65967,1.61149
29451,2025,2026-04-06 19:00:00,Girona,Villarreal,223,154,1,0,0.653493,0.443518
29462,2025,2026-04-10 19:00:00,Real Madrid,Girona,150,223,1,1,1.98086,0.46667
29464,2025,2026-04-11 12:00:00,Real Sociedad,Alaves,140,158,3,3,1.295,1.206
29465,2025,2026-04-11 14:15:00,Elche,Valencia,207,146,1,0,1.03489,2.76889
29459,2025,2026-04-11 16:30:00,Barcelona,Espanyol,148,141,4,1,3.30789,1.13134
29463,2025,2026-04-11 19:00:00,Sevilla,Atletico Madrid,138,143,2,1,1.6578,0.855474
29460,2025,2026-04-12 12:00:00,Osasuna,Real Betis,157,153,1,1,1.52928,0.411183
29466,2025,2026-04-12 14:15:00,Mallorca,Rayo Vallecano,239,145,3,0,2.54659,1.97051
29467,2025,2026-04-12 16:30:00,Celta Vigo,Real Oviedo,152,289,0,3,1.15878,2.12846
29458,2025,2026-04-12 19:00:00,Athletic Club,Villarreal,147,154,1,2,1.31935,1.55144
29461,2025,2026-04-13 19:00:00,Levante,Getafe,151,142,1,0,3.32797,0.290983
29478,2025,2026-04-21 18:00:00,Athletic Club,Osasuna,147,157,1,0,0.49013,1.39553
29481,2025,2026-04-21 18:00:00,Mallorca,Valencia,239,146,1,1,2.24468,1.39393
29483,2025,2026-04-21 19:30:00,Real Madrid,Alaves,150,158,2,1,1.504,1.62967
29485,2025,2026-04-21 19:30:00,Girona,Real Betis,223,153,2,3,1.72891,1.24954
29484,2025,2026-04-22 17:00:00,Elche,Atletico Madrid,207,143,3,2,3.62854,0.846836
29487,2025,2026-04-22 18:00:00,Real Sociedad,Getafe,140,142,0,1,1.90157,0.215233
29479,2025,2026-04-22 19:30:00,Barcelona,Celta Vigo,148,152,1,0,1.54451,1.07392
29480,2025,2026-04-23 17:00:00,Levante,Sevilla,151,138,2,0,1.2081,0.444478
29486,2025,2026-04-23 18:00:00,Rayo Vallecano,Espanyol,145,141,1,0,2.06977,1.68535
29482,2025,2026-04-23 19:30:00,Real Oviedo,Villarreal,289,154,1,1,2.52849,3.25021
29474,2025,2026-04-24 19:00:00,Real Betis,Real Madrid,153,150,1,1,1.01953,1.09576
29473,2025,2026-04-25 12:00:00,Alaves,Mallorca,158,239,2,1,1.40767,0.221499
29469,2025,2026-04-25 14:15:00,Getafe,Barcelona,142,148,0,2,0.607664,2.05171
29472,2025,2026-04-25 16:30:00,Valencia,Girona,146,223,2,1,2.31263,1.38799
29468,2025,2026-04-25 19:00:00,Atletico Madrid,Athletic Club,143,147,3,2,2.47955,0.970599
29475,2025,2026-04-26 12:00:00,Rayo Vallecano,Real Sociedad,145,140,3,3,3.18496,2.39684
29471,2025,2026-04-26 14:15:00,Real Oviedo,Elche,289,207,1,2,0.772271,0.621829
29476,2025,2026-04-26 16:30:00,Osasuna,Sevilla,157,138,2,1,2.14254,0.553816
29470,2025,2026-04-26 19:00:00,Villarreal,Celta Vigo,154,152,2,1,2.409,2.05297
29477,2025,2026-04-27 19:00:00,Espanyol,Levante,141,151,0,0,0.853225,1.38559
29497,2025,2026-05-01 19:00:00,Girona,Mallorca,223,239,0,1,1.77655,1.30537
29489,2025,2026-05-02 12:00:00,Villarreal,Levante,154,151,5,1,2.47953,0.801231
29495,2025,2026-05-02 14:15:00,Valencia,Atletico Madrid,146,143,0,2,0.778471,1.80568
29491,2025,2026-05-02 16:30:00,Alaves,Athletic Club,158,147,2,4,0.613172,0.895921
29488,2025,2026-05-02 19:00:00,Osasuna,Barcelona,157,148,1,2,1.28813,1.56763
29493,2025,2026-05-03 12:00:00,Celta Vigo,Elche,152,207,3,1,1.4443,1.64767
29496,2025,2026-05-03 14:15:00,Getafe,Rayo Vallecano,142,145,0,2,1.35219,0.954171
29492,2025,2026-05-03 16:30:00,Real Betis,Real Oviedo,153,289,3,0,1.86882,1.14971
29494,2025,2026-05-03 19:00:00,Espanyol,Real Madrid,141,150,0,2,1.09007,1.5023
29490,2025,2026-05-04 19:00:00,Sevilla,Real Sociedad,138,140,1,0,1.32018,0.166837
29501,2025,2026-05-08 19:00:00,Levante,Osasuna,151,157,3,2,3.53052,0.500111
29503,2025,2026-05-09 12:00:00,Elche,Alaves,207,158,1,1,2.08849,2.45633
29505,2025,2026-05-09 14:15:00,Sevilla,Espanyol,138,141,2,1,1.41747,0.402373
29499,2025,2026-05-09 16:30:00,Atletico Madrid,Celta Vigo,143,152,0,1,2.78506,0.292392
29504,2025,2026-05-09 19:00:00,Real Sociedad,Real Betis,140,153,2,2,2.66557,1.78903
29502,2025,2026-05-10 12:00:00,Mallorca,Villarreal,239,154,1,1,1.54058,0.9943
29498,2025,2026-05-10 14:15:00,Athletic Club,Valencia,147,146,0,1,0.935199,1.49759
29506,2025,2026-05-10 16:30:00,Real Oviedo,Getafe,289,142,0,0,0.570226,1.40609
29500,2025,2026-05-10 19:00:00,Barcelona,Real Madrid,148,150,2,0,1.72002,0.562101
29507,2025,2026-05-11 19:00:00,Rayo Vallecano,Girona,145,223,,,,
29510,2025,2026-05-12 17:00:00,Celta Vigo,Levante,152,151,,,,
29509,2025,2026-05-12 18:00:00,Real Betis,Elche,153,207,,,,
29514,2025,2026-05-12 19:30:00,Osasuna,Atletico Madrid,157,143,,,,
29513,2025,2026-05-13 17:00:00,Espanyol,Athletic Club,141,147,,,,
29516,2025,2026-05-13 17:00:00,Villarreal,Sevilla,154,138,,,,
29508,2025,2026-05-13 19:30:00,Alaves,Barcelona,158,148,,,,
29511,2025,2026-05-13 19:30:00,Getafe,Mallorca,142,239,,,,
29515,2025,2026-05-14 17:00:00,Valencia,Rayo Vallecano,146,145,,,,
29512,2025,2026-05-14 18:00:00,Girona,Real Sociedad,223,140,,,,
29517,2025,2026-05-14 19:30:00,Real Madrid,Real Oviedo,150,289,,,,
29518,2025,2026-05-17 15:00:00,Athletic Club,Celta Vigo,147,152,,,,
29519,2025,2026-05-17 15:00:00,Barcelona,Real Betis,148,153,,,,
29520,2025,2026-05-17 15:00:00,Atletico Madrid,Girona,143,223,,,,
29521,2025,2026-05-17 15:00:00,Real Sociedad,Valencia,140,146,,,,
29522,2025,2026-05-17 15:00:00,Real Oviedo,Alaves,289,158,,,,
29523,2025,2026-05-17 15:00:00,Osasuna,Espanyol,157,141,,,,
29524,2025,2026-05-17 15:00:00,Sevilla,Real Madrid,138,150,,,,
29525,2025,2026-05-17 15:00:00,Levante,Mallorca,151,239,,,,
29526,2025,2026-05-17 15:00:00,Rayo Vallecano,Villarreal,145,154,,,,
29527,2025,2026-05-17 15:00:00,Elche,Getafe,207,142,,,,
29528,2025,2026-05-24 15:00:00,Alaves,Rayo Vallecano,158,145,,,,
29529,2025,2026-05-24 15:00:00,Real Betis,Levante,153,151,,,,
29530,2025,2026-05-24 15:00:00,Celta Vigo,Sevilla,152,138,,,,
29531,2025,2026-05-24 15:00:00,Espanyol,Real Sociedad,141,140,,,,
29532,2025,2026-05-24 15:00:00,Real Madrid,Athletic Club,150,147,,,,
29533,2025,2026-05-24 15:00:00,Villarreal,Atletico Madrid,154,143,,,,
29534,2025,2026-05-24 15:00:00,Valencia,Barcelona,146,148,,,,
29535,2025,2026-05-24 15:00:00,Girona,Elche,223,207,,,,
29536,2025,2026-05-24 15:00:00,Getafe,Osasuna,142,157,,,,
29537,2025,2026-05-24 15:00:00,Mallorca,Real Oviedo,239,289,,,,
