understat_match_id,understat_player_id,understat_team,player_name,minute,x,y,xg,result,shot_type,situation,side,last_action,player_assisted,season,source
29515,10322,Valencia,Javier Guerra,2,82.11,42.43,0.0263,Saved,Right Foot,Open Play,h,Pass,Eray Cömert,2025,understat
29515,7870,Valencia,Luis Rioja,8,90.51,45.9,0.0554,Blocked,Left Foot,Open Play,h,BallRecovery,,2025,understat
29515,10322,Valencia,Javier Guerra,14,82.0,36.04,0.0525,Off T,Right Foot,Open Play,h,Pass,Pepelu,2025,understat
29515,10382,Valencia,Eray Cömert,34,70.88,43.66,0.0123,Off T,Right Foot,Open Play,h,Pass,José Gayá,2025,understat
29515,7870,Valencia,Luis Rioja,36,90.2,25.43,0.2442,Blocked,Right Foot,Open Play,h,Pass,Javier Guerra,2025,understat
29515,9694,Valencia,Diego López,39,96.18,29.99,0.1215,Goal,Right Foot,Open Play,h,Pass,Javier Guerra,2025,understat
29515,10322,Valencia,Javier Guerra,42,83.68,43.93,0.0339,Saved,Left Foot,Open Play,h,TakeOn,Diego López,2025,understat
29515,2551,Valencia,Pepelu,44,96.18,30.26,0.0311,Blocked,Head,From Corner,h,Aerial,Javier Guerra,2025,understat
29515,10322,Valencia,Javier Guerra,48,78.02,25.43,0.0138,Off T,Right Foot,Open Play,h,None,,2025,understat
29515,10975,Valencia,Largie Ramazani,65,84.84,26.18,0.0417,Blocked,Left Foot,Open Play,h,Pass,Luis Rioja,2025,understat
29515,10975,Valencia,Largie Ramazani,72,88.3,25.23,0.0475,Blocked,Left Foot,Open Play,h,Pass,Luis Rioja,2025,understat
29515,10107,Valencia,César Tárrega,90,94.08,34.2,0.2583,Off T,Head,From Corner,h,Cross,Filip Ugrinic,2025,understat
29515,9813,Rayo Vallecano,Randy Nteka,7,92.92,34.0,0.7433,Post,Left Foot,Penalty,a,Standard,,2025,understat
29515,5073,Rayo Vallecano,Florian Lejeune,19,95.13,31.42,0.2573,Goal,Head,From Corner,a,Cross,Gerard Gumbau,2025,understat
29515,9813,Rayo Vallecano,Randy Nteka,29,89.25,40.19,0.3494,Saved,Left Foot,Open Play,a,Throughball,Gerard Gumbau,2025,understat
29515,12863,Rayo Vallecano,Pedro Díaz,35,88.1,29.17,0.0797,Blocked,Right Foot,Open Play,a,None,,2025,understat
29515,12863,Rayo Vallecano,Pedro Díaz,46,90.51,46.58,0.0468,Saved,Left Foot,Open Play,a,Pass,Alfonso Espino,2025,understat
29515,8733,Rayo Vallecano,Alfonso Espino,96,84.52,32.37,0.0539,Blocked,Right Foot,Open Play,a,BallTouch,Jorge De Frutos,2025,understat
29512,10952,Girona,Joel Roca,1,80.64,22.24,0.0237,Saved,Right Foot,Open Play,h,Pass,Viktor Tsygankov,2025,understat
29512,11322,Girona,Viktor Tsygankov,3,97.23,39.51,0.4574,Saved,Left Foot,Open Play,h,None,,2025,understat
29512,10952,Girona,Joel Roca,3,93.35,42.3,0.0778,Off T,Right Foot,Open Play,h,Rebound,,2025,understat
29512,12723,Girona,Alejandro Francés,13,80.12,14.35,0.0164,Blocked,Right Foot,Open Play,h,Pass,Arnau Martinez,2025,understat
29512,10949,Girona,Arnau Martinez,19,99.33,28.76,0.5267,Off T,Right Foot,Open Play,h,Throughball,Azz-Eddine Ounahi,2025,understat
29512,11322,Girona,Viktor Tsygankov,20,92.4,25.43,0.0963,Off T,Left Foot,Open Play,h,Pass,Arnau Martinez,2025,understat
29512,7338,Girona,Bryan Gil Salvatierra,23,81.06,28.49,0.0288,Blocked,Left Foot,Open Play,h,Pass,Arnau Martinez,2025,understat
29512,10952,Girona,Joel Roca,24,95.87,34.2,0.1012,Off T,Right Foot,Open Play,h,Cross,Arnau Martinez,2025,understat
29512,10952,Girona,Joel Roca,26,84.0,48.82,0.0218,Blocked,Right Foot,Open Play,h,Pass,Álex Moreno,2025,understat
29512,10952,Girona,Joel Roca,31,85.26,30.46,0.0462,Blocked,Right Foot,Open Play,h,None,,2025,understat
29512,11322,Girona,Viktor Tsygankov,35,95.76,30.4,0.0914,Off T,Head,Open Play,h,Cross,Bryan Gil Salvatierra,2025,understat
29512,8328,Girona,Azz-Eddine Ounahi,36,84.84,36.58,0.046,Saved,Right Foot,Open Play,h,BallTouch,Bryan Gil Salvatierra,2025,understat
29512,12723,Girona,Alejandro Francés,36,99.75,28.42,0.0963,Blocked,Head,From Corner,h,Cross,Viktor Tsygankov,2025,understat
29512,7338,Girona,Bryan Gil Salvatierra,43,91.88,27.06,0.0816,Blocked,Right Foot,Open Play,h,Pass,Iván Martín,2025,understat
29512,8328,Girona,Azz-Eddine Ounahi,43,79.28,31.08,0.0272,Blocked,Right Foot,Open Play,h,Pass,Iván Martín,2025,understat
29512,13380,Girona,Vitor Reis,45,81.69,31.89,0.0316,Off T,Left Foot,Open Play,h,None,,2025,understat
29512,12723,Girona,Alejandro Francés,48,86.73,25.43,0.0487,Off T,Left Foot,Open Play,h,Pass,Viktor Tsygankov,2025,understat
29512,11322,Girona,Viktor Tsygankov,46,96.39,23.73,0.0725,Blocked,Left Foot,Open Play,h,Pass,Azz-Eddine Ounahi,2025,understat
29512,8328,Girona,Azz-Eddine Ounahi,47,90.2,23.53,0.0553,Off T,Right Foot,Open Play,h,Pass,Iván Martín,2025,understat
29512,10952,Girona,Joel Roca,49,89.57,49.57,0.0284,Off T,Right Foot,Open Play,h,Pass,Azz-Eddine Ounahi,2025,understat
29512,10952,Girona,Joel Roca,55,97.65,39.78,0.0353,Off T,Head,Open Play,h,Aerial,Alejandro Francés,2025,understat
29512,8328,Girona,Azz-Eddine Ounahi,59,88.3,35.9,0.0736,Blocked,Right Foot,Open Play,h,Pass,Joel Roca,2025,understat
29512,12723,Girona,Alejandro Francés,60,96.5,30.06,0.0855,Off T,Head,From Corner,h,Cross,Viktor Tsygankov,2025,understat
29512,11322,Girona,Viktor Tsygankov,63,80.12,20.88,0.0192,Off T,Left Foot,Open Play,h,Pass,Fran Beltrán,2025,understat
29512,10952,Girona,Joel Roca,63,89.98,35.29,0.0642,Off T,Right Foot,Open Play,h,BallTouch,Álex Moreno,2025,understat
29512,1709,Girona,Cristhian Stuani,65,96.92,29.31,0.3847,Goal,Right Foot,Open Play,h,Cross,Arnau Martinez,2025,understat
29512,12723,Girona,Alejandro Francés,68,76.97,35.84,0.0146,Off T,Right Foot,Open Play,h,None,,2025,understat
29512,6931,Girona,Fran Beltrán,76,77.07,35.63,0.0148,Blocked,Right Foot,Open Play,h,None,,2025,understat
29512,13649,Girona,Claudio Echeverri,80,88.2,41.55,0.0541,Off T,Right Foot,Open Play,h,Pass,Fran Beltrán,2025,understat
29512,7308,Real Sociedad,Ander Barrenetxea,12,100.28,41.28,0.275,Saved,Right Foot,Open Play,a,Chipped,Remiro,2025,understat
29512,12862,Real Sociedad,Luka Sucic,18,77.91,34.14,0.0318,Blocked,Left Foot,From Corner,a,Pass,Takefusa Kubo,2025,understat
29512,8001,Real Sociedad,Takefusa Kubo,26,96.08,20.88,0.074,Blocked,Left Foot,Open Play,a,Pass,Mikel Oyarzabal,2025,understat
29512,12353,Real Sociedad,Jon Martín,27,95.97,33.32,0.0448,Goal,Head,From Corner,a,Aerial,Sergio Gómez,2025,understat
29512,12182,Real Sociedad,Jon Aramburu,54,89.98,43.72,0.0707,Off T,Right Foot,Open Play,a,Pass,Pablo Marín,2025,understat
29512,7007,Real Sociedad,Duje Caleta-Car,72,87.57,34.34,0.0569,Blocked,Right Foot,Set Piece,a,None,,2025,understat
29517,13847,Real Madrid,Franco Mastantuono,5,96.28,37.74,0.136,Saved,Left Foot,Open Play,h,Pass,Gonzalo García,2025,understat
29517,1791,Real Madrid,Trent Alexander-Arnold,20,82.11,51.27,0.0209,Off T,Right Foot,From Corner,h,Pass,Brahim Diaz,2025,understat
29517,6421,Real Madrid,Brahim Diaz,23,80.85,42.5,0.0928,Saved,Left Foot,Open Play,h,TakeOn,,2025,understat
29517,12035,Real Madrid,Gonzalo García,30,83.16,48.55,0.0233,Blocked,Right Foot,Open Play,h,Pass,Álvaro Fernández,2025,understat
29517,6421,Real Madrid,Brahim Diaz,32,93.24,44.74,0.0687,Off T,Left Foot,Open Play,h,BallTouch,Gonzalo García,2025,understat
29517,7359,Real Madrid,Eduardo Camavinga,34,79.38,23.94,0.0181,Off T,Left Foot,Open Play,h,Pass,Gonzalo García,2025,understat
29517,7008,Real Madrid,Vinícius Júnior,41,90.3,40.46,0.0757,Blocked,Right Foot,Open Play,h,BallRecovery,Aurelien Tchouameni,2025,understat
29517,7008,Real Madrid,Vinícius Júnior,41,101.85,41.21,0.1082,Off T,Left Foot,Open Play,h,Rebound,,2025,understat
29517,12035,Real Madrid,Gonzalo García,43,90.51,40.6,0.3022,Goal,Right Foot,Open Play,h,Pass,Brahim Diaz,2025,understat
29517,6421,Real Madrid,Brahim Diaz,45,90.3,49.03,0.0454,Saved,Right Foot,Open Play,h,Pass,Vinícius Júnior,2025,understat
29517,6560,Real Madrid,Aurelien Tchouameni,48,78.75,33.86,0.0298,Blocked,Right Foot,Open Play,h,Pass,Franco Mastantuono,2025,understat
29517,13847,Real Madrid,Franco Mastantuono,49,91.67,19.45,0.0251,Off T,Left Foot,Set Piece,h,Pass,Trent Alexander-Arnold,2025,understat
29517,1791,Real Madrid,Trent Alexander-Arnold,53,83.16,52.5,0.0514,Saved,Right Foot,Direct Freekick,h,Standard,,2025,understat
29517,10576,Real Madrid,Álvaro Fernández,57,100.48,42.64,0.3571,Saved,Left Foot,Open Play,h,Pass,Brahim Diaz,2025,understat
29517,3423,Real Madrid,Kylian Mbappe-Lottin,70,80.01,25.16,0.0268,Off T,Left Foot,Open Play,h,Pass,Franco Mastantuono,2025,understat
29517,3423,Real Madrid,Kylian Mbappe-Lottin,74,75.81,50.46,0.0348,Blocked,Right Foot,Direct Freekick,h,Standard,,2025,understat
29517,3423,Real Madrid,Kylian Mbappe-Lottin,75,89.57,36.92,0.1015,Blocked,Right Foot,Open Play,h,Pass,Eduardo Camavinga,2025,understat
29517,8824,Real Madrid,Jude Bellingham,79,90.2,30.8,0.1235,Goal,Left Foot,Open Play,h,TakeOn,Kylian Mbappe-Lottin,2025,understat
29517,3423,Real Madrid,Kylian Mbappe-Lottin,90,90.4,43.93,0.1078,Off T,Right Foot,Open Play,h,Pass,Vinícius Júnior,2025,understat
29517,13700,Real Oviedo,Alberto Reina,7,96.39,22.3,0.0614,Blocked,Right Foot,Open Play,a,Pass,Santiago Colombatto,2025,understat
29517,13701,Real Oviedo,Ilyas Chaira,24,89.25,22.44,0.0476,Blocked,Right Foot,Open Play,a,Pass,Nacho Vidal,2025,understat
29517,13705,Real Oviedo,Federico Viñas,37,91.45,29.24,0.0993,Off T,Right Foot,Open Play,a,Pass,Ilyas Chaira,2025,understat
29517,5162,Real Oviedo,Nacho Vidal,37,97.55,31.69,0.5353,Off T,Right Foot,Open Play,a,Rebound,Federico Viñas,2025,understat
29517,13700,Real Oviedo,Alberto Reina,56,101.01,26.66,0.0684,Off T,Right Foot,Open Play,a,Cross,Rahim Alhassane,2025,understat
29517,5162,Real Oviedo,Nacho Vidal,62,97.02,24.89,0.3487,Off T,Right Foot,Open Play,a,Throughball,Alberto Reina,2025,understat
29517,13953,Real Oviedo,Santiago Colombatto,68,80.75,27.68,0.0243,Blocked,Left Foot,Open Play,a,None,,2025,understat
29517,11401,Real Oviedo,Haissem Hassan,83,75.39,21.15,0.0074,Off T,Left Foot,Open Play,a,None,,2025,understat
29517,11401,Real Oviedo,Haissem Hassan,83,91.56,18.36,0.0476,Saved,Left Foot,Open Play,a,TakeOn,Eric Bailly,2025,understat
29518,7020,Athletic Club,Gorka Guruzeta,17,85.05,23.53,0.0318,Off T,Right Foot,Open Play,h,BallTouch,Iñaki Williams,2025,understat
29518,7020,Athletic Club,Gorka Guruzeta,19,97.12,42.84,0.034,Off T,Head,Open Play,h,Cross,Andoni Gorosabel,2025,understat
29518,11531,Athletic Club,Unai Gómez,20,94.82,32.57,0.2954,Saved,Head,Open Play,h,Cross,Andoni Gorosabel,2025,understat
29518,11531,Athletic Club,Unai Gómez,21,91.14,32.16,0.028,Off T,Head,From Corner,h,Cross,Inigo Ruiz de Galarreta,2025,understat
29518,2399,Athletic Club,Iñaki Williams,21,96.6,36.72,0.0547,Saved,Head,From Corner,h,None,,2025,understat
29518,11531,Athletic Club,Unai Gómez,27,96.28,30.46,0.0815,Saved,Left Foot,Open Play,h,None,,2025,understat
29518,5091,Athletic Club,Alex Berenguer,32,97.75,50.18,0.0308,Off T,Left Foot,Open Play,h,Pass,Inigo Ruiz de Galarreta,2025,understat
29518,11531,Athletic Club,Unai Gómez,36,93.35,50.66,0.0305,Saved,Left Foot,Open Play,h,Chipped,Yuri,2025,understat
29518,12263,Athletic Club,Mikel Jauregizar,40,86.0,36.52,0.0503,Saved,Right Foot,Open Play,h,None,,2025,understat
29518,11531,Athletic Club,Unai Gómez,41,86.94,36.24,0.0798,Off T,Left Foot,Open Play,h,LayOff,Mikel Jauregizar,2025,understat
29518,7020,Athletic Club,Gorka Guruzeta,46,100.7,28.42,0.0825,Blocked,Right Foot,Open Play,h,None,,2025,understat
29518,12263,Athletic Club,Mikel Jauregizar,47,83.27,40.19,0.0268,Off T,Right Foot,From Corner,h,None,,2025,understat
29518,12263,Athletic Club,Mikel Jauregizar,49,88.3,31.55,0.0507,Saved,Right Foot,Open Play,h,HeadPass,Gorka Guruzeta,2025,understat
29518,12263,Athletic Club,Mikel Jauregizar,47,91.88,17.75,0.0253,Off T,Right Foot,From Corner,h,None,,2025,understat
29518,2399,Athletic Club,Iñaki Williams,47,91.77,17.82,0.0404,Off T,Left Foot,From Corner,h,Pass,Yeray Álvarez,2025,understat
29518,2229,Athletic Club,Yuri,50,91.56,46.38,0.0206,Off T,Head,Open Play,h,Chipped,Yeray Álvarez,2025,understat
29518,2399,Athletic Club,Iñaki Williams,51,102.27,36.04,0.8509,Goal,Right Foot,Open Play,h,Pass,Yuri,2025,understat
29518,2399,Athletic Club,Iñaki Williams,53,102.27,33.59,0.6882,Off T,Right Foot,Open Play,h,Cross,Yuri,2025,understat
29518,7020,Athletic Club,Gorka Guruzeta,56,94.82,32.3,0.0491,Blocked,Head,Open Play,h,Aerial,Inigo Ruiz de Galarreta,2025,understat
29518,2399,Athletic Club,Iñaki Williams,62,80.01,32.57,0.0238,Off T,Right Foot,Open Play,h,None,,2025,understat
29518,2399,Athletic Club,Iñaki Williams,78,84.32,43.32,0.0329,Saved,Right Foot,Open Play,h,None,,2025,understat
29518,2399,Athletic Club,Iñaki Williams,80,95.55,46.51,0.0556,Blocked,Right Foot,Open Play,h,Pass,Roberto Navarro,2025,understat
29518,2229,Athletic Club,Yuri,88,89.78,47.33,0.0404,Blocked,Left Foot,Open Play,h,None,,2025,understat
29518,13821,Athletic Club,Urko Izeta,90,97.65,39.78,0.0484,Off T,Head,Open Play,h,Aerial,Nicolás Serrano,2025,understat
29518,9825,Athletic Club,Nicolás Serrano,91,83.37,18.02,0.0228,Saved,Left Foot,Open Play,h,Pass,Andoni Gorosabel,2025,understat
29518,5062,Athletic Club,Yeray Álvarez,96,97.12,33.39,0.1283,Off T,Head,Set Piece,h,Cross,Roberto Navarro,2025,understat
29518,10870,Celta Vigo,Williot Swedberg,4,97.97,44.74,0.2553,Goal,Left Foot,Open Play,a,Pass,Ilaix Moriba,2025,understat
29518,13200,Celta Vigo,Fernando López,48,81.69,18.5,0.0235,Saved,Left Foot,Open Play,a,BallRecovery,Ilaix Moriba,2025,understat
29518,13200,Celta Vigo,Fernando López,79,83.16,43.93,0.0291,Blocked,Left Foot,Open Play,a,Pass,Óscar Mingueza,2025,understat
29519,8026,Barcelona,Raphinha,3,87.88,20.81,0.0329,Saved,Left Foot,Open Play,h,Pass,Pedri,2025,understat
29519,11822,Barcelona,Fermín López,6,89.25,46.51,0.0486,Saved,Right Foot,Open Play,h,TakeOn,Robert Lewandowski,2025,understat
29519,11822,Barcelona,Fermín López,15,94.71,43.25,0.071,Off T,Left Foot,Open Play,h,None,,2025,understat
29519,8026,Barcelona,Raphinha,17,95.02,22.64,0.2932,Saved,Right Foot,Open Play,h,TakeOn,Gavi,2025,understat
29519,8026,Barcelona,Raphinha,27,84.1,19.58,0.0725,Goal,Left Foot,Direct Freekick,h,Standard,,2025,understat
29519,11822,Barcelona,Fermín López,44,92.4,43.11,0.0962,Saved,Left Foot,Open Play,h,Pass,Raphinha,2025,understat
29519,2379,Barcelona,João Cancelo,49,82.63,32.03,0.0503,Off T,Right Foot,Open Play,h,Pass,Raphinha,2025,understat
29519,8026,Barcelona,Raphinha,56,95.65,20.13,0.1276,Off T,Right Foot,Open Play,h,Throughball,Gavi,2025,understat
29519,8026,Barcelona,Raphinha,61,89.78,37.06,0.3855,Goal,Left Foot,Open Play,h,BallRecovery,,2025,understat
29519,2379,Barcelona,João Cancelo,73,80.01,35.77,0.0338,Goal,Right Foot,Open Play,h,Pass,Pedri,2025,understat
29519,14064,Barcelona,Roony Bardghji,80,88.2,23.39,0.0653,Blocked,Left Foot,Open Play,h,Pass,Dani Olmo,2025,understat
29519,227,Barcelona,Robert Lewandowski,82,91.14,38.42,0.1381,Off T,Left Foot,Open Play,h,Throughball,Pedri,2025,understat
29519,9805,Barcelona,Álex Balde,88,99.33,46.17,0.0813,Off T,Left Foot,Open Play,h,Pass,Marc Casadó,2025,understat
29519,6433,Barcelona,Jules Koundé,91,100.8,18.63,0.0633,Saved,Right Foot,Open Play,h,Pass,Pedri,2025,understat
29519,12821,Barcelona,Gerard Martín,92,92.3,32.37,0.0399,Saved,Head,From Corner,h,Cross,João Cancelo,2025,understat
29519,10095,Real Betis,Abdessamad Ezzalzouli,35,82.0,46.04,0.068,Saved,Right Foot,Open Play,a,LayOff,Giovani Lo Celso,2025,understat
29519,11094,Real Betis,Antony,42,82.95,24.41,0.0289,Blocked,Left Foot,From Corner,a,Cross,Giovani Lo Celso,2025,understat
29519,7927,Real Betis,Sofyan Amrabat,45,92.19,19.31,0.0341,Off T,Right Foot,Open Play,a,Pass,Antony,2025,understat
29519,14001,Real Betis,Nelson Deossa,52,76.23,19.04,0.0145,Blocked,Left Foot,Open Play,a,Pass,Antony,2025,understat
29519,2255,Real Betis,Isco,68,92.92,34.0,0.7433,Goal,Right Foot,Penalty,a,Standard,,2025,understat
29519,11094,Real Betis,Antony,72,82.63,21.9,0.0207,Off T,Left Foot,Open Play,a,BallRecovery,Nelson Deossa,2025,understat
29519,492,Real Betis,Héctor Bellerín,90,90.4,27.0,0.0761,Blocked,Left Foot,Open Play,a,Pass,Nelson Deossa,2025,understat
29520,8417,Atletico Madrid,Álex Baena,3,81.17,29.24,0.029,Blocked,Right Foot,Open Play,h,Pass,Antoine Griezmann,2025,understat
29520,2270,Atletico Madrid,Antoine Griezmann,19,101.75,44.34,0.0639,Saved,Left Foot,Open Play,h,Pass,Ademola Lookman,2025,understat
29520,7086,Atletico Madrid,David Hancko,19,101.22,41.14,0.0532,Post,Head,From Corner,h,Cross,Álex Baena,2025,understat
29520,5556,Atletico Madrid,Ademola Lookman,20,101.75,33.73,0.6333,Goal,Right Foot,Open Play,h,Cross,Antoine Griezmann,2025,understat
29520,5556,Atletico Madrid,Ademola Lookman,26,90.2,30.74,0.1027,Off T,Right Foot,Open Play,h,Pass,Álex Baena,2025,understat
29520,2270,Atletico Madrid,Antoine Griezmann,30,94.4,47.6,0.0823,Saved,Left Foot,Open Play,h,Pass,Álex Baena,2025,understat
29520,2270,Atletico Madrid,Antoine Griezmann,30,104.48,43.59,0.1287,Off T,Left Foot,Open Play,h,Rebound,,2025,understat
29520,10189,Atletico Madrid,Marc Pubill,36,96.6,34.48,0.5489,Off T,Right Foot,Open Play,h,Pass,Matteo Ruggeri,2025,understat
29520,2269,Atletico Madrid,Koke,45,81.69,30.26,0.0424,Off T,Right Foot,Open Play,h,Pass,Obed Vargas,2025,understat
29520,8417,Atletico Madrid,Álex Baena,47,84.52,27.2,0.0396,Off T,Left Foot,From Corner,h,Pass,Thiago Almada,2025,understat
29520,5556,Atletico Madrid,Ademola Lookman,50,93.98,45.08,0.096,Blocked,Left Foot,Open Play,h,Pass,Álex Baena,2025,understat
29520,8417,Atletico Madrid,Álex Baena,50,79.17,39.92,0.0179,Saved,Right Foot,From Corner,h,None,,2025,understat
29520,14439,Atletico Madrid,Obed Vargas,51,74.97,30.94,0.0215,Off T,Right Foot,Open Play,h,Pass,Ademola Lookman,2025,understat
29520,2270,Atletico Madrid,Antoine Griezmann,66,94.92,35.43,0.5099,Off T,Left Foot,Open Play,h,Pass,Thiago Almada,2025,understat
29520,6531,Atletico Madrid,Alexander Sørloth,75,87.78,37.81,0.1472,Blocked,Left Foot,Open Play,h,Throughball,Antoine Griezmann,2025,understat
29520,5050,Atletico Madrid,Clement Lenglet,77,99.54,32.84,0.1354,Off T,Head,From Corner,h,Cross,Koke,2025,understat
29520,2269,Atletico Madrid,Koke,89,85.05,33.8,0.0666,Off T,Right Foot,Open Play,h,None,,2025,understat
29520,7338,Girona,Bryan Gil Salvatierra,4,81.69,29.85,0.05,Off T,Left Foot,Open Play,a,Pass,Viktor Tsygankov,2025,understat
29520,12723,Girona,Alejandro Francés,7,94.6,38.96,0.0734,Blocked,Head,Set Piece,a,Cross,Azz-Eddine Ounahi,2025,understat
29520,13380,Girona,Vitor Reis,7,94.29,30.67,0.1085,Saved,Right Foot,Set Piece,a,Rebound,,2025,understat
29520,7338,Girona,Bryan Gil Salvatierra,10,101.64,33.73,0.6561,Off T,Head,Open Play,a,Cross,Joel Roca,2025,understat
29520,11322,Girona,Viktor Tsygankov,23,75.18,38.76,0.0488,Saved,Left Foot,Direct Freekick,a,Standard,,2025,understat
29520,8328,Girona,Azz-Eddine Ounahi,27,85.57,44.88,0.0329,Saved,Right Foot,Open Play,a,None,,2025,understat
29520,7338,Girona,Bryan Gil Salvatierra,29,93.13,35.16,0.1102,Blocked,Left Foot,Open Play,a,Pass,Joel Roca,2025,understat
29520,8328,Girona,Azz-Eddine Ounahi,31,92.92,34.88,0.1476,Blocked,Right Foot,Open Play,a,TakeOn,Joel Roca,2025,understat
29520,10949,Girona,Arnau Martinez,32,83.58,32.44,0.0465,Saved,Left Foot,Open Play,a,Pass,Iván Martín,2025,understat
29520,4120,Girona,Álex Moreno,35,93.35,46.99,0.0689,Saved,Left Foot,Open Play,a,TakeOn,,2025,understat
29520,11322,Girona,Viktor Tsygankov,40,102.48,41.0,0.0737,Saved,Left Foot,Open Play,a,BallTouch,Álex Moreno,2025,understat
29520,8328,Girona,Azz-Eddine Ounahi,44,103.32,45.76,0.0533,Blocked,Right Foot,Open Play,a,Pass,Vitor Reis,2025,understat
29520,7529,Girona,Iván Martín,48,78.85,45.15,0.0182,Off T,Left Foot,Open Play,a,Pass,Viktor Tsygankov,2025,understat
29520,13380,Girona,Vitor Reis,54,79.17,39.24,0.02,Off T,Right Foot,Open Play,a,Interception,,2025,understat
29520,11322,Girona,Viktor Tsygankov,56,97.75,20.4,0.0485,Saved,Right Foot,Open Play,a,None,,2025,understat
29520,8328,Girona,Azz-Eddine Ounahi,69,80.95,45.02,0.0174,Saved,Right Foot,From Corner,a,None,,2025,understat
29520,13649,Girona,Claudio Echeverri,77,103.85,46.04,0.0461,Saved,Left Foot,Open Play,a,Pass,Fran Beltrán,2025,understat
29520,12723,Girona,Alejandro Francés,78,91.56,36.45,0.0482,Blocked,Right Foot,From Corner,a,Cross,Azz-Eddine Ounahi,2025,understat
29520,13649,Girona,Claudio Echeverri,84,77.28,38.35,0.0203,Blocked,Right Foot,Open Play,a,Pass,Azz-Eddine Ounahi,2025,understat
29520,1709,Girona,Cristhian Stuani,85,95.02,37.47,0.0569,Off T,OtherBodyPart,From Corner,a,CornerAwarded,Viktor Tsygankov,2025,understat
29520,8328,Girona,Azz-Eddine Ounahi,88,84.63,37.13,0.0358,Saved,Right Foot,From Corner,a,None,,2025,understat
29520,11322,Girona,Viktor Tsygankov,88,83.58,30.46,0.0459,Off T,Left Foot,From Corner,a,Rebound,,2025,understat
29520,13649,Girona,Claudio Echeverri,90,88.83,36.72,0.0796,Saved,Right Foot,Open Play,a,Pass,Cristhian Stuani,2025,understat
29520,6931,Girona,Fran Beltrán,91,81.06,41.75,0.012,Blocked,Right Foot,Open Play,a,Aerial,,2025,understat
29520,1709,Girona,Cristhian Stuani,93,92.92,28.42,0.0922,Off T,Left Foot,Open Play,a,Pass,Claudio Echeverri,2025,understat
29521,7306,Real Sociedad,Aihen Muñoz,2,95.65,47.19,0.0263,Goal,Left Foot,Open Play,h,Cross,Aritz Elustondo,2025,understat
29521,13048,Real Sociedad,Orri Óskarsson,33,88.93,32.84,0.2699,Off T,Right Foot,Open Play,h,BallRecovery,Carlos Soler,2025,understat
29521,2478,Real Sociedad,Carlos Soler,34,99.43,44.68,0.3618,Off T,Left Foot,Open Play,h,Throughball,Brais Méndez,2025,understat
29521,13048,Real Sociedad,Orri Óskarsson,41,90.2,43.11,0.2026,Saved,Left Foot,Open Play,h,Chipped,Arsen Zakharyan,2025,understat
29521,13048,Real Sociedad,Orri Óskarsson,62,89.88,25.36,0.3266,Goal,Right Foot,Open Play,h,Throughball,Mikel Oyarzabal,2025,understat
29521,2228,Real Sociedad,Aritz Elustondo,74,95.55,26.66,0.0327,Off T,Head,From Corner,h,Cross,Carlos Soler,2025,understat
29521,2234,Real Sociedad,Mikel Oyarzabal,76,78.96,38.56,0.0305,Off T,Left Foot,Open Play,h,Pass,Pablo Marín,2025,understat
29521,6656,Real Sociedad,Sergio Gómez,97,95.76,43.45,0.0523,Off T,Left Foot,Open Play,h,Cross,Jon Aramburu,2025,understat
29521,13761,Valencia,Filip Ugrinic,6,93.03,56.98,0.0586,Off T,Right Foot,Direct Freekick,a,Standard,,2025,understat
29521,10322,Valencia,Javier Guerra,7,90.51,49.03,0.0326,Goal,Right Foot,Open Play,a,Pass,Diego López,2025,understat
29521,6637,Valencia,Hugo Duro,21,94.29,41.14,0.2988,Goal,Left Foot,Open Play,a,Chipped,Eray Cömert,2025,understat
29521,10322,Valencia,Javier Guerra,23,84.0,38.22,0.0611,Off T,Right Foot,Open Play,a,TakeOn,Hugo Duro,2025,understat
29521,7870,Valencia,Luis Rioja,47,78.02,23.05,0.022,Blocked,Left Foot,Open Play,a,BallTouch,,2025,understat
29521,10107,Valencia,César Tárrega,59,7.25,35.9,0.0,OwnGoal,Left Foot,Open Play,a,None,,2025,understat
29521,9694,Valencia,Diego López,61,92.5,49.71,0.0575,Off T,Left Foot,Open Play,a,Pass,Javier Guerra,2025,understat
29521,10975,Valencia,Largie Ramazani,79,89.98,45.02,0.0468,Blocked,Right Foot,Open Play,a,Pass,Jesús Vázquez,2025,understat
29521,10975,Valencia,Largie Ramazani,84,84.52,26.52,0.0648,Off T,Right Foot,Open Play,a,Pass,Thierry Correia,2025,understat
29521,10322,Valencia,Javier Guerra,85,90.93,40.26,0.3596,Saved,Right Foot,Open Play,a,Throughball,Largie Ramazani,2025,understat
29521,8267,Valencia,Guido Rodríguez,88,93.98,35.02,0.065,Goal,Head,From Corner,a,Cross,André Almeida,2025,understat
29521,1450,Valencia,Umar Sadiq,92,95.76,31.08,0.5111,Saved,Head,Open Play,a,Aerial,Jesús Vázquez,2025,understat
29521,10322,Valencia,Javier Guerra,92,93.03,37.6,0.3847,Goal,Left Foot,Open Play,a,TakeOn,Thierry Correia,2025,understat
29521,8267,Valencia,Guido Rodríguez,96,88.52,47.74,0.0307,Off T,Left Foot,Open Play,a,Cross,Jesús Vázquez,2025,understat
29522,14018,Real Oviedo,Lucas Ahijado,6,84.1,18.43,0.0231,Off T,Right Foot,Open Play,h,Pass,Santiago Cazorla,2025,understat
29522,13705,Real Oviedo,Federico Viñas,11,90.72,30.94,0.0341,Off T,Right Foot,Set Piece,h,Aerial,David Costas,2025,understat
29522,4160,Real Oviedo,David Costas,24,100.38,35.84,0.4874,Off T,Head,From Corner,h,Cross,Santiago Cazorla,2025,understat
29522,13705,Real Oviedo,Federico Viñas,42,92.72,33.12,0.0469,Blocked,Head,From Corner,h,Cross,Santiago Cazorla,2025,understat
29522,14018,Real Oviedo,Lucas Ahijado,79,79.7,28.76,0.0214,Blocked,Right Foot,Open Play,h,None,,2025,understat
29522,4160,Real Oviedo,David Costas,84,90.82,29.31,0.0095,Off T,Head,Set Piece,h,Aerial,Santiago Cazorla,2025,understat
29522,14393,Real Oviedo,Thiago Fernández,93,73.18,41.62,0.0089,Blocked,Right Foot,Open Play,h,TakeOn,Javier López,2025,understat
29522,6400,Alaves,Antonio Martínez,16,103.63,34.27,0.9582,Goal,Right Foot,Open Play,a,Pass,Abderrahmane Rebbach,2025,understat
29522,5179,Alaves,Jon Guridi,31,95.34,41.96,0.0399,Off T,Head,Set Piece,a,Cross,Denis Suárez,2025,understat
29522,10364,Alaves,Nahuel Tenaglia,37,75.28,30.67,0.0178,Off T,Right Foot,Open Play,a,None,,2025,understat
29522,14392,Alaves,Ángel Pérez,48,85.15,23.46,0.0284,Off T,Right Foot,Set Piece,a,BallTouch,Jon Guridi,2025,understat
29522,14392,Alaves,Ángel Pérez,51,95.65,27.06,0.1282,Blocked,Left Foot,Open Play,a,TakeOn,Ibrahim Diabate,2025,understat
29522,14465,Alaves,Ibrahim Diabate,51,93.24,23.6,0.0807,Blocked,Right Foot,Open Play,a,Rebound,,2025,understat
29522,10364,Alaves,Nahuel Tenaglia,70,96.28,26.38,0.0401,Off T,Right Foot,Set Piece,a,Cross,Youssef Lekhedim,2025,understat
29523,5615,Osasuna,Valentin Rosier,5,81.27,25.23,0.0273,Blocked,Left Foot,Open Play,h,TakeOn,Lucas Torró,2025,understat
29523,1235,Osasuna,Ante Budimir,11,91.88,27.0,0.069,Off T,Left Foot,Set Piece,h,HeadPass,Lucas Torró,2025,understat
29523,2183,Osasuna,Rubén García,29,100.07,31.28,0.4074,Saved,Right Foot,Open Play,h,BallTouch,Ante Budimir,2025,understat
29523,7050,Osasuna,Lucas Torró,30,97.12,42.77,0.0657,Blocked,Left Foot,Open Play,h,BallTouch,Ante Budimir,2025,understat
29523,7050,Osasuna,Lucas Torró,30,97.86,49.98,0.0158,Blocked,Left Foot,Open Play,h,Aerial,,2025,understat
29523,12893,Osasuna,Enzo Boyomo,30,93.35,45.08,0.0553,Off T,Left Foot,Open Play,h,Rebound,,2025,understat
29523,13279,Osasuna,Víctor Muñoz,34,99.75,48.35,0.0396,Saved,Left Foot,Open Play,h,Pass,Aimar Oroz,2025,understat
29523,13279,Osasuna,Víctor Muñoz,36,89.15,48.14,0.0316,Blocked,Right Foot,Open Play,h,Pass,Jon Moncayola,2025,understat
29523,7857,Osasuna,Jon Moncayola,39,90.3,23.87,0.0349,Blocked,Right Foot,Open Play,h,Cross,Rubén García,2025,understat
29523,2183,Osasuna,Rubén García,43,100.59,32.78,0.0896,Blocked,Head,Open Play,h,Aerial,Víctor Muñoz,2025,understat
29523,2183,Osasuna,Rubén García,45,72.66,30.26,0.0164,Off T,Left Foot,Open Play,h,Pass,Alejandro Catena,2025,understat
29523,13279,Osasuna,Víctor Muñoz,48,83.16,46.17,0.0228,Goal,Right Foot,From Corner,h,BallTouch,Enzo Boyomo,2025,understat
29523,11395,Osasuna,Iker Muñoz,57,79.8,30.87,0.017,Saved,Right Foot,Set Piece,h,None,,2025,understat
29523,1235,Osasuna,Ante Budimir,65,95.76,36.72,0.2913,Saved,Head,From Corner,h,Cross,Rubén García,2025,understat
29523,1235,Osasuna,Ante Budimir,67,97.97,39.92,0.0759,Off T,Head,Open Play,h,Cross,Valentin Rosier,2025,understat
29523,12893,Osasuna,Enzo Boyomo,71,96.92,35.7,0.0584,Off T,Head,Open Play,h,Aerial,Rubén García,2025,understat
29523,8042,Osasuna,Raul García,78,100.48,43.38,0.065,Blocked,Right Foot,Open Play,h,BallRecovery,,2025,understat
29523,8042,Osasuna,Raul García,79,84.21,44.68,0.0499,Blocked,Left Foot,Open Play,h,None,,2025,understat
29523,13279,Osasuna,Víctor Muñoz,79,84.21,36.31,0.0492,Blocked,Right Foot,Open Play,h,Pass,Javi Galán,2025,understat
29523,1235,Osasuna,Ante Budimir,80,88.2,34.88,0.0438,Saved,Left Foot,Open Play,h,Cross,Javi Galán,2025,understat
29523,2183,Osasuna,Rubén García,86,90.3,31.55,0.0558,Blocked,Left Foot,Open Play,h,Cross,Javi Galán,2025,understat
29523,1235,Osasuna,Ante Budimir,87,92.3,31.76,0.0505,Blocked,Left Foot,From Corner,h,Cross,Rubén García,2025,understat
29523,8042,Osasuna,Raul García,90,95.87,30.46,0.0911,Blocked,Head,Open Play,h,Cross,Kike Barja,2025,understat
29523,12893,Osasuna,Enzo Boyomo,92,95.02,35.5,0.0892,Saved,Right Foot,From Corner,h,BallTouch,,2025,understat
29523,4175,Espanyol,Pere Milla,20,89.67,25.5,0.0655,Off T,Left Foot,Open Play,a,Pass,Tyrhys Dolan,2025,understat
29523,5081,Espanyol,Edu Expósito,26,84.63,45.29,0.0934,Blocked,Right Foot,Direct Freekick,a,Standard,,2025,understat
29523,11402,Espanyol,Carlos Romero,26,80.22,40.05,0.0169,Goal,Left Foot,Set Piece,a,Rebound,,2025,understat
29523,5074,Espanyol,Kike García,42,93.13,37.47,0.0565,Off T,Head,From Corner,a,Cross,Edu Expósito,2025,understat
29523,4175,Espanyol,Pere Milla,51,77.49,36.18,0.0361,Blocked,Left Foot,Open Play,a,Pass,Carlos Romero,2025,understat
29523,5074,Espanyol,Kike García,52,99.75,35.36,0.64,Goal,Right Foot,Open Play,a,Pass,Tyrhys Dolan,2025,understat
29523,10936,Espanyol,Charles Pickel,62,91.98,32.57,0.0402,Saved,Head,From Corner,a,None,,2025,understat
29524,13615,Sevilla,Oso,0,77.38,37.74,0.0261,Off T,Right Foot,Open Play,h,TakeOn,Akor Adams,2025,understat
29524,3621,Sevilla,Neal Maupay,3,82.85,46.17,0.0235,Saved,Right Foot,Open Play,h,Pass,Oso,2025,understat
29524,13615,Sevilla,Oso,4,75.28,39.71,0.0188,Saved,Left Foot,Open Play,h,Pass,Ruben Vargas,2025,understat
29524,3621,Sevilla,Neal Maupay,18,74.87,36.04,0.0172,Off T,Left Foot,Open Play,h,Pass,Nemanja Gudelj,2025,understat
29524,7810,Sevilla,Ruben Vargas,31,93.77,30.06,0.0785,Off T,Right Foot,Open Play,h,Cross,José Ángel Carmona,2025,understat
29524,3621,Sevilla,Neal Maupay,33,84.52,32.5,0.0453,Blocked,Right Foot,Open Play,h,BallTouch,Ruben Vargas,2025,understat
29524,3621,Sevilla,Neal Maupay,42,90.51,36.52,0.0891,Blocked,Right Foot,Open Play,h,Pass,Ruben Vargas,2025,understat
29524,10334,Sevilla,Kike Salas,63,84.1,32.3,0.0845,Off T,Left Foot,Open Play,h,BallTouch,Alexis Sánchez,2025,understat
29524,11783,Sevilla,Akor Adams,68,84.1,43.04,0.0275,Off T,Right Foot,Open Play,h,Chipped,José Ángel Carmona,2025,understat
29524,11783,Sevilla,Akor Adams,75,93.77,35.9,0.0763,Saved,Head,Open Play,h,Cross,Juanlu Sanchez,2025,understat
29524,12305,Sevilla,Isaac Romero,82,89.25,25.77,0.0584,Saved,Left Foot,Open Play,h,Pass,Akor Adams,2025,understat
29524,13600,Sevilla,Andrés Castrín,86,93.98,26.79,0.0124,Saved,Head,From Corner,h,Aerial,Chidera Ejuke,2025,understat
29524,8694,Sevilla,Chidera Ejuke,92,98.07,22.44,0.0611,Blocked,Right Foot,Open Play,h,TakeOn,Djibril Sow,2025,understat
29524,10334,Sevilla,Kike Salas,92,90.82,35.7,0.0647,Saved,Left Foot,From Corner,h,Pass,Alexis Sánchez,2025,understat
29524,3423,Real Madrid,Kylian Mbappe-Lottin,8,83.58,42.3,0.0336,Blocked,Right Foot,Open Play,a,Pass,Thiago Pitarch,2025,understat
29524,7008,Real Madrid,Vinícius Júnior,14,89.57,36.04,0.0815,Goal,Right Foot,Open Play,a,Dispossessed,,2025,understat
29524,1822,Real Madrid,Antonio Rüdiger,22,92.61,41.62,0.0124,Blocked,Head,From Corner,a,Aerial,Brahim Diaz,2025,understat
29524,6560,Real Madrid,Aurelien Tchouameni,22,93.13,37.47,0.105,Blocked,Right Foot,From Corner,a,Rebound,,2025,understat
29524,3423,Real Madrid,Kylian Mbappe-Lottin,28,96.5,48.21,0.028,Blocked,Right Foot,Set Piece,a,Pass,Brahim Diaz,2025,understat
29524,3423,Real Madrid,Kylian Mbappe-Lottin,38,89.88,45.15,0.0562,Off T,Right Foot,Open Play,a,Pass,Thiago Pitarch,2025,understat
29524,13848,Real Madrid,Thiago Pitarch,43,71.93,30.87,0.0179,Off T,Right Foot,Open Play,a,Pass,Aurelien Tchouameni,2025,understat
29524,6560,Real Madrid,Aurelien Tchouameni,50,91.67,23.94,0.0853,Blocked,Right Foot,Open Play,a,Pass,Kylian Mbappe-Lottin,2025,understat
29524,3423,Real Madrid,Kylian Mbappe-Lottin,67,97.33,36.18,0.5708,Off T,Left Foot,Open Play,a,Pass,Vinícius Júnior,2025,understat
29524,13847,Real Madrid,Franco Mastantuono,71,85.68,31.28,0.0971,Post,Left Foot,Open Play,a,Pass,Vinícius Júnior,2025,understat
29524,7008,Real Madrid,Vinícius Júnior,71,90.3,41.62,0.0825,Off T,Right Foot,Open Play,a,Rebound,,2025,understat
29524,3423,Real Madrid,Kylian Mbappe-Lottin,86,94.4,29.04,0.3128,Off T,Right Foot,Open Play,a,Cross,Daniel Carvajal,2025,understat
29525,13769,Levante,Carlos Espí,20,95.13,34.82,0.1254,Off T,Head,Open Play,h,Cross,Iker Losada,2025,understat
29525,13769,Levante,Carlos Espí,23,95.34,30.67,0.0482,Off T,Head,Open Play,h,Aerial,Jon Ander Olasagasti,2025,understat
29525,14050,Levante,Kervin Arriaga,29,99.02,29.04,0.0473,Off T,Head,From Corner,h,Aerial,Pablo Martínez,2025,understat
29525,13769,Levante,Carlos Espí,31,85.26,21.22,0.2893,Goal,Right Foot,Open Play,h,BallRecovery,,2025,understat
29525,9275,Levante,Iván Romero,49,76.75,27.27,0.025,Off T,Right Foot,Open Play,h,Pass,Jon Ander Olasagasti,2025,understat
29525,13767,Levante,Roger Brugué,70,94.4,19.86,0.0385,Off T,Right Foot,Set Piece,h,None,,2025,understat
29525,14050,Levante,Kervin Arriaga,72,80.43,20.06,0.0115,Blocked,Left Foot,Set Piece,h,None,,2025,understat
29525,13769,Levante,Carlos Espí,74,88.52,33.93,0.1739,Saved,Right Foot,Open Play,h,TakeOn,Nacho Pérez,2025,understat
29525,13769,Levante,Carlos Espí,77,92.08,30.06,0.0664,Off T,Head,Open Play,h,Cross,Jon Ander Olasagasti,2025,understat
29525,13767,Levante,Roger Brugué,81,89.67,31.89,0.1001,Off T,Left Foot,Open Play,h,Dispossessed,Carlos Espí,2025,understat
29525,9466,Levante,Jon Ander Olasagasti,85,95.55,35.63,0.0905,Off T,Left Foot,Open Play,h,Clearance,Pablo Martínez,2025,understat
29525,14050,Levante,Kervin Arriaga,86,102.27,34.82,0.5876,Goal,Head,From Corner,h,Aerial,Jon Ander Olasagasti,2025,understat
29525,14258,Levante,Kareem Tunde,93,90.3,16.8,0.064,Blocked,Left Foot,Open Play,h,Pass,Kervin Arriaga,2025,understat
29525,10319,Levante,Adrián De la Fuente,95,92.92,34.0,0.7433,Post,Right Foot,Penalty,h,Standard,,2025,understat
29525,10930,Levante,Etta Eyong,95,92.61,36.38,0.1003,Off T,Right Foot,Set Piece,h,Rebound,,2025,understat
29525,10380,Mallorca,Zito,9,83.27,48.35,0.0177,Off T,Right Foot,Open Play,a,None,,2025,understat
29525,10974,Mallorca,Samú Costa,16,82.32,23.87,0.0275,Off T,Left Foot,Open Play,a,BallTouch,Vedat Muriqi,2025,understat
29525,10974,Mallorca,Samú Costa,24,97.02,24.89,0.0185,Saved,Head,Open Play,a,Aerial,Johan Mojica,2025,understat
29525,6242,Mallorca,Johan Mojica,25,84.52,45.22,0.0229,Off T,Left Foot,From Corner,a,None,,2025,understat
29525,10380,Mallorca,Zito,34,93.45,32.23,0.2073,Saved,Head,Open Play,a,Cross,Vedat Muriqi,2025,understat
29525,9002,Mallorca,Vedat Muriqi,40,98.07,40.19,0.0385,Off T,Head,Open Play,a,Aerial,Pablo Maffeo,2025,understat
29525,2621,Mallorca,Sergi Darder,44,81.69,20.2,0.0209,Saved,Right Foot,Open Play,a,Pass,Samú Costa,2025,understat
29525,11025,Mallorca,Pablo Torre,58,91.77,43.11,0.0722,Off T,Right Foot,Open Play,a,Pass,Johan Mojica,2025,understat
29525,8014,Mallorca,Abdón Prats,93,89.78,41.21,0.0134,Off T,Head,From Corner,a,Cross,Jan Virgili,2025,understat
29526,7528,Rayo Vallecano,Sergio Camello,18,80.12,45.56,0.011,Blocked,Right Foot,Open Play,h,TakeOn,Óscar Trejo,2025,understat
29526,8107,Rayo Vallecano,Jorge De Frutos,25,89.88,20.81,0.0319,Saved,Right Foot,Open Play,h,Pass,Andrei Ratiu,2025,understat
29526,7515,Rayo Vallecano,Andrei Ratiu,25,71.93,27.2,0.012,Blocked,Right Foot,Open Play,h,Pass,Óscar Trejo,2025,understat
29526,7528,Rayo Vallecano,Sergio Camello,27,91.56,40.05,0.0848,Goal,Right Foot,Open Play,h,Pass,Andrei Ratiu,2025,understat
29526,5073,Rayo Vallecano,Florian Lejeune,35,63.95,34.88,0.0099,Off T,Right Foot,Open Play,h,Pass,Unai López,2025,understat
29526,7528,Rayo Vallecano,Sergio Camello,38,93.45,30.87,0.0761,Off T,Head,Open Play,h,Cross,Óscar Trejo,2025,understat
29526,7528,Rayo Vallecano,Sergio Camello,45,96.6,42.77,0.0917,Saved,Left Foot,Open Play,h,None,,2025,understat
29526,14059,Rayo Vallecano,Alemão,46,95.23,37.2,0.4783,Goal,Right Foot,Open Play,h,Pass,Óscar Trejo,2025,understat
29526,7528,Rayo Vallecano,Sergio Camello,51,81.8,26.18,0.0314,Off T,Left Foot,Open Play,h,Pass,Jorge De Frutos,2025,understat
29526,14059,Rayo Vallecano,Alemão,54,94.18,21.15,0.0607,Saved,Right Foot,Open Play,h,None,,2025,understat
29526,10101,Rayo Vallecano,Carlos Martín,76,86.1,24.68,0.0626,Blocked,Left Foot,Open Play,h,Pass,Unai López,2025,understat
29526,8107,Rayo Vallecano,Jorge De Frutos,77,94.5,34.2,0.3764,Saved,Right Foot,Open Play,h,Chipped,Unai López,2025,understat
29526,10944,Rayo Vallecano,Fran Pérez,83,97.23,36.11,0.5604,Off T,Right Foot,Open Play,h,Pass,Jorge De Frutos,2025,understat
29526,5073,Rayo Vallecano,Florian Lejeune,88,72.03,50.18,0.0281,Saved,Right Foot,Direct Freekick,h,Standard,,2025,understat
29526,12863,Rayo Vallecano,Pedro Díaz,95,73.82,36.58,0.0097,Off T,Right Foot,Set Piece,h,None,,2025,understat
29526,13996,Villarreal,Tani Oluwaseyi,6,90.4,29.92,0.0713,Off T,Left Foot,Open Play,a,None,,2025,understat
29526,12160,Villarreal,Alberto Moleiro,14,89.67,38.35,0.0837,Blocked,Right Foot,Open Play,a,Pass,Sergi Cardona,2025,understat
29526,7070,Villarreal,Santiago Comesaña,14,82.53,50.18,0.0171,Blocked,Right Foot,Open Play,a,BlockedPass,Tani Oluwaseyi,2025,understat
29526,11744,Villarreal,Sergi Cardona,17,78.65,27.4,0.0169,Post,Right Foot,From Corner,a,None,,2025,understat
29526,12160,Villarreal,Alberto Moleiro,70,90.3,40.53,0.0712,Blocked,Right Foot,Open Play,a,Pass,Gerard Moreno,2025,understat
29526,2328,Villarreal,Thomas Partey,81,78.54,40.12,0.0165,Saved,Right Foot,Open Play,a,Pass,Sergi Cardona,2025,understat
29526,13003,Villarreal,Santiago Mouriño,84,77.18,19.86,0.0121,Off T,Right Foot,Open Play,a,Pass,Daniel Parejo,2025,understat
29526,2328,Villarreal,Thomas Partey,89,81.27,32.16,0.0316,Blocked,Right Foot,Open Play,a,Pass,Daniel Parejo,2025,understat
29526,2328,Villarreal,Thomas Partey,91,101.01,35.02,0.1372,Off T,Right Foot,From Corner,a,HeadPass,Ayoze Pérez,2025,understat
29526,770,Villarreal,Ayoze Pérez,92,92.92,39.37,0.1427,Blocked,Right Foot,Open Play,a,TakeOn,Logan Costa,2025,understat
29526,11744,Villarreal,Sergi Cardona,93,95.02,44.68,0.0546,Saved,Left Foot,Open Play,a,None,,2025,understat
29527,8230,Elche,German Valera,2,77.18,42.16,0.012,Off T,Left Foot,Open Play,h,HeadPass,Marc Aguado,2025,understat
29527,11186,Elche,Alvaro Rodríguez,5,76.12,26.86,0.015,Blocked,Left Foot,Open Play,h,LayOff,André Silva,2025,understat
29527,11186,Elche,Alvaro Rodríguez,12,94.82,40.19,0.1137,Saved,Left Foot,Open Play,h,Pass,André Silva,2025,understat
29527,6651,Elche,Grady Diangana,16,76.97,38.69,0.0177,Blocked,Left Foot,Open Play,h,Pass,André Silva,2025,understat
29527,8972,Elche,Victor Chust,18,85.15,29.04,0.0481,Goal,Right Foot,Open Play,h,None,,2025,understat
29527,8895,Elche,Tete Morente,23,79.07,26.86,0.0172,Off T,Right Foot,From Corner,h,None,,2025,understat
29527,6170,Elche,André Silva,38,95.23,49.98,0.0461,Saved,Right Foot,Open Play,h,Pass,Pedro Bigas,2025,understat
29527,6170,Elche,André Silva,44,78.54,38.15,0.0317,Blocked,Right Foot,Open Play,h,Pass,German Valera,2025,understat
29527,6651,Elche,Grady Diangana,54,95.13,31.28,0.1143,Off T,Head,Open Play,h,Cross,Tete Morente,2025,understat
29527,8230,Elche,German Valera,80,94.82,46.58,0.2761,Post,Left Foot,Open Play,h,Pass,Grady Diangana,2025,understat
29527,9218,Getafe,Juan Iglesias,54,70.67,37.4,0.0099,Off T,Right Foot,Open Play,a,BallRecovery,,2025,understat
29527,9001,Getafe,Martín Satriano,67,97.12,28.29,0.05,Off T,Head,Open Play,a,HeadPass,Domingos Duarte,2025,understat
29527,8725,Getafe,Luis Milla,79,84.63,25.16,0.0344,Blocked,Right Foot,Open Play,a,None,,2025,understat
29528,1189,Alaves,Lucas Boyé,3,91.77,31.69,0.1135,Blocked,Right Foot,Open Play,h,Pass,Jon Guridi,2025,understat
29528,9280,Alaves,Antonio Blanco,12,83.05,43.04,0.0299,Blocked,Right Foot,Open Play,h,Pass,Abderrahmane Rebbach,2025,understat
29528,6400,Alaves,Antonio Martínez,12,102.38,31.55,0.6525,Goal,Left Foot,Open Play,h,None,,2025,understat
29528,12207,Alaves,Victor Parada,24,95.13,27.68,0.0797,Saved,Right Foot,From Corner,h,None,,2025,understat
29528,1189,Alaves,Lucas Boyé,27,77.28,22.24,0.0477,Blocked,Right Foot,Direct Freekick,h,Standard,,2025,understat
29528,6400,Alaves,Antonio Martínez,32,76.02,41.96,0.0211,Saved,Right Foot,Open Play,h,BallTouch,Lucas Boyé,2025,understat
29528,10364,Alaves,Nahuel Tenaglia,38,76.23,17.54,0.01,Saved,Right Foot,Open Play,h,Chipped,Lucas Boyé,2025,understat
29528,10857,Alaves,Pablo Ibáñez,58,96.92,20.67,0.0635,Blocked,Right Foot,Open Play,h,Pass,Ángel Pérez,2025,understat
29528,14392,Alaves,Ángel Pérez,59,78.12,44.88,0.0228,Saved,Right Foot,From Corner,h,Pass,Jon Guridi,2025,understat
29528,10364,Alaves,Nahuel Tenaglia,59,95.76,26.59,0.0681,Blocked,Right Foot,From Corner,h,Pass,Ville Koski,2025,understat
29528,10857,Alaves,Pablo Ibáñez,59,102.17,37.94,0.1447,Saved,Right Foot,From Corner,h,Rebound,Nahuel Tenaglia,2025,understat
29528,1189,Alaves,Lucas Boyé,59,102.27,37.6,0.1187,Saved,Right Foot,From Corner,h,None,,2025,understat
29528,1189,Alaves,Lucas Boyé,64,73.29,19.38,0.0317,Blocked,Right Foot,Direct Freekick,h,Standard,,2025,understat
29528,11825,Alaves,Abderrahmane Rebbach,70,78.96,42.84,0.0253,Saved,Right Foot,Open Play,h,Pass,Lucas Boyé,2025,understat
29528,9280,Alaves,Antonio Blanco,70,93.87,26.04,0.1021,Saved,Right Foot,Open Play,h,Pass,Ángel Pérez,2025,understat
29528,6400,Alaves,Antonio Martínez,78,91.98,21.28,0.0828,Blocked,Right Foot,Open Play,h,BallRecovery,Jon Guridi,2025,understat
29528,14519,Alaves,Ville Koski,78,94.29,38.35,0.0168,Saved,Head,From Corner,h,Aerial,Denis Suárez,2025,understat
29528,2308,Alaves,Denis Suárez,85,81.27,24.62,0.0253,Saved,Right Foot,Open Play,h,Pass,Nahuel Tenaglia,2025,understat
29528,14465,Alaves,Ibrahim Diabate,85,88.52,25.57,0.0783,Blocked,Right Foot,Open Play,h,Pass,Abderrahmane Rebbach,2025,understat
29528,10101,Rayo Vallecano,Carlos Martín,10,86.31,33.93,0.0687,Saved,Right Foot,Open Play,a,Pass,Gerard Gumbau,2025,understat
29528,2609,Rayo Vallecano,Gerard Gumbau,41,81.06,10.06,0.0325,Off T,Left Foot,Direct Freekick,a,Standard,,2025,understat
29528,2609,Rayo Vallecano,Gerard Gumbau,45,82.42,38.35,0.0351,Off T,Left Foot,Open Play,a,Pass,Randy Nteka,2025,understat
29528,8733,Rayo Vallecano,Alfonso Espino,48,89.25,46.58,0.0398,Saved,Right Foot,Open Play,a,BlockedPass,,2025,understat
29528,14059,Rayo Vallecano,Alemão,67,80.32,36.24,0.046,Off T,Right Foot,Open Play,a,Pass,Jorge De Frutos,2025,understat
29528,5672,Rayo Vallecano,Iván Balliu,69,79.17,22.92,0.0199,Off T,Right Foot,Open Play,a,Pass,Sergio Camello,2025,understat
29528,9815,Rayo Vallecano,Pathé Ciss,71,97.12,38.35,0.0885,Saved,Head,From Corner,a,Cross,Gerard Gumbau,2025,understat
29528,7528,Rayo Vallecano,Sergio Camello,72,90.2,36.58,0.2025,Goal,Left Foot,Open Play,a,Chipped,Pathé Ciss,2025,understat
29528,2609,Rayo Vallecano,Gerard Gumbau,79,76.75,30.06,0.0168,Blocked,Right Foot,Open Play,a,Pass,Pedro Díaz,2025,understat
29528,9813,Rayo Vallecano,Randy Nteka,80,94.82,40.87,0.0265,Saved,Head,Open Play,a,Aerial,Alfonso Espino,2025,understat
29528,5672,Rayo Vallecano,Iván Balliu,81,99.33,25.23,0.293,Off T,Right Foot,Open Play,a,Chipped,Alfonso Espino,2025,understat
29528,14059,Rayo Vallecano,Alemão,85,78.65,39.24,0.0234,Blocked,Left Foot,Open Play,a,Pass,Iván Balliu,2025,understat
29528,9813,Rayo Vallecano,Randy Nteka,89,93.03,34.88,0.4334,Goal,Left Foot,Open Play,a,Pass,Sergio Camello,2025,understat
29528,8107,Rayo Vallecano,Jorge De Frutos,91,93.13,24.21,0.2763,Off T,Left Foot,Open Play,a,Pass,Alfonso Espino,2025,understat
29528,7528,Rayo Vallecano,Sergio Camello,93,88.41,49.78,0.0444,Saved,Left Foot,Open Play,a,BallRecovery,,2025,understat
29529,11094,Real Betis,Antony,2,84.21,17.07,0.0613,Saved,Left Foot,Direct Freekick,h,Standard,,2025,understat
29529,10095,Real Betis,Abdessamad Ezzalzouli,4,98.38,32.23,0.5704,Goal,Right Foot,Open Play,h,None,,2025,understat
29529,5086,Real Betis,Marc Roca,17,81.48,19.79,0.026,Saved,Left Foot,Open Play,h,Pass,Antony,2025,understat
29529,2255,Real Betis,Isco,24,79.17,34.82,0.0316,Blocked,Right Foot,Open Play,h,Pass,Antony,2025,understat
29529,6954,Real Betis,Juan Camilo Hernández,36,81.06,45.63,0.0278,Off T,Right Foot,Open Play,h,Pass,Abdessamad Ezzalzouli,2025,understat
29529,6954,Real Betis,Juan Camilo Hernández,44,93.66,27.2,0.3882,Saved,Right Foot,Open Play,h,None,,2025,understat
29529,6954,Real Betis,Juan Camilo Hernández,49,93.87,34.95,0.0423,Off T,Head,Open Play,h,Aerial,Abdessamad Ezzalzouli,2025,understat
29529,5086,Real Betis,Marc Roca,51,77.8,33.18,0.0209,Saved,Left Foot,Open Play,h,Pass,Pablo Fornals,2025,understat
29529,2255,Real Betis,Isco,51,80.32,34.68,0.0115,Blocked,Right Foot,From Corner,h,Chipped,Pablo Fornals,2025,understat
29529,11094,Real Betis,Antony,58,85.15,18.97,0.0249,Off T,Left Foot,Open Play,h,Pass,Juan Camilo Hernández,2025,understat
29529,6954,Real Betis,Juan Camilo Hernández,66,84.0,27.61,0.0362,Saved,Right Foot,Open Play,h,Pass,Pablo Fornals,2025,understat
29529,2163,Real Betis,Diego Llorente,67,94.08,32.57,0.2558,Saved,Head,Open Play,h,Cross,Antony,2025,understat
29529,2335,Real Betis,Pablo Fornals,67,102.69,41.0,0.3372,Goal,Left Foot,Open Play,h,Rebound,,2025,understat
29529,11094,Real Betis,Antony,74,89.25,20.47,0.0423,Blocked,Left Foot,Open Play,h,TakeOn,Giovani Lo Celso,2025,understat
29529,5086,Real Betis,Marc Roca,74,75.39,38.22,0.0152,Blocked,Left Foot,Open Play,h,Rebound,,2025,understat
29529,5681,Real Betis,Giovani Lo Celso,78,73.4,39.17,0.0158,Blocked,Left Foot,Open Play,h,Pass,Abdessamad Ezzalzouli,2025,understat
29529,11094,Real Betis,Antony,80,83.37,17.34,0.0269,Off T,Left Foot,Open Play,h,Pass,Marc Roca,2025,understat
29529,11094,Real Betis,Antony,85,84.63,30.87,0.019,Off T,Left Foot,From Corner,h,Chipped,Ezequiel Ávila,2025,understat
29529,14258,Levante,Kareem Tunde,7,80.01,21.28,0.0185,Off T,Left Foot,Open Play,a,Pass,Pablo Martínez,2025,understat
29529,13769,Levante,Carlos Espí,12,91.67,36.52,0.0233,Off T,Head,Open Play,a,Aerial,,2025,understat
29529,14258,Levante,Kareem Tunde,16,87.57,21.28,0.0347,Saved,Left Foot,Open Play,a,Pass,Iván Romero,2025,understat
29529,13769,Levante,Carlos Espí,35,100.17,36.72,0.54,Saved,Right Foot,Open Play,a,Cross,Manuel Sánchez,2025,understat
29529,9466,Levante,Jon Ander Olasagasti,35,95.45,33.39,0.4836,Saved,Right Foot,Open Play,a,Rebound,,2025,understat
29529,13769,Levante,Carlos Espí,45,92.4,31.14,0.4917,Goal,Right Foot,Open Play,a,Pass,Pablo Martínez,2025,understat
29529,13769,Levante,Carlos Espí,49,94.6,29.1,0.0729,Blocked,Head,Set Piece,a,Cross,Pablo Martínez,2025,understat
29529,9275,Levante,Iván Romero,48,96.6,26.52,0.3916,Saved,Right Foot,Open Play,a,Pass,Tai Abed,2025,understat
29529,14397,Levante,Tai Abed,52,91.03,23.87,0.1212,Off T,Left Foot,Open Play,a,TakeOn,Jon Ander Olasagasti,2025,understat
29529,13769,Levante,Carlos Espí,59,100.59,37.94,0.1313,Off T,Head,From Corner,a,Cross,Pablo Martínez,2025,understat
29529,9466,Levante,Jon Ander Olasagasti,64,79.48,21.83,0.0117,Blocked,Left Foot,Set Piece,a,None,,2025,understat
29529,10319,Levante,Adrián De la Fuente,70,97.97,31.35,0.1219,Saved,Head,From Corner,a,Cross,Jon Ander Olasagasti,2025,understat
29529,10319,Levante,Adrián De la Fuente,70,98.8,36.86,0.1282,Off T,Head,From Corner,a,Cross,Pablo Martínez,2025,understat
29529,10930,Levante,Etta Eyong,87,78.33,52.36,0.016,Off T,Right Foot,Open Play,a,Pass,Ugo Raghouber,2025,understat
29529,14397,Levante,Tai Abed,94,83.27,24.96,0.0418,Saved,Left Foot,Open Play,a,LayOff,Etta Eyong,2025,understat
29530,10870,Celta Vigo,Williot Swedberg,5,92.5,40.26,0.3491,Off T,Right Foot,Open Play,h,None,,2025,understat
29530,12642,Celta Vigo,Yoel Lago,13,96.92,40.26,0.0579,Off T,Head,From Corner,h,Cross,Marcos Alonso,2025,understat
29530,1621,Celta Vigo,Marcos Alonso,23,95.76,36.58,0.0342,Off T,Head,From Corner,h,Aerial,Fernando López,2025,understat
29530,8122,Celta Vigo,Sergio Carreira,42,84.95,48.82,0.0139,Blocked,Right Foot,Open Play,h,Cross,Javier Rueda,2025,understat
29530,13200,Celta Vigo,Fernando López,48,95.34,33.8,0.4846,Off T,Left Foot,Open Play,h,Pass,Sergio Carreira,2025,understat
29530,8122,Celta Vigo,Sergio Carreira,49,81.48,41.82,0.0286,Post,Right Foot,Open Play,h,BallRecovery,,2025,understat
29530,9243,Celta Vigo,Ilaix Moriba,50,76.65,36.52,0.0197,Goal,Right Foot,Set Piece,h,Pass,Fernando López,2025,understat
29530,10870,Celta Vigo,Williot Swedberg,57,92.82,30.6,0.4149,Off T,Right Foot,Open Play,h,Pass,Fernando López,2025,understat
29530,8122,Celta Vigo,Sergio Carreira,67,92.72,44.88,0.0734,Saved,Right Foot,Open Play,h,Pass,Hugo Álvarez,2025,understat
29530,10078,Celta Vigo,Hugo Álvarez,76,93.13,38.35,0.0887,Off T,Right Foot,Open Play,h,Cross,Ferrán Jutglà,2025,understat
29530,12180,Celta Vigo,Javier Rodríguez,82,90.51,26.72,0.0139,Off T,Head,From Corner,h,Aerial,,2025,understat
29530,11154,Celta Vigo,Pablo Durán,91,78.85,21.9,0.0391,Saved,Right Foot,Open Play,h,Pass,Ferrán Jutglà,2025,understat
29530,12742,Sevilla,Peque,29,88.72,22.1,0.0326,Off T,Left Foot,Open Play,a,Pass,José Ángel Carmona,2025,understat
29530,12305,Sevilla,Isaac Romero,41,83.37,18.16,0.0216,Off T,Left Foot,Open Play,a,Pass,Oso,2025,understat
29530,498,Sevilla,Alexis Sánchez,43,100.48,30.46,0.5205,Saved,Right Foot,Open Play,a,Chipped,José Ángel Carmona,2025,understat
29530,12305,Sevilla,Isaac Romero,44,93.35,35.29,0.0352,Off T,Head,Open Play,a,Aerial,César Azpilicueta,2025,understat
29530,7810,Sevilla,Ruben Vargas,64,74.13,44.34,0.0386,Off T,Right Foot,Direct Freekick,a,Standard,,2025,understat
29530,7810,Sevilla,Ruben Vargas,68,75.5,33.73,0.0184,Blocked,Right Foot,Open Play,a,Pass,Neal Maupay,2025,understat
29530,11783,Sevilla,Akor Adams,70,90.93,50.25,0.033,Blocked,Right Foot,Open Play,a,Chipped,Lucien Agoume,2025,understat
29530,7810,Sevilla,Ruben Vargas,84,86.42,18.56,0.0248,Off T,Left Foot,Open Play,a,Pass,Djibril Sow,2025,understat
29530,7888,Sevilla,Nemanja Gudelj,87,72.66,48.21,0.0308,Saved,Right Foot,Direct Freekick,a,Standard,,2025,understat
29531,13350,Espanyol,Roberto Fernández,3,81.58,39.24,0.0485,Off T,Left Foot,Open Play,h,TakeOn,,2025,understat
29531,11402,Espanyol,Carlos Romero,5,96.81,51.61,0.0292,Saved,Left Foot,Open Play,h,TakeOn,Edu Expósito,2025,understat
29531,10947,Espanyol,Ramón Terrats,9,81.9,19.99,0.0626,Off T,Left Foot,Direct Freekick,h,Standard,,2025,understat
29531,13350,Espanyol,Roberto Fernández,13,89.78,23.19,0.3653,Saved,Right Foot,Open Play,h,None,,2025,understat
29531,12901,Espanyol,Antoniu Roca,15,78.02,38.96,0.0106,Saved,Right Foot,Set Piece,h,Aerial,,2025,understat
29531,11402,Espanyol,Carlos Romero,23,82.74,43.25,0.0284,Off T,Left Foot,Open Play,h,Pass,Jofre Carreras,2025,understat
29531,11402,Espanyol,Carlos Romero,46,92.5,27.81,0.0523,Blocked,Left Foot,Open Play,h,Cross,Jofre Carreras,2025,understat
29531,4175,Espanyol,Pere Milla,46,95.97,30.19,0.4518,Saved,Right Foot,Open Play,h,Rebound,,2025,understat
29531,8861,Espanyol,Urko Gonzalez,46,76.97,29.65,0.0174,Off T,Left Foot,Open Play,h,Rebound,,2025,understat
29531,10209,Espanyol,Jofre Carreras,57,93.55,27.27,0.2411,Saved,Right Foot,Open Play,h,Chipped,Carlos Romero,2025,understat
29531,10209,Espanyol,Jofre Carreras,59,99.85,15.91,0.0767,Saved,Right Foot,Open Play,h,Chipped,Edu Expósito,2025,understat
29531,13829,Espanyol,Tyrhys Dolan,63,83.48,42.23,0.0248,Blocked,Right Foot,From Corner,h,None,,2025,understat
29531,5081,Espanyol,Edu Expósito,63,80.22,47.12,0.0159,Off T,Right Foot,Open Play,h,BallRecovery,,2025,understat
29531,13350,Espanyol,Roberto Fernández,64,100.28,34.14,0.5229,Goal,Right Foot,Open Play,h,Chipped,Pere Milla,2025,understat
29531,10209,Espanyol,Jofre Carreras,68,83.37,28.83,0.0452,Off T,Left Foot,Open Play,h,Chipped,Edu Expósito,2025,understat
29531,6168,Espanyol,Leandro Cabrera,78,97.44,32.23,0.0648,Blocked,Head,From Corner,h,None,,2025,understat
29531,13829,Espanyol,Tyrhys Dolan,92,91.77,25.57,0.1177,Saved,Left Foot,Open Play,h,TakeOn,Kike García,2025,understat
29531,12862,Real Sociedad,Luka Sucic,11,80.95,26.04,0.0284,Off T,Left Foot,Open Play,a,HeadPass,Yangel Herrera,2025,understat
29531,9465,Real Sociedad,Beñat Turrientes,13,80.32,38.69,0.0265,Blocked,Right Foot,Open Play,a,Pass,Yangel Herrera,2025,understat
29531,13048,Real Sociedad,Orri Óskarsson,19,94.82,16.12,0.0283,Saved,Right Foot,Open Play,a,Pass,Luka Sucic,2025,understat
29531,13048,Real Sociedad,Orri Óskarsson,27,100.17,36.18,0.5371,Goal,Right Foot,Open Play,a,Cross,Sergio Gómez,2025,understat
29531,14364,Real Sociedad,Job Ochieng,40,92.19,25.09,0.0861,Off T,Right Foot,Open Play,a,Pass,Beñat Turrientes,2025,understat
29531,13048,Real Sociedad,Orri Óskarsson,46,91.77,24.75,0.0794,Blocked,Right Foot,Open Play,a,None,,2025,understat
29531,13048,Real Sociedad,Orri Óskarsson,70,96.7,34.95,0.0716,Off T,Head,Open Play,a,None,,2025,understat
29531,12862,Real Sociedad,Luka Sucic,85,91.45,38.76,0.3611,Saved,Left Foot,Open Play,a,None,,2025,understat
29531,12862,Real Sociedad,Luka Sucic,93,76.75,45.9,0.0138,Off T,Left Foot,Open Play,a,Pass,Pablo Marín,2025,understat
29532,12035,Real Madrid,Gonzalo García,11,89.98,33.32,0.2973,Goal,Right Foot,Open Play,h,Chipped,Daniel Carvajal,2025,understat
29532,13848,Real Madrid,Thiago Pitarch,24,89.15,34.68,0.0968,Saved,Right Foot,Open Play,h,BallTouch,Franco Mastantuono,2025,understat
29532,13848,Real Madrid,Thiago Pitarch,34,90.3,44.27,0.043,Off T,Left Foot,From Corner,h,None,,2025,understat
29532,8824,Real Madrid,Jude Bellingham,40,90.4,41.68,0.0746,Goal,Left Foot,Open Play,h,Chipped,Thiago Pitarch,2025,understat
29532,3423,Real Madrid,Kylian Mbappe-Lottin,43,104.37,43.25,0.0832,Off T,Right Foot,Open Play,h,Pass,Álvaro Fernández,2025,understat
29532,391,Real Madrid,David Alaba,48,94.71,45.97,0.0761,Off T,Left Foot,Open Play,h,None,,2025,understat
29532,3423,Real Madrid,Kylian Mbappe-Lottin,49,83.37,26.04,0.0432,Off T,Right Foot,Open Play,h,Pass,Daniel Carvajal,2025,understat
29532,3423,Real Madrid,Kylian Mbappe-Lottin,50,84.42,43.11,0.0439,Goal,Right Foot,Open Play,h,Pass,Álvaro Fernández,2025,understat
29532,3423,Real Madrid,Kylian Mbappe-Lottin,55,95.45,46.38,0.0656,Off T,Right Foot,Open Play,h,None,,2025,understat
29532,8824,Real Madrid,Jude Bellingham,56,86.31,32.37,0.0932,Saved,Right Foot,Open Play,h,Pass,Gonzalo García,2025,understat
29532,3423,Real Madrid,Kylian Mbappe-Lottin,61,101.12,40.6,0.5217,Saved,Left Foot,Open Play,h,None,,2025,understat
29532,6241,Real Madrid,Federico Valverde,86,78.22,31.89,0.0141,Saved,Right Foot,Set Piece,h,None,,2025,understat
29532,6421,Real Madrid,Brahim Diaz,87,94.71,35.09,0.5012,Goal,Left Foot,Open Play,h,Pass,Thiago Pitarch,2025,understat
29532,7020,Athletic Club,Gorka Guruzeta,2,88.41,48.01,0.0349,Off T,Right Foot,Open Play,a,Pass,Roberto Navarro,2025,understat
29532,7020,Athletic Club,Gorka Guruzeta,27,96.92,31.01,0.1039,Off T,Head,From Corner,a,Cross,Roberto Navarro,2025,understat
29532,7020,Athletic Club,Gorka Guruzeta,45,94.82,32.5,0.4323,Goal,Right Foot,Open Play,a,Cross,Iñaki Williams,2025,understat
29532,8765,Athletic Club,Roberto Navarro,46,94.92,48.55,0.0262,Off T,Right Foot,Open Play,a,Cross,Andoni Gorosabel,2025,understat
29532,7020,Athletic Club,Gorka Guruzeta,56,94.29,33.66,0.2515,Off T,Head,Open Play,a,Cross,Roberto Navarro,2025,understat
29532,12724,Athletic Club,Adama Boiro,62,77.18,41.14,0.0163,Off T,Left Foot,Open Play,a,Pass,Gorka Guruzeta,2025,understat
29532,13821,Athletic Club,Urko Izeta,79,79.8,32.3,0.019,Blocked,Right Foot,Open Play,a,None,,2025,understat
29532,13821,Athletic Club,Urko Izeta,90,99.85,35.63,0.5702,Goal,Head,Open Play,a,Cross,Iñaki Williams,2025,understat
29534,9694,Valencia,Diego López,5,93.13,19.58,0.31,Off T,Right Foot,Open Play,h,Throughball,Unai Núñez,2025,understat
29534,9694,Valencia,Diego López,10,94.08,41.21,0.0376,Off T,Head,Open Play,h,Cross,Jesús Vázquez,2025,understat
29534,7870,Valencia,Luis Rioja,10,100.38,23.32,0.068,Blocked,Left Foot,Open Play,h,Rebound,,2025,understat
29534,6149,Valencia,Unai Núñez,10,79.48,29.92,0.0178,Off T,Left Foot,Open Play,h,Rebound,,2025,understat
29534,6637,Valencia,Hugo Duro,17,98.38,33.86,0.5078,Off T,Head,Open Play,h,Cross,Diego López,2025,understat
29534,9694,Valencia,Diego López,27,90.62,30.6,0.1247,Blocked,Right Foot,Open Play,h,Pass,Javier Guerra,2025,understat
29534,13761,Valencia,Filip Ugrinic,28,80.85,29.99,0.0249,Saved,Right Foot,From Corner,h,BallTouch,,2025,understat
29534,10107,Valencia,César Tárrega,37,94.5,35.56,0.0292,Off T,Head,From Corner,h,Aerial,,2025,understat
29534,10322,Valencia,Javier Guerra,49,81.38,22.1,0.0139,Off T,Right Foot,From Corner,h,Aerial,,2025,understat
29534,6149,Valencia,Unai Núñez,49,84.73,34.75,0.0242,Saved,Head,From Corner,h,Rebound,Javier Guerra,2025,understat
29534,7870,Valencia,Luis Rioja,46,88.93,23.26,0.098,Blocked,Left Foot,Open Play,h,Chipped,Filip Ugrinic,2025,understat
29534,6149,Valencia,Unai Núñez,54,97.44,36.58,0.1157,Off T,Head,From Corner,h,Cross,Luis Rioja,2025,understat
29534,6149,Valencia,Unai Núñez,62,92.3,34.82,0.0529,Off T,Right Foot,Set Piece,h,Cross,Filip Ugrinic,2025,understat
29534,10322,Valencia,Javier Guerra,65,88.41,36.79,0.0585,Goal,Left Foot,Open Play,h,BallRecovery,,2025,understat
29534,10975,Valencia,Largie Ramazani,69,84.21,51.82,0.0146,Saved,Right Foot,Set Piece,h,TakeOn,Luis Rioja,2025,understat
29534,10322,Valencia,Javier Guerra,70,94.18,35.84,0.1295,Blocked,Right Foot,Open Play,h,Pass,Jesús Vázquez,2025,understat
29534,7870,Valencia,Luis Rioja,70,91.03,33.59,0.0954,Goal,Left Foot,Open Play,h,Rebound,,2025,understat
29534,10975,Valencia,Largie Ramazani,80,84.52,50.86,0.063,Off T,Right Foot,Direct Freekick,h,Standard,,2025,understat
29534,8267,Valencia,Guido Rodríguez,96,84.95,36.31,0.0649,Goal,Right Foot,Open Play,h,None,,2025,understat
29534,8091,Barcelona,Ronald Araújo,4,92.5,30.74,0.0153,Off T,Head,From Corner,a,Aerial,Marcus Rashford,2025,understat
29534,8045,Barcelona,Eric Garcia,18,97.33,21.62,0.0202,Blocked,Left Foot,Open Play,a,Cross,Marcus Rashford,2025,understat
29534,9805,Barcelona,Álex Balde,20,99.75,43.72,0.3569,Off T,Left Foot,Open Play,a,Throughball,Dani Olmo,2025,understat
29534,8292,Barcelona,Dani Olmo,22,81.27,28.97,0.0279,Blocked,Right Foot,Open Play,a,Pass,Gavi,2025,understat
29534,6441,Barcelona,Ferrán Torres,24,86.31,19.79,0.0299,Saved,Right Foot,Open Play,a,Chipped,Eric Garcia,2025,understat
29534,227,Barcelona,Robert Lewandowski,44,100.7,38.01,0.0755,Post,Head,From Corner,a,Aerial,Marcus Rashford,2025,understat
29534,6441,Barcelona,Ferrán Torres,60,92.5,27.68,0.0626,Off T,Right Foot,Open Play,a,Aerial,,2025,understat
29534,227,Barcelona,Robert Lewandowski,60,96.6,37.74,0.575,Goal,Left Foot,Open Play,a,Rebound,Ferrán Torres,2025,understat
29534,14129,Barcelona,Xavi Espart,66,84.21,22.51,0.0284,Off T,Right Foot,Open Play,a,Pass,Marcus Rashford,2025,understat
29534,200,Barcelona,Andreas Christensen,84,101.85,39.17,0.1019,Saved,Right Foot,From Corner,a,None,,2025,understat
29534,200,Barcelona,Andreas Christensen,94,91.88,28.42,0.0357,Saved,Head,Open Play,a,Cross,Álex Balde,2025,understat
29535,7338,Girona,Bryan Gil Salvatierra,45,85.15,17.41,0.0204,Saved,Left Foot,Open Play,h,Pass,Viktor Tsygankov,2025,understat
29535,8328,Girona,Azz-Eddine Ounahi,47,82.32,49.16,0.0602,Saved,Right Foot,Direct Freekick,h,Standard,,2025,understat
29535,10949,Girona,Arnau Martinez,47,96.5,26.18,0.3689,Goal,Right Foot,Set Piece,h,Rebound,,2025,understat
29535,10952,Girona,Joel Roca,50,100.38,45.49,0.0133,Saved,Head,Open Play,h,Cross,Viktor Tsygankov,2025,understat
29535,1709,Girona,Cristhian Stuani,73,93.55,31.62,0.083,Blocked,Right Foot,Open Play,h,None,Iván Martín,2025,understat
29535,3425,Girona,Thomas Lemar,79,81.9,32.5,0.0316,Post,Left Foot,Open Play,h,Pass,Viktor Tsygankov,2025,understat
29535,1709,Girona,Cristhian Stuani,89,89.15,33.66,0.013,Saved,Head,Open Play,h,Aerial,Iván Martín,2025,understat
29535,1709,Girona,Cristhian Stuani,93,95.34,31.82,0.0542,Saved,Head,Open Play,h,Aerial,Azz-Eddine Ounahi,2025,understat
29535,13649,Girona,Claudio Echeverri,95,83.68,36.72,0.0456,Saved,Right Foot,Open Play,h,Pass,Azz-Eddine Ounahi,2025,understat
29535,11186,Elche,Alvaro Rodríguez,38,95.02,43.11,0.0689,Goal,Left Foot,Set Piece,a,HeadPass,Pedro Bigas,2025,understat
29535,11186,Elche,Alvaro Rodríguez,43,92.4,44.13,0.0774,Off T,Left Foot,Open Play,a,None,,2025,understat
29535,8230,Elche,German Valera,61,97.55,46.58,0.3491,Off T,Left Foot,Open Play,a,Chipped,Marc Aguado,2025,understat
29536,8725,Getafe,Luis Milla,24,95.02,58.0,0.0569,Saved,Right Foot,Direct Freekick,h,Standard,,2025,understat
29536,14388,Getafe,Luis Vázquez,24,92.72,25.3,0.0701,Blocked,Right Foot,Set Piece,h,Pass,Mauro Arambarri,2025,understat
29536,14387,Getafe,Zaid Romero,47,80.01,30.26,0.0238,Saved,Left Foot,Open Play,h,Pass,Luis Vázquez,2025,understat
29536,14388,Getafe,Luis Vázquez,51,95.13,22.1,0.0235,Blocked,Left Foot,From Corner,h,Aerial,,2025,understat
29536,8725,Getafe,Luis Milla,58,79.07,27.74,0.0217,Goal,Right Foot,Open Play,h,BallTouch,Luis Vázquez,2025,understat
29536,7860,Getafe,Domingos Duarte,77,92.72,32.71,0.0682,Off T,Head,Set Piece,h,Cross,Luis Milla,2025,understat
29536,7050,Osasuna,Lucas Torró,1,95.23,39.98,0.1963,Saved,Head,From Corner,a,Cross,Aimar Oroz,2025,understat
29536,7050,Osasuna,Lucas Torró,6,88.2,30.26,0.0216,Off T,Head,Set Piece,a,Cross,Javi Galán,2025,understat
29536,8042,Osasuna,Raul García,10,90.93,44.95,0.361,Saved,Right Foot,Open Play,a,Chipped,Ante Budimir,2025,understat
29536,7050,Osasuna,Lucas Torró,17,95.55,40.66,0.0154,Saved,Head,Set Piece,a,Aerial,Jon Moncayola,2025,understat
29536,7050,Osasuna,Lucas Torró,37,93.24,42.64,0.0176,Off T,Head,From Corner,a,Cross,Aimar Oroz,2025,understat
29536,7385,Osasuna,Javi Galán,48,78.12,24.75,0.0153,Off T,Left Foot,From Corner,a,None,,2025,understat
29536,1235,Osasuna,Ante Budimir,64,77.6,27.61,0.0149,Blocked,Left Foot,Open Play,a,None,,2025,understat
29536,5615,Osasuna,Valentin Rosier,65,85.26,19.99,0.0236,Blocked,Left Foot,Open Play,a,Pass,Raul García,2025,understat
29536,12537,Osasuna,Asier Osambela,85,95.65,30.19,0.0408,Saved,Head,Open Play,a,Aerial,Javi Galán,2025,understat
29536,8042,Osasuna,Raul García,87,82.85,47.12,0.0713,Off T,Right Foot,Direct Freekick,a,Standard,,2025,understat
29536,8042,Osasuna,Raul García,95,89.88,38.22,0.0223,Saved,Head,Open Play,a,Cross,Valentin Rosier,2025,understat
29537,9002,Mallorca,Vedat Muriqi,2,96.28,39.1,0.0917,Blocked,Right Foot,Open Play,h,Cross,Takuma Asano,2025,understat
29537,7838,Mallorca,Martin Valjent,5,94.4,47.53,0.0096,Blocked,Head,From Corner,h,Cross,Pablo Torre,2025,understat
29537,9002,Mallorca,Vedat Muriqi,8,97.97,27.27,0.169,Off T,Head,Open Play,h,Cross,Sergi Darder,2025,understat
29537,6087,Mallorca,Takuma Asano,16,97.23,21.96,0.2072,Off T,Right Foot,Open Play,h,Pass,Samú Costa,2025,understat
29537,11025,Mallorca,Pablo Torre,18,77.28,28.15,0.0177,Blocked,Right Foot,Open Play,h,Pass,Samú Costa,2025,understat
29537,9002,Mallorca,Vedat Muriqi,22,97.23,22.92,0.0756,Blocked,Right Foot,Open Play,h,Pass,Pablo Torre,2025,understat
29537,9002,Mallorca,Vedat Muriqi,23,96.18,37.94,0.2919,Saved,Head,Open Play,h,Cross,Pablo Maffeo,2025,understat
29537,6087,Mallorca,Takuma Asano,27,93.03,43.45,0.0668,Blocked,Left Foot,Open Play,h,Chipped,Sergi Darder,2025,understat
29537,6087,Mallorca,Takuma Asano,36,91.67,24.21,0.0849,Off T,Left Foot,Open Play,h,Pass,Vedat Muriqi,2025,understat
29537,9002,Mallorca,Vedat Muriqi,39,95.97,24.89,0.0993,Blocked,Right Foot,Open Play,h,Pass,Pablo Torre,2025,understat
29537,9002,Mallorca,Vedat Muriqi,41,96.28,39.51,0.1269,Blocked,Left Foot,Open Play,h,Pass,Manuel Morlanes,2025,understat
29537,6087,Mallorca,Takuma Asano,41,97.75,33.66,0.1423,Off T,Left Foot,Open Play,h,Rebound,,2025,understat
29537,11025,Mallorca,Pablo Torre,41,101.32,38.28,0.5131,Goal,Left Foot,Open Play,h,Cross,Pablo Maffeo,2025,understat
29537,6087,Mallorca,Takuma Asano,45,93.77,46.38,0.2613,Off T,Left Foot,Open Play,h,Pass,Vedat Muriqi,2025,understat
29537,6592,Mallorca,Manuel Morlanes,54,81.9,41.82,0.0331,Blocked,Right Foot,Open Play,h,Pass,Vedat Muriqi,2025,understat
29537,2621,Mallorca,Sergi Darder,65,76.33,42.02,0.0174,Blocked,Right Foot,Open Play,h,None,,2025,understat
29537,9002,Mallorca,Vedat Muriqi,66,96.39,32.1,0.0467,Off T,Head,From Corner,h,Aerial,Pablo Torre,2025,understat
29537,11025,Mallorca,Pablo Torre,70,79.7,32.3,0.0335,Saved,Right Foot,Open Play,h,Pass,Jan Virgili,2025,understat
29537,6592,Mallorca,Manuel Morlanes,82,90.2,34.82,0.0906,Goal,Right Foot,Open Play,h,None,,2025,understat
29537,9002,Mallorca,Vedat Muriqi,87,101.43,33.12,0.8686,Goal,Left Foot,Open Play,h,None,,2025,understat
29537,8014,Mallorca,Abdón Prats,89,91.98,28.02,0.1213,Saved,Right Foot,Open Play,h,Pass,Vedat Muriqi,2025,understat
29537,9002,Mallorca,Vedat Muriqi,91,101.53,26.79,0.1285,Saved,Right Foot,Open Play,h,Pass,Antonio Sánchez,2025,understat
29537,9002,Mallorca,Vedat Muriqi,91,76.44,40.32,0.029,Off T,Left Foot,Open Play,h,Pass,Antonio Sánchez,2025,understat
29537,1739,Real Oviedo,Eric Bailly,10,96.28,25.91,0.0293,Off T,Head,From Corner,a,Cross,Santiago Cazorla,2025,understat
29537,2597,Real Oviedo,Dani Calvo,10,100.38,37.47,0.0932,Off T,Head,From Corner,a,Aerial,Eric Bailly,2025,understat
29537,14316,Real Oviedo,Nicolás Fonseca,13,80.01,31.89,0.0153,Off T,Right Foot,From Corner,a,Aerial,,2025,understat
29537,13700,Real Oviedo,Alberto Reina,33,96.6,28.29,0.0439,Off T,Head,Open Play,a,Aerial,Ilyas Chaira,2025,understat
29537,13700,Real Oviedo,Alberto Reina,35,81.17,37.94,0.027,Blocked,Right Foot,Open Play,a,None,,2025,understat
29537,13701,Real Oviedo,Ilyas Chaira,79,72.87,48.14,0.0169,Off T,Right Foot,Set Piece,a,Pass,Nicolás Fonseca,2025,understat
29537,11401,Real Oviedo,Haissem Hassan,89,82.32,19.86,0.0177,Off T,Left Foot,Open Play,a,Pass,Lucas Ahijado,2025,understat
29533,5656,Villarreal,Nicolas Pepe,1,92.72,19.04,0.0611,Blocked,Left Foot,Open Play,h,Pass,Georges Mikautadze,2025,understat
29533,5656,Villarreal,Nicolas Pepe,2,82.11,41.07,0.0346,Off T,Left Foot,From Corner,h,Pass,Daniel Parejo,2025,understat
29533,5656,Villarreal,Nicolas Pepe,6,92.82,19.92,0.0408,Blocked,Left Foot,Open Play,h,Chipped,Rafa Marín,2025,understat
29533,770,Villarreal,Ayoze Pérez,7,95.65,37.4,0.0981,Blocked,Right Foot,From Corner,h,Pass,Alfonso,2025,understat
29533,8187,Villarreal,Georges Mikautadze,10,95.87,23.32,0.0589,Saved,Right Foot,Open Play,h,Chipped,Santiago Mouriño,2025,understat
29533,8696,Villarreal,Pape Alassane Gueye,17,78.85,19.31,0.018,Blocked,Left Foot,Open Play,h,Pass,Georges Mikautadze,2025,understat
29533,2378,Villarreal,Daniel Parejo,29,92.92,34.0,0.7433,Goal,Right Foot,Penalty,h,Standard,,2025,understat
29533,770,Villarreal,Ayoze Pérez,33,95.34,35.56,0.4932,Goal,Left Foot,Open Play,h,None,,2025,understat
29533,5656,Villarreal,Nicolas Pepe,38,79.48,21.15,0.0251,Saved,Left Foot,Open Play,h,Pass,Alberto Moleiro,2025,understat
29533,8187,Villarreal,Georges Mikautadze,39,93.87,35.9,0.5439,Goal,Right Foot,Open Play,h,TakeOn,Ayoze Pérez,2025,understat
29533,8696,Villarreal,Pape Alassane Gueye,44,84.21,25.77,0.0451,Goal,Left Foot,Open Play,h,Pass,Nicolas Pepe,2025,understat
29533,770,Villarreal,Ayoze Pérez,53,95.76,22.58,0.2628,Goal,Right Foot,Open Play,h,Pass,Nicolas Pepe,2025,understat
29533,770,Villarreal,Ayoze Pérez,58,92.4,31.14,0.1103,Blocked,Right Foot,Open Play,h,TakeOn,,2025,understat
29533,8187,Villarreal,Georges Mikautadze,79,96.7,41.82,0.2693,Saved,Right Foot,Open Play,h,Pass,Rafa Marín,2025,understat
29533,8417,Atletico Madrid,Álex Baena,25,81.58,20.2,0.023,Off T,Right Foot,Open Play,a,Pass,Koke,2025,understat
29533,2270,Atletico Madrid,Antoine Griezmann,37,97.97,22.1,0.2063,Saved,Right Foot,Open Play,a,Pass,Koke,2025,understat
29533,9796,Atletico Madrid,Giuliano Simeone,41,100.59,23.39,0.2799,Saved,Right Foot,Open Play,a,BlockedPass,,2025,understat
29533,10189,Atletico Madrid,Marc Pubill,42,100.8,36.86,0.4673,Goal,Head,From Corner,a,Cross,Antoine Griezmann,2025,understat
29533,9796,Atletico Madrid,Giuliano Simeone,46,99.65,38.08,0.1209,Off T,Head,From Corner,a,Cross,Antoine Griezmann,2025,understat
29533,14439,Atletico Madrid,Obed Vargas,49,85.89,35.9,0.0458,Off T,Right Foot,Open Play,a,None,,2025,understat
29533,8417,Atletico Madrid,Álex Baena,46,89.25,43.11,0.0435,Off T,Left Foot,From Corner,a,None,,2025,understat
29533,2270,Atletico Madrid,Antoine Griezmann,76,93.35,29.04,0.1041,Off T,Left Foot,Open Play,a,Pass,Javier Boñar,2025,understat
29533,6531,Atletico Madrid,Alexander Sørloth,78,93.35,32.1,0.2934,Saved,Head,Open Play,a,Chipped,Koke,2025,understat
