whoscored_match_id,whoscored_team_id,side,formation_name,captain_player_id_ws,start_minute,end_minute,data_source
1946345,37,home,4231,13754,0,48,whoscored
1946345,37,home,4231,13754,48,53,whoscored
1946345,37,home,4231,13754,53,66,whoscored
1946345,37,home,4231,13754,66,93,whoscored
1946345,37,home,4231,13754,93,93,whoscored
1946345,37,home,4231,13754,93,96,whoscored
1946345,15,away,4231,361330,0,70,whoscored
1946345,15,away,4231,369430,70,83,whoscored
1946345,15,away,4231,410175,83,96,whoscored
1946346,129,home,442,331555,0,47,whoscored
1946346,129,home,442,331555,47,83,whoscored
1946346,129,home,442,331555,83,94,whoscored
1946346,37,away,4231,283323,0,63,whoscored
1946346,37,away,4231,283323,63,86,whoscored
1946346,37,away,4231,283323,86,94,whoscored
1946347,304,home,433,101949,0,24,whoscored
1946347,304,home,433,101949,24,51,whoscored
1946347,304,home,433,101949,51,74,whoscored
1946347,304,home,433,101949,74,95,whoscored
1946347,37,away,4231,13754,0,54,whoscored
1946347,37,away,442,13754,54,89,whoscored
1946347,37,away,532,13754,89,96,whoscored
1946347,37,away,541,13754,96,95,whoscored
1946348,15,home,4231,361330,0,47,whoscored
1946348,15,home,4231,361330,47,60,whoscored
1946348,15,home,4231,361330,60,61,whoscored
1946348,15,home,4231,361330,61,76,whoscored
1946348,15,home,4231,361330,76,83,whoscored
1946348,15,home,4231,361330,83,84,whoscored
1946348,15,home,4231,369430,84,93,whoscored
1946348,65,away,4231,384711,0,43,whoscored
1946348,65,away,4231,279423,43,47,whoscored
1946348,65,away,4231,279423,47,63,whoscored
1946348,65,away,4231,279423,63,81,whoscored
1946348,65,away,4231,279423,81,93,whoscored
1946349,37,home,4231,13754,0,70,whoscored
1946349,37,home,4231,13754,70,82,whoscored
1946349,37,home,4231,13754,82,82,whoscored
1946349,37,home,4231,13754,82,92,whoscored
1946349,124,away,4141,243567,0,47,whoscored
1946349,124,away,3421,243567,47,67,whoscored
1946349,124,away,3421,243567,67,81,whoscored
1946349,124,away,3421,243567,81,92,whoscored
1946350,15,home,4231,369430,0,55,whoscored
1946350,15,home,4231,369430,55,62,whoscored
1946350,15,home,4231,369430,62,62,whoscored
1946350,15,home,4231,369430,62,82,whoscored
1946350,15,home,4231,361330,82,97,whoscored
1946350,299,away,433,75691,0,74,whoscored
1946350,299,away,433,75691,74,78,whoscored
1946350,299,away,433,75691,78,78,whoscored
1946350,299,away,433,75691,78,78,whoscored
1946350,299,away,433,75691,78,91,whoscored
1946350,299,away,4222,75691,91,97,whoscored
1946351,13,home,4231,367185,0,37,whoscored
1946351,13,home,4231,367185,37,70,whoscored
1946351,13,home,4231,332325,70,83,whoscored
1946351,13,home,433,247454,83,94,whoscored
1946351,37,away,4231,13754,0,74,whoscored
1946351,37,away,442,13754,74,83,whoscored
1946351,37,away,442,13754,83,83,whoscored
1946351,37,away,442,13754,83,84,whoscored
1946351,37,away,442,13754,84,94,whoscored
1946352,300,home,3421,85070,0,16,whoscored
1946352,300,home,3421,85070,16,74,whoscored
1946352,300,home,3421,85070,74,75,whoscored
1946352,300,home,3421,85070,75,90,whoscored
1946352,300,home,3421,85070,90,90,whoscored
1946352,300,home,3421,85070,90,94,whoscored
1946352,15,away,4231,361330,0,49,whoscored
1946352,15,away,4231,361330,49,70,whoscored
1946352,15,away,433,361330,70,79,whoscored
1946352,15,away,433,361330,79,94,whoscored
1946353,37,home,4231,13754,0,78,whoscored
1946353,37,home,4231,13754,78,89,whoscored
1946353,37,home,4231,13754,89,89,whoscored
1946353,37,home,4231,13754,89,89,whoscored
1946353,37,home,4231,13754,89,93,whoscored
1946353,37,home,4231,13754,93,94,whoscored
1946353,296,away,541,403647,0,67,whoscored
1946353,296,away,541,403647,67,81,whoscored
1946353,296,away,541,403647,81,82,whoscored
1946353,296,away,541,403647,82,93,whoscored
1946353,296,away,541,403647,93,93,whoscored
1946353,296,away,541,403647,93,94,whoscored
1946354,15,home,433,369430,0,2,whoscored
1946354,15,home,433,369430,2,21,whoscored
1946354,15,home,433,369430,21,52,whoscored
1946354,15,home,433,425319,52,55,whoscored
1946354,15,home,433,425319,55,72,whoscored
1946354,15,home,433,353292,72,95,whoscored
1946354,130,away,4231,401122,0,16,whoscored
1946354,130,away,442,34550,16,22,whoscored
1946354,130,away,442,34550,22,52,whoscored
1946354,130,away,442,108860,52,85,whoscored
1946354,130,away,442,108860,85,90,whoscored
1946354,130,away,442,108860,90,95,whoscored
1946355,26,home,4231,95408,0,62,whoscored
1946355,26,home,4231,95408,62,77,whoscored
1946355,26,home,4231,95408,77,93,whoscored
1946355,129,away,442,331555,0,71,whoscored
1946355,129,away,442,331555,71,71,whoscored
1946355,129,away,442,331555,71,90,whoscored
1946355,129,away,442,331555,90,93,whoscored
1946356,37,home,4231,13754,0,69,whoscored
1946356,37,home,4231,13754,69,94,whoscored
1946356,37,home,4231,13754,94,94,whoscored
1946356,37,home,4231,13754,94,94,whoscored
1946356,2647,away,3421,134493,0,69,whoscored
1946356,2647,away,3421,134493,69,84,whoscored
1946356,2647,away,3421,134493,84,84,whoscored
1946356,2647,away,3421,134493,84,94,whoscored
1946357,304,home,433,101949,0,21,whoscored
1946357,304,home,433,101949,21,73,whoscored
1946357,304,home,433,101949,73,90,whoscored
1946357,304,home,433,101949,90,94,whoscored
1946357,23,away,3421,82277,0,70,whoscored
1946357,23,away,3421,82277,70,71,whoscored
1946357,23,away,3421,82277,71,82,whoscored
1946357,23,away,3421,82277,82,94,whoscored
1946358,2748,home,4231,144095,0,59,whoscored
1946358,2748,home,4231,144095,59,59,whoscored
1946358,2748,home,4231,144095,59,59,whoscored
1946358,2748,home,4231,144095,59,60,whoscored
1946358,2748,home,4231,144095,60,66,whoscored
1946358,2748,home,4231,144095,66,79,whoscored
1946358,2748,home,4231,144095,79,93,whoscored
1946358,37,away,4231,13754,0,46,whoscored
1946358,37,away,4231,13754,46,64,whoscored
1946358,37,away,4231,13754,64,73,whoscored
1946358,37,away,4231,13754,73,73,whoscored
1946358,37,away,4231,13754,73,83,whoscored
1946358,37,away,4231,13754,83,93,whoscored
1946359,53,home,4231,56057,0,63,whoscored
1946359,53,home,4231,56057,63,74,whoscored
1946359,53,home,4231,56057,74,74,whoscored
1946359,53,home,4231,56057,74,74,whoscored
1946359,53,home,4231,56057,74,79,whoscored
1946359,53,home,442,56057,79,93,whoscored
1946359,304,away,433,101949,0,34,whoscored
1946359,304,away,433,101949,34,47,whoscored
1946359,304,away,433,384887,47,63,whoscored
1946359,304,away,433,384887,63,79,whoscored
1946359,304,away,433,384887,79,93,whoscored
1946360,167,home,433,101374,0,46,whoscored
1946360,167,home,433,101374,46,65,whoscored
1946360,167,home,433,101374,65,92,whoscored
1946360,36,away,532,107252,0,83,whoscored
1946360,36,away,541,107252,83,92,whoscored
1946361,75,home,352,299344,0,64,whoscored
1946361,75,home,352,329665,64,83,whoscored
1946361,75,home,3421,329665,83,92,whoscored
1946361,13,away,433,367185,0,65,whoscored
1946361,13,away,433,367185,65,65,whoscored
1946361,13,away,433,367185,65,76,whoscored
1946361,13,away,433,367185,76,76,whoscored
1946361,13,away,433,367185,76,80,whoscored
1946361,13,away,433,367185,80,92,whoscored
1946362,839,home,442,335107,0,47,whoscored
1946362,839,home,442,335107,47,67,whoscored
1946362,839,home,442,335107,67,67,whoscored
1946362,839,home,442,335107,67,73,whoscored
1946362,839,home,442,335107,73,82,whoscored
1946362,839,home,442,335107,82,94,whoscored
1946362,167,away,4141,136741,0,58,whoscored
1946362,167,away,4141,136741,58,73,whoscored
1946362,167,away,4141,136741,73,74,whoscored
1946362,167,away,4141,136741,74,87,whoscored
1946362,167,away,4141,136741,87,87,whoscored
1946362,167,away,4141,136741,87,94,whoscored
1946363,44,home,3421,371275,0,72,whoscored
1946363,44,home,3421,371275,72,72,whoscored
1946363,44,home,3421,371275,72,81,whoscored
1946363,44,home,3421,371275,81,81,whoscored
1946363,44,home,3421,371275,81,88,whoscored
1946363,44,home,3421,111212,88,95,whoscored
1946363,839,away,442,335107,0,17,whoscored
1946363,839,away,442,335107,17,57,whoscored
1946363,839,away,442,362735,57,69,whoscored
1946363,839,away,442,362735,69,78,whoscored
1946363,839,away,442,28186,78,87,whoscored
1946363,839,away,442,28186,87,87,whoscored
1946363,839,away,442,28186,87,91,whoscored
1946363,839,away,442,28186,91,95,whoscored
1946364,276,home,3421,122469,0,70,whoscored
1946364,276,home,3421,122469,70,85,whoscored
1946364,276,home,3421,122469,85,95,whoscored
1946364,15,away,4231,361330,0,49,whoscored
1946364,15,away,4231,361330,49,62,whoscored
1946364,15,away,4231,361330,62,77,whoscored
1946364,15,away,3421,361330,77,93,whoscored
1946364,15,away,3421,361330,93,95,whoscored
1946365,167,home,4141,136741,0,64,whoscored
1946365,167,home,4141,136741,64,73,whoscored
1946365,167,home,4141,136741,73,84,whoscored
1946365,167,home,4141,136741,84,84,whoscored
1946365,167,home,4141,136741,84,84,whoscored
1946365,167,home,4141,136741,84,92,whoscored
1946365,276,away,4141,122469,0,20,whoscored
1946365,276,away,4141,122683,20,25,whoscored
1946365,276,away,541,122683,25,59,whoscored
1946365,276,away,532,84603,59,75,whoscored
1946365,276,away,532,84603,75,76,whoscored
1946365,276,away,532,84603,76,76,whoscored
1946365,276,away,532,84603,76,92,whoscored
1946366,87,home,3421,339875,0,59,whoscored
1946366,87,home,3421,339875,59,60,whoscored
1946366,87,home,3421,339875,60,69,whoscored
1946366,87,home,3421,273539,69,87,whoscored
1946366,87,home,3421,273539,87,97,whoscored
1946366,44,away,3421,336028,0,71,whoscored
1946366,44,away,3421,336028,71,71,whoscored
1946366,44,away,3421,336028,71,92,whoscored
1946366,44,away,3421,336028,92,97,whoscored
1946367,15,home,4231,361330,0,48,whoscored
1946367,15,home,4231,369430,48,72,whoscored
1946367,15,home,4231,369430,72,72,whoscored
1946367,15,home,4231,369430,72,72,whoscored
1946367,15,home,4231,369430,72,94,whoscored
1946367,2748,away,3421,346190,0,67,whoscored
1946367,2748,away,3421,346190,67,67,whoscored
1946367,2748,away,3421,346190,67,68,whoscored
1946367,2748,away,3421,346190,68,85,whoscored
1946367,2748,away,3421,346190,85,85,whoscored
1946367,2748,away,3421,346190,85,91,whoscored
1946367,2748,away,3421,346190,91,94,whoscored
1946368,44,home,3421,371275,0,32,whoscored
1946368,44,home,3421,371275,32,70,whoscored
1946368,44,home,3421,371275,70,70,whoscored
1946368,44,home,3421,371275,70,80,whoscored
1946368,44,home,3421,371275,80,80,whoscored
1946368,44,home,3421,371275,80,95,whoscored
1946368,439,away,4141,479291,0,49,whoscored
1946368,439,away,4141,479291,49,71,whoscored
1946368,439,away,4141,320986,71,85,whoscored
1946368,439,away,4141,320986,85,95,whoscored
1946369,2569,home,4231,124594,0,30,whoscored
1946369,2569,home,4231,124594,30,51,whoscored
1946369,2569,home,4231,124594,51,64,whoscored
1946369,2569,home,4231,124594,64,64,whoscored
1946369,2569,home,4231,124594,64,78,whoscored
1946369,2569,home,4231,383100,78,95,whoscored
1946369,15,away,4231,361330,0,7,whoscored
1946369,15,away,4231,361330,7,49,whoscored
1946369,15,away,4231,361330,49,49,whoscored
1946369,15,away,4231,361330,49,49,whoscored
1946369,15,away,4231,361330,49,74,whoscored
1946369,15,away,4231,361330,74,95,whoscored
1946370,439,home,442,354608,0,76,whoscored
1946370,439,home,442,354608,76,76,whoscored
1946370,439,home,442,354608,76,77,whoscored
1946370,439,home,433,354608,77,83,whoscored
1946370,439,home,433,354608,83,94,whoscored
1946370,167,away,433,303139,0,63,whoscored
1946370,167,away,451,315227,63,71,whoscored
1946370,167,away,451,315227,71,94,whoscored
1946371,30,home,4231,323663,0,65,whoscored
1946371,30,home,4231,323663,65,73,whoscored
1946371,30,home,4231,323663,73,95,whoscored
1946371,44,away,3421,371275,0,25,whoscored
1946371,44,away,4411,371275,25,49,whoscored
1946371,44,away,3511,111212,49,67,whoscored
1946371,44,away,3511,111212,67,67,whoscored
1946371,44,away,3511,111212,67,79,whoscored
1946371,44,away,3511,111212,79,95,whoscored
1946372,52,home,442,344644,0,61,whoscored
1946372,52,home,442,344644,61,62,whoscored
1946372,52,home,442,344644,62,70,whoscored
1946372,52,home,433,344644,70,82,whoscored
1946372,52,home,4231,344644,82,94,whoscored
1946372,167,away,433,136741,0,73,whoscored
1946372,167,away,433,136741,73,73,whoscored
1946372,167,away,433,136741,73,74,whoscored
1946372,167,away,433,136741,74,91,whoscored
1946372,167,away,532,136741,91,94,whoscored
1946373,167,home,4231,136741,0,36,whoscored
1946373,167,home,4141,136741,36,47,whoscored
1946373,167,home,4132,136741,47,68,whoscored
1946373,167,home,4141,136741,68,83,whoscored
1946373,167,home,4141,136741,83,95,whoscored
1946373,294,away,4231,77464,0,69,whoscored
1946373,294,away,4231,361709,69,81,whoscored
1946373,294,away,4231,361709,81,87,whoscored
1946373,294,away,3421,106964,87,95,whoscored
1946374,44,home,3421,336028,0,63,whoscored
1946374,44,home,3421,336028,63,63,whoscored
1946374,44,home,3421,336028,63,69,whoscored
1946374,44,home,3421,336028,69,70,whoscored
1946374,44,home,3421,336028,70,87,whoscored
1946374,44,home,3421,336028,87,94,whoscored
1946374,53,away,4231,255182,0,46,whoscored
1946374,53,away,442,291686,46,63,whoscored
1946374,53,away,442,291686,63,80,whoscored
1946374,53,away,442,291686,80,94,whoscored
1946375,26,home,4231,95408,0,81,whoscored
1946375,26,home,4231,95408,81,81,whoscored
1946375,26,home,4231,95408,81,90,whoscored
1946375,26,home,4231,95408,90,90,whoscored
1946375,26,home,4231,95408,90,91,whoscored
1946375,26,home,4231,95408,91,95,whoscored
1946375,52,away,4141,344644,0,71,whoscored
1946375,52,away,4141,344644,71,84,whoscored
1946375,52,away,4141,344644,84,92,whoscored
1946375,52,away,4141,337782,92,95,whoscored
1946376,248,home,3421,255167,0,21,whoscored
1946376,248,home,3421,255167,21,65,whoscored
1946376,248,home,3421,255167,65,83,whoscored
1946376,248,home,3421,255167,83,83,whoscored
1946376,248,home,3421,255167,83,84,whoscored
1946376,248,home,442,255167,84,97,whoscored
1946376,167,away,4141,136741,0,62,whoscored
1946376,167,away,4141,136741,62,62,whoscored
1946376,167,away,4141,136741,62,74,whoscored
1946376,167,away,4141,136741,74,97,whoscored
1946377,10,home,442,99972,0,65,whoscored
1946377,10,home,442,99972,65,77,whoscored
1946377,10,home,442,99972,77,77,whoscored
1946377,10,home,442,99972,77,83,whoscored
1946377,10,home,4231,99972,83,91,whoscored
1946377,44,away,3421,141556,0,64,whoscored
1946377,44,away,3421,141556,64,65,whoscored
1946377,44,away,3421,371275,65,79,whoscored
1946377,44,away,3421,371275,79,87,whoscored
1946377,44,away,3421,371275,87,88,whoscored
1946377,44,away,3421,371275,88,91,whoscored
1946378,52,home,433,344644,0,74,whoscored
1946378,52,home,433,344644,74,84,whoscored
1946378,52,home,3421,344644,84,88,whoscored
1946378,52,home,433,344644,88,95,whoscored
1946378,87,away,3421,494525,0,62,whoscored
1946378,87,away,3421,494525,62,74,whoscored
1946378,87,away,3421,494525,74,74,whoscored
1946378,87,away,3421,494525,74,75,whoscored
1946378,87,away,3421,273539,75,88,whoscored
1946378,87,away,3421,273539,88,95,whoscored
1946379,26,home,4231,95408,0,62,whoscored
1946379,26,home,4231,95408,62,78,whoscored
1946379,26,home,4231,95408,78,90,whoscored
1946379,26,home,4231,95408,90,96,whoscored
1946379,63,away,442,76662,0,57,whoscored
1946379,63,away,442,80764,57,65,whoscored
1946379,63,away,442,80764,65,81,whoscored
1946379,63,away,541,80764,81,96,whoscored
1946380,299,home,4231,75691,0,89,whoscored
1946380,299,home,4231,75691,89,93,whoscored
1946380,299,home,4231,75691,93,99,whoscored
1946380,299,home,4231,75691,99,99,whoscored
1946380,299,home,4231,75691,99,100,whoscored
1946380,299,home,541,75691,100,97,whoscored
1946380,52,away,433,344644,0,61,whoscored
1946380,52,away,433,344644,61,61,whoscored
1946380,52,away,433,344644,61,84,whoscored
1946380,52,away,433,344644,84,85,whoscored
1946380,52,away,433,344644,85,97,whoscored
1946381,45,home,343,276205,0,63,whoscored
1946381,45,home,343,276205,63,68,whoscored
1946381,45,home,343,276205,68,69,whoscored
1946381,45,home,343,276205,69,80,whoscored
1946381,45,home,343,276205,80,92,whoscored
1946381,26,away,442,95408,0,18,whoscored
1946381,26,away,442,95408,18,50,whoscored
1946381,26,away,442,95408,50,78,whoscored
1946381,26,away,4231,95408,78,79,whoscored
1946381,26,away,4231,95408,79,92,whoscored
1946382,52,home,4231,344644,0,4,whoscored
1946382,52,home,4231,106883,4,66,whoscored
1946382,52,home,4231,106883,66,66,whoscored
1946382,52,home,4231,106883,66,76,whoscored
1946382,52,home,4231,344644,76,97,whoscored
1946382,249,away,4231,362788,0,69,whoscored
1946382,249,away,4231,362788,69,70,whoscored
1946382,249,away,4231,362788,70,81,whoscored
1946382,249,away,4231,362788,81,91,whoscored
1946382,249,away,4231,362788,91,97,whoscored
1946383,843,home,4231,302402,0,27,whoscored
1946383,843,home,4231,302402,27,48,whoscored
1946383,843,home,4231,302402,48,64,whoscored
1946383,843,home,4231,302402,64,74,whoscored
1946383,843,home,4231,302402,74,74,whoscored
1946383,843,home,4231,302402,74,95,whoscored
1946383,52,away,4231,344644,0,48,whoscored
1946383,52,away,4231,344644,48,63,whoscored
1946383,52,away,4231,344644,63,75,whoscored
1946383,52,away,4231,344644,75,92,whoscored
1946383,52,away,4411,344644,92,95,whoscored
1946384,249,home,442,362788,0,69,whoscored
1946384,249,home,442,362788,69,70,whoscored
1946384,249,home,442,362788,70,70,whoscored
1946384,249,home,442,362788,70,93,whoscored
1946384,26,away,4222,95408,0,81,whoscored
1946384,26,away,4222,95408,81,81,whoscored
1946384,26,away,4222,95408,81,93,whoscored
1946385,52,home,433,344644,0,48,whoscored
1946385,52,home,433,344644,48,73,whoscored
1946385,52,home,433,344644,73,79,whoscored
1946385,52,home,433,106883,79,85,whoscored
1946385,52,home,433,106883,85,93,whoscored
1946385,248,away,4231,252419,0,63,whoscored
1946385,248,away,4231,252419,63,63,whoscored
1946385,248,away,4231,252419,63,75,whoscored
1946385,248,away,4231,255167,75,86,whoscored
1946385,248,away,4231,255167,86,93,whoscored
1946386,26,home,4231,95408,0,3,whoscored
1946386,26,home,4231,95408,3,69,whoscored
1946386,26,home,4231,95408,69,69,whoscored
1946386,26,home,4231,95408,69,70,whoscored
1946386,26,home,4231,95408,70,76,whoscored
1946386,26,home,4231,95408,76,77,whoscored
1946386,26,home,433,95408,77,92,whoscored
1946386,2569,away,4231,124594,0,69,whoscored
1946386,2569,away,4231,124594,69,70,whoscored
1946386,2569,away,4231,124594,70,70,whoscored
1946386,2569,away,4231,124594,70,83,whoscored
1946386,2569,away,4231,124594,83,87,whoscored
1946386,2569,away,4231,124594,87,88,whoscored
1946386,2569,away,4231,383100,88,92,whoscored
1946387,1770,home,442,30091,0,64,whoscored
1946387,1770,home,442,30091,64,65,whoscored
1946387,1770,home,442,30091,65,80,whoscored
1946387,1770,home,442,30091,80,80,whoscored
1946387,1770,home,442,30091,80,93,whoscored
1946387,52,away,4231,337782,0,70,whoscored
1946387,52,away,4231,73798,70,80,whoscored
1946387,52,away,4231,73798,80,80,whoscored
1946387,52,away,4231,73798,80,81,whoscored
1946387,52,away,4231,73798,81,93,whoscored
1946388,294,home,4231,108073,0,76,whoscored
1946388,294,home,4231,108073,76,76,whoscored
1946388,294,home,4231,108073,76,79,whoscored
1946388,294,home,4231,108073,79,89,whoscored
1946388,294,home,4231,108073,89,98,whoscored
1946388,26,away,4231,95408,0,60,whoscored
1946388,26,away,4231,95408,60,66,whoscored
1946388,26,away,4231,95408,66,72,whoscored
1946388,26,away,4231,95408,72,73,whoscored
1946388,26,away,4231,95408,73,98,whoscored
1946389,75,home,352,299344,0,10,whoscored
1946389,75,home,352,299344,10,30,whoscored
1946389,75,home,352,299344,30,90,whoscored
1946389,75,home,352,299344,90,90,whoscored
1946389,75,home,352,299344,90,90,whoscored
1946389,75,home,352,299344,90,96,whoscored
1946389,26,away,41212,95408,0,75,whoscored
1946389,26,away,4231,95408,75,96,whoscored
1946390,65,home,4231,279423,0,74,whoscored
1946390,65,home,4231,279423,74,81,whoscored
1946390,65,home,4231,279423,81,88,whoscored
1946390,65,home,4231,279423,88,94,whoscored
1946390,304,away,433,320834,0,28,whoscored
1946390,304,away,433,320834,28,67,whoscored
1946390,304,away,433,320834,67,74,whoscored
1946390,304,away,4231,320834,74,82,whoscored
1946390,304,away,4231,320834,82,94,whoscored
1946391,44,home,3421,111212,0,69,whoscored
1946391,44,home,3421,111212,69,82,whoscored
1946391,44,home,3421,111212,82,83,whoscored
1946391,44,home,3421,111212,83,90,whoscored
1946391,44,home,3421,111212,90,95,whoscored
1946391,75,away,352,255929,0,58,whoscored
1946391,75,away,352,255929,58,73,whoscored
1946391,75,away,352,255929,73,75,whoscored
1946391,75,away,352,255929,75,89,whoscored
1946391,75,away,352,255929,89,95,whoscored
1946392,65,home,4231,300447,0,50,whoscored
1946392,65,home,4231,300447,50,70,whoscored
1946392,65,home,4231,279423,70,93,whoscored
1946392,65,home,4231,279423,93,94,whoscored
1946392,45,away,4231,276205,0,72,whoscored
1946392,45,away,4231,276205,72,72,whoscored
1946392,45,away,4231,276205,72,81,whoscored
1946392,45,away,4231,276205,81,81,whoscored
1946392,45,away,4231,276205,81,93,whoscored
1946392,45,away,4231,276205,93,94,whoscored
1946393,124,home,4231,243567,0,80,whoscored
1946393,124,home,4231,243567,80,86,whoscored
1946393,124,home,4231,243567,86,89,whoscored
1946393,124,home,4231,243567,89,98,whoscored
1946393,65,away,4231,384711,0,60,whoscored
1946393,65,away,4231,384711,60,85,whoscored
1946393,65,away,4231,384711,85,95,whoscored
1946393,65,away,4231,384711,95,96,whoscored
1946393,65,away,4231,384711,96,98,whoscored
1946394,63,home,4141,135914,0,61,whoscored
1946394,63,home,4141,135914,61,62,whoscored
1946394,63,home,4141,135914,62,71,whoscored
1946394,63,home,442,135914,71,95,whoscored
1946394,75,away,352,299344,0,68,whoscored
1946394,75,away,352,299344,68,68,whoscored
1946394,75,away,352,299344,68,75,whoscored
1946394,75,away,352,148684,75,83,whoscored
1946394,75,away,352,148684,83,95,whoscored
1946395,65,home,4231,402197,0,61,whoscored
1946395,65,home,433,402197,61,77,whoscored
1946395,65,home,433,402197,77,77,whoscored
1946395,65,home,433,402197,77,77,whoscored
1946395,65,home,433,402197,77,81,whoscored
1946395,65,home,433,384711,81,82,whoscored
1946395,65,home,433,384711,82,94,whoscored
1946395,843,away,4231,302402,0,30,whoscored
1946395,843,away,4231,302402,30,48,whoscored
1946395,843,away,4231,302402,48,55,whoscored
1946395,843,away,4231,302402,55,80,whoscored
1946395,843,away,4231,302402,80,94,whoscored
1946396,75,home,352,299344,0,67,whoscored
1946396,75,home,352,299344,67,68,whoscored
1946396,75,home,352,148684,68,77,whoscored
1946396,75,home,352,148684,77,93,whoscored
1946396,349,away,3421,383685,0,47,whoscored
1946396,349,away,3421,383685,47,47,whoscored
1946396,349,away,3421,383685,47,50,whoscored
1946396,349,away,3421,383685,50,72,whoscored
1946396,349,away,3412,399384,72,84,whoscored
1946396,349,away,3412,399384,84,85,whoscored
1946396,349,away,3412,399384,85,93,whoscored
1946398,130,home,433,108860,0,66,whoscored
1946398,130,home,433,108860,66,66,whoscored
1946398,130,home,433,108860,66,79,whoscored
1946398,130,home,433,108860,79,79,whoscored
1946398,130,home,433,108860,79,87,whoscored
1946398,130,home,433,108860,87,93,whoscored
1946398,75,away,352,148684,0,72,whoscored
1946398,75,away,352,148684,72,83,whoscored
1946398,75,away,352,329665,83,90,whoscored
1946398,75,away,352,329665,90,90,whoscored
1946398,75,away,352,329665,90,93,whoscored
1946400,75,home,352,299344,0,49,whoscored
1946400,75,home,352,299344,49,66,whoscored
1946400,75,home,352,299344,66,74,whoscored
1946400,75,home,352,82399,74,84,whoscored
1946400,75,home,352,82399,84,93,whoscored
1946400,1770,away,4231,399380,0,49,whoscored
1946400,1770,away,4231,399380,49,74,whoscored
1946400,1770,away,4231,399380,74,74,whoscored
1946400,1770,away,4231,399380,74,79,whoscored
1946400,1770,away,4231,456837,79,93,whoscored
1946401,349,home,4411,110868,0,48,whoscored
1946401,349,home,4411,383685,48,67,whoscored
1946401,349,home,4411,383685,67,74,whoscored
1946401,349,home,4411,383685,74,81,whoscored
1946401,349,home,4411,383685,81,93,whoscored
1946401,65,away,4231,279423,0,63,whoscored
1946401,65,away,4231,279423,63,81,whoscored
1946401,65,away,4231,384711,81,93,whoscored
1946402,2647,home,3421,134493,0,62,whoscored
1946402,2647,home,3412,134493,62,76,whoscored
1946402,2647,home,3412,134493,76,85,whoscored
1946402,2647,home,3412,134493,85,93,whoscored
1946402,75,away,352,299344,0,47,whoscored
1946402,75,away,352,299344,47,60,whoscored
1946402,75,away,352,255929,60,78,whoscored
1946402,75,away,352,255929,78,93,whoscored
1946403,65,home,4231,300447,0,47,whoscored
1946403,65,home,4231,300447,47,73,whoscored
1946403,65,home,4231,300447,73,81,whoscored
1946403,65,home,4231,300447,81,83,whoscored
1946403,65,home,4231,300447,83,97,whoscored
1946403,10,away,541,472900,0,25,whoscored
1946403,10,away,541,472900,25,56,whoscored
1946403,10,away,541,472900,56,57,whoscored
1946403,10,away,541,472900,57,66,whoscored
1946403,10,away,541,472900,66,66,whoscored
1946403,10,away,541,472900,66,79,whoscored
1946403,10,away,541,472900,79,97,whoscored
1946404,167,home,4141,315227,0,81,whoscored
1946404,167,home,4141,315227,81,81,whoscored
1946404,167,home,4141,315227,81,81,whoscored
1946404,167,home,4141,315227,81,82,whoscored
1946404,167,home,541,315227,82,88,whoscored
1946404,167,home,541,313171,88,94,whoscored
1946404,44,away,3421,371275,0,69,whoscored
1946404,44,away,3421,371275,69,83,whoscored
1946404,44,away,3421,371275,83,94,whoscored
1946405,23,home,433,338780,0,65,whoscored
1946405,23,home,433,338780,65,65,whoscored
1946405,23,home,433,338780,65,66,whoscored
1946405,23,home,433,338780,66,79,whoscored
1946405,23,home,541,338780,79,98,whoscored
1946405,65,away,4231,384711,0,72,whoscored
1946405,65,away,4231,384711,72,73,whoscored
1946405,65,away,4231,384711,73,84,whoscored
1946405,65,away,4231,384711,84,85,whoscored
1946405,65,away,4231,384711,85,96,whoscored
1946405,65,away,4231,384711,96,98,whoscored
1946406,304,home,433,101949,0,57,whoscored
1946406,304,home,433,101949,57,57,whoscored
1946406,304,home,433,101949,57,60,whoscored
1946406,304,home,433,101949,60,77,whoscored
1946406,304,home,433,101949,77,93,whoscored
1946406,300,away,3412,85070,0,48,whoscored
1946406,300,away,3412,85070,48,48,whoscored
1946406,300,away,3412,85070,48,77,whoscored
1946406,300,away,3412,85070,77,77,whoscored
1946406,300,away,3412,85070,77,87,whoscored
1946406,300,away,3412,85070,87,93,whoscored
1946407,36,home,3421,122140,0,32,whoscored
1946407,36,home,541,107252,32,50,whoscored
1946407,36,home,541,107252,50,56,whoscored
1946407,36,home,541,107252,56,68,whoscored
1946407,36,home,541,107252,68,85,whoscored
1946407,36,home,532,107252,85,93,whoscored
1946407,304,away,433,320834,0,28,whoscored
1946407,304,away,433,320834,28,36,whoscored
1946407,304,away,433,320834,36,50,whoscored
1946407,304,away,442,320834,50,67,whoscored
1946407,304,away,442,320834,67,67,whoscored
1946407,304,away,442,320834,67,76,whoscored
1946407,304,away,442,320834,76,80,whoscored
1946407,304,away,4141,320834,80,93,whoscored
1946408,304,home,433,101949,0,48,whoscored
1946408,304,home,433,101949,48,58,whoscored
1946408,304,home,433,101949,58,81,whoscored
1946408,304,home,433,101949,81,96,whoscored
1946408,304,home,433,101949,96,96,whoscored
1946408,30,away,4222,323663,0,78,whoscored
1946408,30,away,4222,323663,78,85,whoscored
1946408,30,away,4222,323663,85,86,whoscored
1946408,30,away,4231,323663,86,96,whoscored
1946409,296,home,3421,395992,0,66,whoscored
1946409,296,home,3421,395992,66,90,whoscored
1946409,296,home,3421,395992,90,90,whoscored
1946409,296,home,3421,395992,90,96,whoscored
1946409,304,away,433,101949,0,69,whoscored
1946409,304,away,433,101949,69,74,whoscored
1946409,304,away,433,101949,74,83,whoscored
1946409,304,away,433,101949,83,84,whoscored
1946409,304,away,433,101949,84,96,whoscored
1946410,13,home,433,367185,0,73,whoscored
1946410,13,home,433,367185,73,74,whoscored
1946410,13,home,4231,367185,74,84,whoscored
1946410,13,home,4231,367185,84,84,whoscored
1946410,13,home,4231,367185,84,92,whoscored
1946410,63,away,442,80764,0,64,whoscored
1946410,63,away,442,76662,64,73,whoscored
1946410,63,away,442,76662,73,92,whoscored
1946411,36,home,3421,122140,0,63,whoscored
1946411,36,home,3421,122140,63,63,whoscored
1946411,36,home,3421,122140,63,71,whoscored
1946411,36,home,3421,122140,71,71,whoscored
1946411,36,home,3421,122140,71,90,whoscored
1946411,36,home,3421,122140,90,93,whoscored
1946411,839,away,442,362735,0,47,whoscored
1946411,839,away,442,362735,47,67,whoscored
1946411,839,away,442,28186,67,70,whoscored
1946411,839,away,442,28186,70,84,whoscored
1946411,839,away,442,28186,84,93,whoscored
1946412,124,home,4231,243567,0,71,whoscored
1946412,124,home,4231,243567,71,78,whoscored
1946412,124,home,4231,243567,78,87,whoscored
1946412,124,home,4231,243567,87,93,whoscored
1946412,13,away,433,247454,0,66,whoscored
1946412,13,away,433,247454,66,67,whoscored
1946412,13,away,433,247454,67,75,whoscored
1946412,13,away,433,247454,75,75,whoscored
1946412,13,away,433,247454,75,76,whoscored
1946412,13,away,433,367185,76,87,whoscored
1946412,13,away,433,367185,87,93,whoscored
1946413,299,home,4231,75691,0,69,whoscored
1946413,299,home,4231,75691,69,96,whoscored
1946413,36,away,3421,107252,0,57,whoscored
1946413,36,away,3421,107252,57,57,whoscored
1946413,36,away,3421,107252,57,88,whoscored
1946413,36,away,3421,107252,88,96,whoscored
1946414,13,home,433,247454,0,60,whoscored
1946414,13,home,433,247454,60,60,whoscored
1946414,13,home,433,247454,60,75,whoscored
1946414,13,home,433,247454,75,77,whoscored
1946414,13,home,433,247454,77,95,whoscored
1946414,843,away,4231,302402,0,64,whoscored
1946414,843,away,4231,302402,64,77,whoscored
1946414,843,away,4231,302402,77,88,whoscored
1946414,843,away,4231,302402,88,95,whoscored
1946415,36,home,3421,107252,0,41,whoscored
1946415,36,home,3421,107252,41,75,whoscored
1946415,36,home,3421,107252,75,82,whoscored
1946415,36,home,3421,107252,82,82,whoscored
1946415,36,home,3421,107252,82,95,whoscored
1946415,129,away,442,331555,0,68,whoscored
1946415,129,away,442,331555,68,75,whoscored
1946415,129,away,442,331555,75,75,whoscored
1946415,129,away,442,331555,75,95,whoscored
1946416,349,home,343,383685,0,55,whoscored
1946416,349,home,343,383685,55,76,whoscored
1946416,349,home,343,383685,76,76,whoscored
1946416,349,home,343,383685,76,77,whoscored
1946416,349,home,442,383685,77,80,whoscored
1946416,349,home,4231,383685,80,95,whoscored
1946416,13,away,433,367185,0,71,whoscored
1946416,13,away,433,367185,71,78,whoscored
1946416,13,away,433,367185,78,79,whoscored
1946416,13,away,433,367185,79,87,whoscored
1946416,13,away,433,367185,87,95,whoscored
1946417,843,home,4231,302402,0,75,whoscored
1946417,843,home,4231,302402,75,76,whoscored
1946417,843,home,4231,302402,76,76,whoscored
1946417,843,home,4231,302402,76,81,whoscored
1946417,843,home,4231,302402,81,84,whoscored
1946417,843,home,4231,302402,84,95,whoscored
1946417,36,away,3421,122140,0,60,whoscored
1946417,36,away,3421,122140,60,72,whoscored
1946417,36,away,3421,122140,72,83,whoscored
1946417,36,away,3421,122140,83,95,whoscored
1946418,36,home,3421,122140,0,48,whoscored
1946418,36,home,3421,122140,48,73,whoscored
1946418,36,home,3421,122140,73,87,whoscored
1946418,36,home,3421,122140,87,92,whoscored
1946418,36,home,3421,122140,92,94,whoscored
1946418,23,away,433,338780,0,62,whoscored
1946418,23,away,433,338780,62,80,whoscored
1946418,23,away,433,338780,80,94,whoscored
1946418,23,away,433,338780,94,94,whoscored
1946419,276,home,433,122469,0,66,whoscored
1946419,276,home,433,122469,66,74,whoscored
1946419,276,home,4231,122469,74,96,whoscored
1946419,45,away,532,276205,0,66,whoscored
1946419,45,away,532,276205,66,80,whoscored
1946419,45,away,532,276205,80,95,whoscored
1946419,45,away,532,276205,95,96,whoscored
1946420,10,home,442,73744,0,56,whoscored
1946420,10,home,442,342577,56,70,whoscored
1946420,10,home,442,342577,70,80,whoscored
1946420,10,home,442,342577,80,80,whoscored
1946420,10,home,442,342577,80,95,whoscored
1946420,36,away,3421,122140,0,52,whoscored
1946420,36,away,3421,122140,52,52,whoscored
1946420,36,away,3421,122140,52,68,whoscored
1946420,36,away,4231,122140,68,89,whoscored
1946420,36,away,4231,107252,89,95,whoscored
1946421,45,home,4231,276205,0,78,whoscored
1946421,45,home,442,276205,78,86,whoscored
1946421,45,home,442,399961,86,90,whoscored
1946421,45,home,442,399961,90,94,whoscored
1946421,294,away,4231,361709,0,61,whoscored
1946421,294,away,4231,361709,61,73,whoscored
1946421,294,away,4231,361709,73,84,whoscored
1946421,294,away,4231,106964,84,94,whoscored
1946422,2569,home,4231,124594,0,84,whoscored
1946422,2569,home,4231,124594,84,84,whoscored
1946422,2569,home,4231,124594,84,91,whoscored
1946422,2569,home,4231,124594,91,95,whoscored
1946422,45,away,343,276205,0,71,whoscored
1946422,45,away,343,276205,71,71,whoscored
1946422,45,away,343,276205,71,79,whoscored
1946422,45,away,343,276205,79,85,whoscored
1946422,45,away,442,276205,85,95,whoscored
1946423,839,home,433,28186,0,67,whoscored
1946423,839,home,442,276489,67,79,whoscored
1946423,839,home,442,362735,79,96,whoscored
1946423,87,away,3421,273539,0,15,whoscored
1946423,87,away,3421,273539,15,49,whoscored
1946423,87,away,3421,273539,49,83,whoscored
1946423,87,away,3421,273539,83,89,whoscored
1946423,87,away,3421,273539,89,96,whoscored
1946424,13,home,433,322036,0,49,whoscored
1946424,13,home,433,247454,49,80,whoscored
1946424,13,home,433,247454,80,80,whoscored
1946424,13,home,433,247454,80,92,whoscored
1946424,13,home,433,247454,92,93,whoscored
1946424,1770,away,343,30091,0,62,whoscored
1946424,1770,away,343,30091,62,73,whoscored
1946424,1770,away,343,30091,73,73,whoscored
1946424,1770,away,343,30091,73,82,whoscored
1946424,1770,away,343,30091,82,93,whoscored
1946425,87,home,3421,273539,0,73,whoscored
1946425,87,home,3421,273539,73,84,whoscored
1946425,87,home,3421,338275,84,88,whoscored
1946425,87,home,3421,338275,88,94,whoscored
1946425,296,away,4231,403647,0,68,whoscored
1946425,296,away,4231,403647,68,68,whoscored
1946425,296,away,4231,403647,68,73,whoscored
1946425,296,away,4231,403647,73,83,whoscored
1946425,296,away,4231,403647,83,83,whoscored
1946425,296,away,4231,403647,83,94,whoscored
1946426,53,home,4231,255182,0,21,whoscored
1946426,53,home,4231,255182,21,64,whoscored
1946426,53,home,4231,255182,64,71,whoscored
1946426,53,home,4231,255182,71,84,whoscored
1946426,53,home,4231,255182,84,96,whoscored
1946426,13,away,433,334087,0,68,whoscored
1946426,13,away,433,334087,68,74,whoscored
1946426,13,away,433,334087,74,94,whoscored
1946426,13,away,433,334087,94,96,whoscored
1946427,439,home,433,320986,0,62,whoscored
1946427,439,home,433,320986,62,62,whoscored
1946427,439,home,433,320986,62,63,whoscored
1946427,439,home,433,320986,63,78,whoscored
1946427,439,home,433,320986,78,78,whoscored
1946427,439,home,433,320986,78,88,whoscored
1946427,439,home,433,320986,88,96,whoscored
1946427,87,away,3421,273539,0,47,whoscored
1946427,87,away,3421,273539,47,69,whoscored
1946427,87,away,3421,273539,69,76,whoscored
1946427,87,away,3421,273539,76,76,whoscored
1946427,87,away,3421,273539,76,84,whoscored
1946427,87,away,3421,273539,84,96,whoscored
1946428,87,home,3421,273539,0,47,whoscored
1946428,87,home,3421,273539,47,61,whoscored
1946428,87,home,442,494525,61,75,whoscored
1946428,87,home,4231,494525,75,85,whoscored
1946428,87,home,3421,366379,85,93,whoscored
1946428,2748,away,3421,144095,0,63,whoscored
1946428,2748,away,3421,144095,63,79,whoscored
1946428,2748,away,4231,344716,79,90,whoscored
1946428,2748,away,343,344716,90,93,whoscored
1946429,300,home,3412,85070,0,47,whoscored
1946429,300,home,3412,85070,47,54,whoscored
1946429,300,home,3412,85070,54,62,whoscored
1946429,300,home,3412,85070,62,89,whoscored
1946429,300,home,3412,85070,89,95,whoscored
1946429,124,away,4231,243567,0,64,whoscored
1946429,124,away,4231,243567,64,76,whoscored
1946429,124,away,4231,243567,76,89,whoscored
1946429,124,away,4231,243567,89,89,whoscored
1946429,124,away,4231,243567,89,90,whoscored
1946429,124,away,4231,243567,90,95,whoscored
1946430,248,home,3421,252419,0,78,whoscored
1946430,248,home,3421,252419,78,89,whoscored
1946430,248,home,3421,252419,89,94,whoscored
1946430,87,away,3421,339875,0,46,whoscored
1946430,87,away,3421,339875,46,73,whoscored
1946430,87,away,3421,339875,73,75,whoscored
1946430,87,away,3421,339875,75,83,whoscored
1946430,87,away,3421,339875,83,94,whoscored
1946431,45,home,3412,276205,0,59,whoscored
1946431,45,home,3412,276205,59,69,whoscored
1946431,45,home,3412,276205,69,70,whoscored
1946431,45,home,3412,276205,70,78,whoscored
1946431,45,home,3412,276205,78,78,whoscored
1946431,45,home,3412,276205,78,93,whoscored
1946431,300,away,3421,85070,0,69,whoscored
1946431,300,away,3421,85070,69,69,whoscored
1946431,300,away,3421,85070,69,69,whoscored
1946431,300,away,3421,85070,69,74,whoscored
1946431,300,away,3421,85070,74,82,whoscored
1946431,300,away,3421,85070,82,93,whoscored
1946432,63,home,442,80764,0,58,whoscored
1946432,63,home,442,80764,58,65,whoscored
1946432,63,home,442,80764,65,65,whoscored
1946432,63,home,442,80764,65,66,whoscored
1946432,63,home,442,76662,66,79,whoscored
1946432,63,home,442,76662,79,97,whoscored
1946432,439,away,433,320986,0,75,whoscored
1946432,439,away,433,320986,75,84,whoscored
1946432,439,away,433,320986,84,91,whoscored
1946432,439,away,433,320986,91,97,whoscored
1946433,300,home,343,85070,0,51,whoscored
1946433,300,home,343,85070,51,67,whoscored
1946433,300,home,343,85070,67,67,whoscored
1946433,300,home,343,85070,67,79,whoscored
1946433,300,home,343,85070,79,94,whoscored
1946433,349,away,3421,344987,0,66,whoscored
1946433,349,away,3421,344987,66,73,whoscored
1946433,349,away,3421,344987,73,74,whoscored
1946433,349,away,3421,344987,74,93,whoscored
1946433,349,away,3421,344987,93,93,whoscored
1946433,349,away,3421,344987,93,94,whoscored
1946434,249,home,541,101859,0,72,whoscored
1946434,249,home,541,101859,72,80,whoscored
1946434,249,home,541,101859,80,95,whoscored
1946434,249,home,343,101859,95,97,whoscored
1946434,300,away,343,85070,0,47,whoscored
1946434,300,away,343,100962,47,56,whoscored
1946434,300,away,343,100962,56,76,whoscored
1946434,300,away,343,100962,76,86,whoscored
1946434,300,away,343,100962,86,86,whoscored
1946434,300,away,343,100962,86,97,whoscored
1946435,129,home,442,331555,0,61,whoscored
1946435,129,home,4231,331555,61,75,whoscored
1946435,129,home,4222,331555,75,83,whoscored
1946435,129,home,4222,331555,83,95,whoscored
1946435,63,away,442,80764,0,71,whoscored
1946435,63,away,442,80764,71,78,whoscored
1946435,63,away,442,76662,78,91,whoscored
1946435,63,away,442,76662,91,92,whoscored
1946435,63,away,532,76662,92,95,whoscored
1946436,300,home,3421,85070,0,67,whoscored
1946436,300,home,3421,85070,67,67,whoscored
1946436,300,home,3421,85070,67,77,whoscored
1946436,300,home,3421,85070,77,77,whoscored
1946436,300,home,3421,85070,77,83,whoscored
1946436,300,home,3421,85070,83,94,whoscored
1946436,53,away,3421,291686,0,47,whoscored
1946436,53,away,4231,291686,47,60,whoscored
1946436,53,away,4231,291686,60,60,whoscored
1946436,53,away,4231,291686,60,61,whoscored
1946436,53,away,4231,291686,61,69,whoscored
1946436,53,away,4231,291686,69,82,whoscored
1946436,53,away,4231,291686,82,94,whoscored
1946437,63,home,442,80764,0,25,whoscored
1946437,63,home,442,80764,25,65,whoscored
1946437,63,home,442,76662,65,91,whoscored
1946437,63,home,442,76662,91,96,whoscored
1946437,2647,away,3511,134493,0,63,whoscored
1946437,2647,away,352,134493,63,77,whoscored
1946437,2647,away,352,134493,77,77,whoscored
1946437,2647,away,352,134493,77,77,whoscored
1946437,2647,away,352,134493,77,88,whoscored
1946437,2647,away,352,134493,88,96,whoscored
1946438,2647,home,541,134493,0,58,whoscored
1946438,2647,home,532,134493,58,86,whoscored
1946438,2647,home,541,134493,86,93,whoscored
1946438,2647,home,541,134493,93,93,whoscored
1946438,300,away,3421,362556,0,52,whoscored
1946438,300,away,3421,362556,52,53,whoscored
1946438,300,away,3421,362556,53,53,whoscored
1946438,300,away,3421,362556,53,62,whoscored
1946438,300,away,3421,362556,62,75,whoscored
1946438,300,away,433,362556,75,93,whoscored
1946439,294,home,4231,108073,0,66,whoscored
1946439,294,home,4231,108073,66,81,whoscored
1946439,294,home,4231,108073,81,89,whoscored
1946439,294,home,4231,108073,89,95,whoscored
1946439,63,away,442,80764,0,47,whoscored
1946439,63,away,442,80764,47,57,whoscored
1946439,63,away,442,76662,57,62,whoscored
1946439,63,away,442,76662,62,74,whoscored
1946439,63,away,442,76662,74,75,whoscored
1946439,63,away,442,76662,75,95,whoscored
1946440,87,home,4231,273539,0,46,whoscored
1946440,87,home,4231,273539,46,70,whoscored
1946440,87,home,4231,273539,70,70,whoscored
1946440,87,home,4231,273539,70,82,whoscored
1946440,87,home,4231,273539,82,87,whoscored
1946440,87,home,4231,339875,87,95,whoscored
1946440,299,away,4231,75691,0,69,whoscored
1946440,299,away,4231,75691,69,70,whoscored
1946440,299,away,4231,75691,70,77,whoscored
1946440,299,away,4231,75691,77,95,whoscored
1946441,839,home,442,362735,0,47,whoscored
1946441,839,home,442,362735,47,73,whoscored
1946441,839,home,442,97659,73,75,whoscored
1946441,839,home,442,97659,75,97,whoscored
1946441,130,away,433,108860,0,55,whoscored
1946441,130,away,4231,108860,55,72,whoscored
1946441,130,away,4231,108860,72,72,whoscored
1946441,130,away,4231,108860,72,85,whoscored
1946441,130,away,4231,108860,85,97,whoscored
1946442,299,home,4231,75691,0,78,whoscored
1946442,299,home,541,75691,78,96,whoscored
1946442,299,home,541,75691,96,97,whoscored
1946442,299,home,541,75691,97,98,whoscored
1946442,276,away,3421,122469,0,48,whoscored
1946442,276,away,3421,122469,48,61,whoscored
1946442,276,away,3421,122469,61,76,whoscored
1946442,276,away,442,122469,76,83,whoscored
1946442,276,away,442,122469,83,98,whoscored
1946443,30,home,433,323663,0,70,whoscored
1946443,30,home,433,323663,70,70,whoscored
1946443,30,home,433,323663,70,78,whoscored
1946443,30,home,433,323663,78,78,whoscored
1946443,30,home,433,323663,78,93,whoscored
1946443,30,home,541,323663,93,94,whoscored
1946443,839,away,442,335107,0,76,whoscored
1946443,839,away,442,335107,76,79,whoscored
1946443,839,away,442,335107,79,79,whoscored
1946443,839,away,442,335107,79,83,whoscored
1946443,839,away,442,335107,83,94,whoscored
1946444,839,home,442,276489,0,47,whoscored
1946444,839,home,442,276489,47,47,whoscored
1946444,839,home,442,276489,47,47,whoscored
1946444,839,home,442,276489,47,64,whoscored
1946444,839,home,442,276489,64,84,whoscored
1946444,839,home,442,276489,84,85,whoscored
1946444,839,home,442,362735,85,95,whoscored
1946444,10,away,442,472900,0,47,whoscored
1946444,10,away,442,472900,47,72,whoscored
1946444,10,away,442,472900,72,73,whoscored
1946444,10,away,442,472900,73,82,whoscored
1946444,10,away,442,472900,82,83,whoscored
1946444,10,away,4231,472900,83,95,whoscored
1946445,2748,home,541,144095,0,72,whoscored
1946445,2748,home,541,144095,72,78,whoscored
1946445,2748,home,541,144095,78,87,whoscored
1946445,2748,home,541,144095,87,97,whoscored
1946445,839,away,442,28186,0,56,whoscored
1946445,839,away,442,28186,56,56,whoscored
1946445,839,away,442,28186,56,63,whoscored
1946445,839,away,442,97659,63,97,whoscored
1946446,130,home,4141,108860,0,62,whoscored
1946446,130,home,4141,108860,62,76,whoscored
1946446,130,home,4141,108860,76,76,whoscored
1946446,130,home,4141,108860,76,77,whoscored
1946446,130,home,4222,401122,77,85,whoscored
1946446,130,home,352,401122,85,94,whoscored
1946446,299,away,4231,75691,0,83,whoscored
1946446,299,away,541,75691,83,94,whoscored
1946446,299,away,541,75691,94,95,whoscored
1946446,299,away,541,75691,95,96,whoscored
1946446,299,away,541,75691,96,94,whoscored
1946447,299,home,4231,75691,0,72,whoscored
1946447,299,home,4222,75691,72,81,whoscored
1946447,299,home,4222,75691,81,95,whoscored
1946447,2569,away,4231,124594,0,68,whoscored
1946447,2569,away,4231,124594,68,79,whoscored
1946447,2569,away,4231,124594,79,92,whoscored
1946447,2569,away,4231,124594,92,95,whoscored
1946448,23,home,433,338780,0,65,whoscored
1946448,23,home,433,338780,65,65,whoscored
1946448,23,home,433,338780,65,87,whoscored
1946448,23,home,433,338780,87,87,whoscored
1946448,23,home,433,338780,87,88,whoscored
1946448,23,home,433,338780,88,92,whoscored
1946448,23,home,433,83078,92,92,whoscored
1946448,299,away,4411,75691,0,65,whoscored
1946448,299,away,4231,75691,65,92,whoscored
1946449,124,home,4231,243567,0,71,whoscored
1946449,124,home,4231,243567,71,73,whoscored
1946449,124,home,4231,243567,73,87,whoscored
1946449,124,home,4231,243567,87,87,whoscored
1946449,124,home,4231,243567,87,87,whoscored
1946449,124,home,4231,243567,87,95,whoscored
1946449,249,away,4231,362788,0,47,whoscored
1946449,249,away,4231,362788,47,54,whoscored
1946449,249,away,442,362788,54,87,whoscored
1946449,249,away,442,362788,87,87,whoscored
1946449,249,away,442,362788,87,95,whoscored
1946450,296,home,4231,403647,0,66,whoscored
1946450,296,home,4231,403647,66,79,whoscored
1946450,296,home,4231,403647,79,89,whoscored
1946450,296,home,4231,403647,89,89,whoscored
1946450,296,home,4231,403647,89,94,whoscored
1946450,124,away,4231,243567,0,64,whoscored
1946450,124,away,4231,243567,64,77,whoscored
1946450,124,away,442,243567,77,84,whoscored
1946450,124,away,442,243567,84,84,whoscored
1946450,124,away,442,243567,84,94,whoscored
1946451,124,home,4231,243567,0,18,whoscored
1946451,124,home,4231,243567,18,65,whoscored
1946451,124,home,4231,243567,65,65,whoscored
1946451,124,home,4231,243567,65,85,whoscored
1946451,124,home,4231,243567,85,85,whoscored
1946451,124,home,4231,243567,85,93,whoscored
1946451,248,away,4222,117973,0,50,whoscored
1946451,248,away,4222,255167,50,67,whoscored
1946451,248,away,4222,255167,67,67,whoscored
1946451,248,away,4222,255167,67,82,whoscored
1946451,248,away,4222,255167,82,93,whoscored
1946452,1770,home,4231,30091,0,78,whoscored
1946452,1770,home,4231,30091,78,78,whoscored
1946452,1770,home,4231,30091,78,78,whoscored
1946452,1770,home,4231,30091,78,82,whoscored
1946452,1770,home,4231,30091,82,93,whoscored
1946452,124,away,3421,243567,0,66,whoscored
1946452,124,away,3421,243567,66,80,whoscored
1946452,124,away,3421,243567,80,80,whoscored
1946452,124,away,3421,243567,80,80,whoscored
1946452,124,away,3421,243567,80,87,whoscored
1946452,124,away,3421,243567,87,93,whoscored
1946453,63,home,442,76662,0,56,whoscored
1946453,63,home,442,80764,56,59,whoscored
1946453,63,home,442,80764,59,67,whoscored
1946453,63,home,442,80764,67,76,whoscored
1946453,63,home,532,80764,76,91,whoscored
1946453,63,home,532,80764,91,91,whoscored
1946453,63,home,532,80764,91,92,whoscored
1946453,45,away,4231,276205,0,59,whoscored
1946453,45,away,4231,276205,59,72,whoscored
1946453,45,away,4231,276205,72,75,whoscored
1946453,45,away,4231,276205,75,92,whoscored
1946454,45,home,352,276205,0,72,whoscored
1946454,45,home,352,276205,72,83,whoscored
1946454,45,home,352,276205,83,83,whoscored
1946454,45,home,352,276205,83,84,whoscored
1946454,45,home,352,276205,84,93,whoscored
1946454,30,away,343,323663,0,73,whoscored
1946454,30,away,343,323663,73,84,whoscored
1946454,30,away,343,323663,84,89,whoscored
1946454,30,away,343,323663,89,93,whoscored
1946457,249,home,4231,44120,0,35,whoscored
1946457,249,home,4231,44120,35,50,whoscored
1946457,249,home,4231,44120,50,66,whoscored
1946457,249,home,4231,101859,66,87,whoscored
1946457,249,home,4141,101859,87,92,whoscored
1946457,130,away,433,108860,0,22,whoscored
1946457,130,away,433,108860,22,50,whoscored
1946457,130,away,433,108860,50,59,whoscored
1946457,130,away,433,108860,59,88,whoscored
1946457,130,away,433,108860,88,92,whoscored
1946458,2647,home,3142,134493,0,65,whoscored
1946458,2647,home,3142,134493,65,65,whoscored
1946458,2647,home,3142,134493,65,83,whoscored
1946458,2647,home,3142,134493,83,83,whoscored
1946458,2647,home,3142,134493,83,93,whoscored
1946458,2647,home,3142,134493,93,95,whoscored
1946458,249,away,3412,101859,0,47,whoscored
1946458,249,away,4231,362788,47,70,whoscored
1946458,249,away,4231,362788,70,89,whoscored
1946458,249,away,4231,362788,89,95,whoscored
1946459,296,home,4231,403647,0,67,whoscored
1946459,296,home,4231,403647,67,67,whoscored
1946459,296,home,4231,403647,67,83,whoscored
1946459,296,home,4231,403647,83,96,whoscored
1946459,296,home,4231,403647,96,96,whoscored
1946459,249,away,3421,362788,0,49,whoscored
1946459,249,away,532,362788,49,70,whoscored
1946459,249,away,532,362788,70,85,whoscored
1946459,249,away,532,362788,85,96,whoscored
1946460,30,home,4231,323663,0,59,whoscored
1946460,30,home,4231,323663,59,60,whoscored
1946460,30,home,4231,323663,60,69,whoscored
1946460,30,home,4231,323663,69,77,whoscored
1946460,30,home,4231,323663,77,94,whoscored
1946460,349,away,3421,110868,0,61,whoscored
1946460,349,away,3421,110868,61,77,whoscored
1946460,349,away,3421,110868,77,81,whoscored
1946460,349,away,3421,110868,81,94,whoscored
1946461,439,home,433,320986,0,81,whoscored
1946461,439,home,433,320986,81,81,whoscored
1946461,439,home,433,320986,81,88,whoscored
1946461,439,home,541,320986,88,98,whoscored
1946461,439,home,541,320986,98,99,whoscored
1946461,30,away,433,425229,0,61,whoscored
1946461,30,away,4231,425229,61,70,whoscored
1946461,30,away,4231,425229,70,83,whoscored
1946461,30,away,4231,425229,83,83,whoscored
1946461,30,away,4231,425229,83,99,whoscored
1946462,249,home,4231,362788,0,65,whoscored
1946462,249,home,4231,362788,65,91,whoscored
1946462,249,home,4231,362788,91,95,whoscored
1946462,249,home,451,362788,95,96,whoscored
1946462,23,away,3421,338780,0,63,whoscored
1946462,23,away,3421,338780,63,63,whoscored
1946462,23,away,3421,338780,63,64,whoscored
1946462,23,away,433,338780,64,75,whoscored
1946462,23,away,433,338780,75,75,whoscored
1946462,23,away,433,338780,75,96,whoscored
1946463,30,home,4231,323663,0,60,whoscored
1946463,30,home,541,323663,60,62,whoscored
1946463,30,home,4411,323663,62,73,whoscored
1946463,30,home,4411,323663,73,74,whoscored
1946463,30,home,4411,425229,74,81,whoscored
1946463,30,home,4411,425229,81,93,whoscored
1946463,10,away,442,342577,0,47,whoscored
1946463,10,away,442,342577,47,73,whoscored
1946463,10,away,442,99972,73,77,whoscored
1946463,10,away,442,99972,77,93,whoscored
1946464,248,home,3421,255167,0,59,whoscored
1946464,248,home,3421,255167,59,63,whoscored
1946464,248,home,3421,255167,63,72,whoscored
1946464,248,home,3421,255167,72,72,whoscored
1946464,248,home,3421,255167,72,85,whoscored
1946464,248,home,3421,255167,85,95,whoscored
1946464,30,away,4231,425229,0,62,whoscored
1946464,30,away,4231,425229,62,62,whoscored
1946464,30,away,4231,425229,62,71,whoscored
1946464,30,away,4231,425229,71,72,whoscored
1946464,30,away,4231,425229,72,81,whoscored
1946464,30,away,4231,425229,81,95,whoscored
1946465,276,home,4141,122683,0,70,whoscored
1946465,276,home,4141,111892,70,82,whoscored
1946465,276,home,4141,111892,82,82,whoscored
1946465,276,home,4141,111892,82,91,whoscored
1946465,276,home,4141,111892,91,94,whoscored
1946465,296,away,4231,403647,0,47,whoscored
1946465,296,away,442,403647,47,68,whoscored
1946465,296,away,4231,403647,68,79,whoscored
1946465,296,away,4231,403647,79,94,whoscored
1946466,129,home,4231,331555,0,49,whoscored
1946466,129,home,4231,331555,49,87,whoscored
1946466,129,home,4231,331555,87,87,whoscored
1946466,129,home,4231,331555,87,87,whoscored
1946466,129,home,4231,331555,87,91,whoscored
1946466,129,home,4231,331555,91,94,whoscored
1946466,276,away,4411,122469,0,60,whoscored
1946466,276,away,4411,122469,60,60,whoscored
1946466,276,away,4411,122469,60,61,whoscored
1946466,276,away,4411,122469,61,76,whoscored
1946466,276,away,4411,122469,76,87,whoscored
1946466,276,away,4411,122469,87,94,whoscored
1946467,349,home,4231,110868,0,8,whoscored
1946467,349,home,4231,110868,8,13,whoscored
1946467,349,home,4231,110868,13,17,whoscored
1946467,349,home,4231,383685,17,82,whoscored
1946467,349,home,4231,383685,82,82,whoscored
1946467,349,home,4231,383685,82,84,whoscored
1946467,349,home,4231,383685,84,91,whoscored
1946467,349,home,4231,383685,91,103,whoscored
1946467,349,home,4231,383685,103,103,whoscored
1946467,349,home,4231,383685,103,104,whoscored
1946467,349,home,4231,383685,104,101,whoscored
1946467,439,away,433,320986,0,51,whoscored
1946467,439,away,433,320986,51,70,whoscored
1946467,439,away,433,320986,70,77,whoscored
1946467,439,away,433,320986,77,79,whoscored
1946467,439,away,433,320986,79,79,whoscored
1946467,439,away,433,320986,79,90,whoscored
1946467,439,away,433,320986,90,102,whoscored
1946467,439,away,4411,320986,102,101,whoscored
1946468,439,home,433,320986,0,47,whoscored
1946468,439,home,433,320986,47,74,whoscored
1946468,439,home,433,320986,74,83,whoscored
1946468,439,home,433,320986,83,87,whoscored
1946468,439,home,433,320986,87,94,whoscored
1946468,248,away,3142,255167,0,65,whoscored
1946468,248,away,3421,255167,65,74,whoscored
1946468,248,away,3412,255167,74,94,whoscored
1946469,276,home,3421,122469,0,64,whoscored
1946469,276,home,4231,122469,64,75,whoscored
1946469,276,home,4231,122469,75,75,whoscored
1946469,276,home,4231,122469,75,90,whoscored
1946469,276,home,4231,122469,90,90,whoscored
1946469,276,home,4231,122469,90,96,whoscored
1946469,2569,away,4231,124594,0,61,whoscored
1946469,2569,away,4231,124594,61,61,whoscored
1946469,2569,away,4231,124594,61,76,whoscored
1946469,2569,away,4231,124594,76,76,whoscored
1946469,2569,away,4231,124594,76,76,whoscored
1946469,2569,away,4231,124594,76,96,whoscored
1946470,294,home,442,108073,0,67,whoscored
1946470,294,home,442,108073,67,67,whoscored
1946470,294,home,442,108073,67,75,whoscored
1946470,294,home,442,108073,75,75,whoscored
1946470,294,home,442,108073,75,90,whoscored
1946470,294,home,4231,106964,90,94,whoscored
1946470,439,away,433,354608,0,71,whoscored
1946470,439,away,433,354608,71,71,whoscored
1946470,439,away,433,354608,71,71,whoscored
1946470,439,away,433,354608,71,83,whoscored
1946470,439,away,433,354608,83,90,whoscored
1946470,439,away,433,354608,90,94,whoscored
1946471,10,home,442,73744,0,35,whoscored
1946471,10,home,532,472900,35,67,whoscored
1946471,10,home,532,472900,67,85,whoscored
1946471,10,home,532,472900,85,97,whoscored
1946471,276,away,3421,122469,0,67,whoscored
1946471,276,away,3421,122469,67,79,whoscored
1946471,276,away,442,122469,79,84,whoscored
1946471,276,away,442,122469,84,97,whoscored
1946472,296,home,4231,403647,0,63,whoscored
1946472,296,home,4231,403647,63,63,whoscored
1946472,296,home,4231,403647,63,63,whoscored
1946472,296,home,4231,403647,63,68,whoscored
1946472,296,home,4231,403647,68,72,whoscored
1946472,296,home,4231,395992,72,93,whoscored
1946472,1770,away,4231,30091,0,72,whoscored
1946472,1770,away,4231,30091,72,77,whoscored
1946472,1770,away,4231,30091,77,82,whoscored
1946472,1770,away,4231,30091,82,83,whoscored
1946472,1770,away,4231,30091,83,93,whoscored
1946473,53,home,4231,56057,0,17,whoscored
1946473,53,home,4231,56057,17,53,whoscored
1946473,53,home,4231,56057,53,69,whoscored
1946473,53,home,4231,56057,69,69,whoscored
1946473,53,home,4231,56057,69,84,whoscored
1946473,53,home,4231,56057,84,84,whoscored
1946473,53,home,4231,56057,84,97,whoscored
1946473,296,away,4231,403647,0,25,whoscored
1946473,296,away,4231,403647,25,57,whoscored
1946473,296,away,4231,403647,57,57,whoscored
1946473,296,away,4231,403647,57,57,whoscored
1946473,296,away,4231,403647,57,90,whoscored
1946473,296,away,4231,403647,90,97,whoscored
1946474,843,home,4231,302402,0,65,whoscored
1946474,843,home,4231,302402,65,76,whoscored
1946474,843,home,4231,302402,76,85,whoscored
1946474,843,home,4231,302402,85,86,whoscored
1946474,843,home,4231,302402,86,94,whoscored
1946474,129,away,4231,331555,0,60,whoscored
1946474,129,away,4231,331555,60,69,whoscored
1946474,129,away,4231,331555,69,70,whoscored
1946474,129,away,4231,331555,70,86,whoscored
1946474,129,away,4231,331555,86,94,whoscored
1946475,130,home,4231,108860,0,72,whoscored
1946475,130,home,4231,422801,72,83,whoscored
1946475,130,home,4231,422801,83,83,whoscored
1946475,130,home,4231,422801,83,91,whoscored
1946475,130,home,4141,422801,91,95,whoscored
1946475,843,away,4231,302402,0,27,whoscored
1946475,843,away,4231,302402,27,75,whoscored
1946475,843,away,4231,302402,75,91,whoscored
1946475,843,away,4231,302402,91,91,whoscored
1946475,843,away,4231,302402,91,95,whoscored
1946476,843,home,4231,302402,0,50,whoscored
1946476,843,home,442,302402,50,65,whoscored
1946476,843,home,442,302402,65,80,whoscored
1946476,843,home,442,302402,80,80,whoscored
1946476,843,home,442,302402,80,82,whoscored
1946476,843,home,442,302402,82,96,whoscored
1946476,2748,away,4141,144095,0,24,whoscored
1946476,2748,away,4411,144095,24,32,whoscored
1946476,2748,away,4411,144095,32,33,whoscored
1946476,2748,away,4411,144095,33,81,whoscored
1946476,2748,away,4411,144095,81,90,whoscored
1946476,2748,away,4411,144095,90,96,whoscored
1946477,1770,home,4231,421734,0,47,whoscored
1946477,1770,home,4231,421734,47,47,whoscored
1946477,1770,home,4231,421734,47,63,whoscored
1946477,1770,home,4231,421734,63,83,whoscored
1946477,1770,home,4231,421734,83,93,whoscored
1946477,843,away,4231,121184,0,63,whoscored
1946477,843,away,4231,121184,63,85,whoscored
1946477,843,away,4231,121184,85,93,whoscored
1946478,130,home,4231,108860,0,47,whoscored
1946478,130,home,4231,108860,47,72,whoscored
1946478,130,home,4231,108860,72,72,whoscored
1946478,130,home,4231,108860,72,80,whoscored
1946478,130,home,4231,108860,80,95,whoscored
1946478,294,away,4231,108073,0,47,whoscored
1946478,294,away,4231,108073,47,56,whoscored
1946478,294,away,4231,108073,56,82,whoscored
1946478,294,away,4231,108073,82,87,whoscored
1946478,294,away,4231,108073,87,87,whoscored
1946478,294,away,4231,108073,87,91,whoscored
1946478,294,away,4231,108073,91,95,whoscored
1946479,2569,home,4231,124594,0,59,whoscored
1946479,2569,home,4231,124594,59,70,whoscored
1946479,2569,home,4231,124594,70,87,whoscored
1946479,2569,home,4231,124594,87,87,whoscored
1946479,2569,home,4231,124594,87,87,whoscored
1946479,2569,home,4231,124594,87,94,whoscored
1946479,130,away,433,422801,0,65,whoscored
1946479,130,away,433,422801,65,65,whoscored
1946479,130,away,433,422801,65,76,whoscored
1946479,130,away,433,108860,76,84,whoscored
1946479,130,away,541,108860,84,94,whoscored
1946480,349,home,4231,383685,0,59,whoscored
1946480,349,home,4231,344987,59,83,whoscored
1946480,349,home,4231,344987,83,94,whoscored
1946480,53,away,4231,332823,0,62,whoscored
1946480,53,away,4231,332823,62,62,whoscored
1946480,53,away,4231,332823,62,68,whoscored
1946480,53,away,4231,332823,68,83,whoscored
1946480,53,away,4231,332823,83,94,whoscored
1946481,2748,home,4231,346190,0,78,whoscored
1946481,2748,home,4231,346190,78,86,whoscored
1946481,2748,home,541,346190,86,91,whoscored
1946481,2748,home,442,346190,91,98,whoscored
1946481,349,away,3421,383685,0,47,whoscored
1946481,349,away,3421,383685,47,56,whoscored
1946481,349,away,3421,383685,56,56,whoscored
1946481,349,away,3421,383685,56,62,whoscored
1946481,349,away,3421,383685,62,78,whoscored
1946481,349,away,3421,383685,78,98,whoscored
1946482,129,home,4231,331555,0,48,whoscored
1946482,129,home,4141,70524,48,76,whoscored
1946482,129,home,4141,70524,76,76,whoscored
1946482,129,home,4141,70524,76,82,whoscored
1946482,129,home,4141,70524,82,93,whoscored
1946482,2647,away,3412,134493,0,69,whoscored
1946482,2647,away,3412,134493,69,77,whoscored
1946482,2647,away,3412,134493,77,90,whoscored
1946482,2647,away,3412,134493,90,93,whoscored
1946483,23,home,433,338780,0,47,whoscored
1946483,23,home,433,83078,47,79,whoscored
1946483,23,home,433,83078,79,94,whoscored
1946483,23,home,433,474264,94,94,whoscored
1946483,129,away,4231,331555,0,44,whoscored
1946483,129,away,4231,331555,44,69,whoscored
1946483,129,away,4231,331555,69,69,whoscored
1946483,129,away,4231,331555,69,80,whoscored
1946483,129,away,4231,331555,80,94,whoscored
1946484,248,home,4231,252419,0,75,whoscored
1946484,248,home,4231,252419,75,82,whoscored
1946484,248,home,4231,252419,82,86,whoscored
1946484,248,home,4231,252419,86,98,whoscored
1946484,294,away,4231,108073,0,63,whoscored
1946484,294,away,4231,108073,63,68,whoscored
1946484,294,away,4231,108073,68,79,whoscored
1946484,294,away,3412,108073,79,98,whoscored
1946485,53,home,4231,255182,0,37,whoscored
1946485,53,home,4231,56057,37,68,whoscored
1946485,53,home,4231,56057,68,68,whoscored
1946485,53,home,4231,56057,68,68,whoscored
1946485,53,home,4231,56057,68,84,whoscored
1946485,53,home,4231,56057,84,93,whoscored
1946485,2569,away,4231,124594,0,59,whoscored
1946485,2569,away,4231,124594,59,70,whoscored
1946485,2569,away,4231,124594,70,82,whoscored
1946485,2569,away,4231,124594,82,93,whoscored
1946486,2748,home,4231,144095,0,49,whoscored
1946486,2748,home,4231,346190,49,60,whoscored
1946486,2748,home,4231,346190,60,72,whoscored
1946486,2748,home,4231,346190,72,82,whoscored
1946486,2748,home,4231,344716,82,94,whoscored
1946486,248,away,4231,252419,0,68,whoscored
1946486,248,away,4231,252419,68,69,whoscored
1946486,248,away,4231,252419,69,80,whoscored
1946486,248,away,4231,252419,80,92,whoscored
1946486,248,away,4231,252419,92,94,whoscored
1946487,23,home,433,338780,0,40,whoscored
1946487,23,home,433,338780,40,67,whoscored
1946487,23,home,433,338780,67,68,whoscored
1946487,23,home,433,83078,68,85,whoscored
1946487,23,home,433,83078,85,95,whoscored
1946487,53,away,4231,332823,0,71,whoscored
1946487,53,away,4231,332823,71,71,whoscored
1946487,53,away,4231,332823,71,80,whoscored
1946487,53,away,4231,332823,80,80,whoscored
1946487,53,away,4231,332823,80,83,whoscored
1946487,53,away,4231,332823,83,95,whoscored
1946488,294,home,433,106964,0,54,whoscored
1946488,294,home,433,106964,54,96,whoscored
1946488,2647,away,3412,134493,0,59,whoscored
1946488,2647,away,3421,134493,59,72,whoscored
1946488,2647,away,532,134493,72,91,whoscored
1946488,2647,away,532,134493,91,96,whoscored
1946489,2569,home,4231,124594,0,73,whoscored
1946489,2569,home,4231,124594,73,81,whoscored
1946489,2569,home,4231,124594,81,81,whoscored
1946489,2569,home,4231,124594,81,93,whoscored
1946489,2569,home,4231,383100,93,93,whoscored
1946489,10,away,442,73744,0,14,whoscored
1946489,10,away,442,73744,14,49,whoscored
1946489,10,away,442,73744,49,72,whoscored
1946489,10,away,442,73744,72,81,whoscored
1946489,10,away,442,99972,81,93,whoscored
1946490,2647,home,3412,134493,0,48,whoscored
1946490,2647,home,3421,134493,48,69,whoscored
1946490,2647,home,3421,134493,69,69,whoscored
1946490,2647,home,3421,134493,69,75,whoscored
1946490,2647,home,3421,134493,75,80,whoscored
1946490,2647,home,3421,134493,80,94,whoscored
1946490,23,away,433,338780,0,61,whoscored
1946490,23,away,433,338780,61,75,whoscored
1946490,23,away,433,338780,75,75,whoscored
1946490,23,away,433,338780,75,75,whoscored
1946490,23,away,433,338780,75,76,whoscored
1946490,23,away,541,83078,76,85,whoscored
1946490,23,away,541,83078,85,86,whoscored
1946490,23,away,541,82277,86,94,whoscored
1946491,1770,home,4231,30091,0,37,whoscored
1946491,1770,home,4231,30091,37,48,whoscored
1946491,1770,home,4231,30091,48,63,whoscored
1946491,1770,home,4132,30091,63,91,whoscored
1946491,1770,home,4132,30091,91,94,whoscored
1946491,1770,home,4132,30091,94,94,whoscored
1946491,2748,away,4231,346190,0,3,whoscored
1946491,2748,away,4411,346190,3,68,whoscored
1946491,2748,away,3412,144095,68,81,whoscored
1946491,2748,away,3412,144095,81,92,whoscored
1946491,2748,away,3412,144095,92,94,whoscored
1946492,10,home,4141,99972,0,70,whoscored
1946492,10,home,4141,99972,70,70,whoscored
1946492,10,home,4141,99972,70,80,whoscored
1946492,10,home,4141,99972,80,80,whoscored
1946492,10,home,4141,99972,80,81,whoscored
1946492,10,home,4132,99972,81,92,whoscored
1946492,10,home,541,99972,92,95,whoscored
1946492,1770,away,4231,376895,0,65,whoscored
1946492,1770,away,4231,376895,65,70,whoscored
1946492,1770,away,4231,243195,70,79,whoscored
1946492,1770,away,442,243195,79,95,whoscored
1967237,299,home,4231,75691,0,77,whoscored
1967237,299,home,4231,75691,77,77,whoscored
1967237,299,home,4231,75691,77,83,whoscored
1967237,299,home,4231,75691,83,84,whoscored
1967237,299,home,4231,75691,84,103,whoscored
1967237,52,away,442,344644,0,89,whoscored
1967237,52,away,442,344644,89,97,whoscored
1967237,52,away,442,344644,97,102,whoscored
1967237,52,away,442,106883,102,103,whoscored
1967238,52,home,442,344644,0,79,whoscored
1967238,52,home,442,344644,79,86,whoscored
1967238,52,home,442,344644,86,93,whoscored
1967238,52,home,442,344644,93,99,whoscored
1967238,299,away,4231,75691,0,87,whoscored
1967238,299,away,4231,75691,87,87,whoscored
1967238,299,away,4231,75691,87,93,whoscored
1967238,299,away,4231,75691,93,99,whoscored
1967239,439,home,433,479291,0,80,whoscored
1967239,439,home,433,479291,80,80,whoscored
1967239,439,home,433,479291,80,91,whoscored
1967239,439,home,433,479291,91,91,whoscored
1967239,439,home,433,479291,91,92,whoscored
1967239,439,home,433,320986,92,93,whoscored
1967239,75,away,352,299344,0,63,whoscored
1967239,75,away,352,299344,63,77,whoscored
1967239,75,away,352,299344,77,78,whoscored
1967239,75,away,352,148684,78,91,whoscored
1967239,75,away,352,329665,91,93,whoscored
1967240,75,home,352,148684,0,63,whoscored
1967240,75,home,3421,148684,63,82,whoscored
1967240,75,home,442,148684,82,93,whoscored
1967240,439,away,433,320986,0,47,whoscored
1967240,439,away,433,320986,47,78,whoscored
1967240,439,away,433,320986,78,78,whoscored
1967240,439,away,433,320986,78,83,whoscored
1967240,439,away,433,320986,83,86,whoscored
1967240,439,away,433,320986,86,93,whoscored
1967241,248,home,4231,252419,0,60,whoscored
1967241,248,home,4231,252419,60,72,whoscored
1967241,248,home,4231,252419,72,85,whoscored
1967241,248,home,4231,252419,85,94,whoscored
1967241,304,away,433,101949,0,26,whoscored
1967241,304,away,433,101949,26,71,whoscored
1967241,304,away,433,101949,71,83,whoscored
1967241,304,away,433,101949,83,94,whoscored
1967242,304,home,433,101949,0,70,whoscored
1967242,304,home,433,101949,70,81,whoscored
1967242,304,home,433,101949,81,88,whoscored
1967242,304,home,433,101949,88,89,whoscored
1967242,304,home,433,101949,89,94,whoscored
1967242,248,away,352,252419,0,63,whoscored
1967242,248,away,352,252419,63,75,whoscored
1967242,248,away,352,255167,75,94,whoscored
1967243,2569,home,4231,124594,0,21,whoscored
1967243,2569,home,4231,124594,21,49,whoscored
1967243,2569,home,541,98277,49,88,whoscored
1967243,2569,home,541,98277,88,88,whoscored
1967243,2569,home,541,98277,88,91,whoscored
1967243,2569,home,541,98277,91,93,whoscored
1967243,23,away,433,83078,0,71,whoscored
1967243,23,away,433,83078,71,71,whoscored
1967243,23,away,433,83078,71,71,whoscored
1967243,23,away,433,83078,71,80,whoscored
1967243,23,away,433,82277,80,90,whoscored
1967243,23,away,433,82277,90,93,whoscored
1967244,23,home,433,83078,0,46,whoscored
1967244,23,home,433,83078,46,54,whoscored
1967244,23,home,433,141486,54,73,whoscored
1967244,23,home,433,141486,73,87,whoscored
1967244,23,home,433,82277,87,93,whoscored
1967244,2569,away,3421,98277,0,62,whoscored
1967244,2569,away,3421,98277,62,69,whoscored
1967244,2569,away,3421,98277,69,79,whoscored
1967244,2569,away,3421,98277,79,93,whoscored
1967245,294,home,4231,108073,0,73,whoscored
1967245,294,home,4231,108073,73,80,whoscored
1967245,294,home,4231,106964,80,86,whoscored
1967245,294,home,4231,106964,86,91,whoscored
1967245,87,away,433,273539,0,33,whoscored
1967245,87,away,433,273539,33,49,whoscored
1967245,87,away,433,273539,49,73,whoscored
1967245,87,away,433,273539,73,83,whoscored
1967245,87,away,433,273539,83,84,whoscored
1967245,87,away,4411,273539,84,91,whoscored
1967246,87,home,433,273539,0,54,whoscored
1967246,87,home,4411,273539,54,72,whoscored
1967246,87,home,4411,273539,72,83,whoscored
1967246,87,home,4411,273539,83,113,whoscored
1967246,87,home,4411,273539,113,121,whoscored
1967246,87,home,4411,439909,121,120,whoscored
1967246,294,away,4231,108073,0,64,whoscored
1967246,294,away,4231,108073,64,76,whoscored
1967246,294,away,4231,108073,76,92,whoscored
1967246,294,away,442,106964,92,113,whoscored
1967246,294,away,442,106964,113,120,whoscored
1967247,124,home,4231,243567,0,80,whoscored
1967247,124,home,4231,243567,80,85,whoscored
1967247,124,home,4231,243567,85,86,whoscored
1967247,124,home,4231,243567,86,90,whoscored
1967247,124,home,4231,243567,90,90,whoscored
1967247,124,home,4231,243567,90,96,whoscored
1967247,63,away,433,80764,0,66,whoscored
1967247,63,away,442,80764,66,70,whoscored
1967247,63,away,442,80764,70,94,whoscored
1967247,63,away,442,80764,94,94,whoscored
1967247,63,away,442,80764,94,95,whoscored
1967247,63,away,442,76662,95,96,whoscored
1967248,63,home,442,80764,0,59,whoscored
1967248,63,home,442,80764,59,71,whoscored
1967248,63,home,442,76662,71,78,whoscored
1967248,63,home,532,76662,78,84,whoscored
1967248,63,home,532,76662,84,93,whoscored
1967248,124,away,4141,243567,0,66,whoscored
1967248,124,away,4141,243567,66,66,whoscored
1967248,124,away,4141,243567,66,67,whoscored
1967248,124,away,4141,243567,67,83,whoscored
1967248,124,away,352,243567,83,89,whoscored
1967248,124,away,352,243567,89,93,whoscored
1967249,36,home,3421,122140,0,56,whoscored
1967249,36,home,3421,122140,56,73,whoscored
1967249,36,home,3421,122140,73,73,whoscored
1967249,36,home,3421,122140,73,77,whoscored
1967249,36,home,3421,122140,77,94,whoscored
1967249,843,away,4231,302402,0,66,whoscored
1967249,843,away,4231,302402,66,66,whoscored
1967249,843,away,4231,302402,66,79,whoscored
1967249,843,away,4231,302402,79,89,whoscored
1967249,843,away,442,302402,89,94,whoscored
1967250,44,home,3421,141556,0,71,whoscored
1967250,44,home,3421,336028,71,84,whoscored
1967250,44,home,3421,336028,84,84,whoscored
1967250,44,home,3421,336028,84,93,whoscored
1967250,300,away,3421,85070,0,47,whoscored
1967250,300,away,3421,85070,47,47,whoscored
1967250,300,away,3421,85070,47,64,whoscored
1967250,300,away,3421,129903,64,73,whoscored
1967250,300,away,3421,129903,73,83,whoscored
1967250,300,away,3421,129903,83,93,whoscored
1967251,300,home,3421,85070,0,73,whoscored
1967251,300,home,3421,85070,73,74,whoscored
1967251,300,home,3421,85070,74,78,whoscored
1967251,300,home,3421,85070,78,86,whoscored
1967251,300,home,3421,85070,86,99,whoscored
1967251,44,away,3421,111212,0,61,whoscored
1967251,44,away,3421,111212,61,71,whoscored
1967251,44,away,3421,111212,71,99,whoscored
1967252,843,home,4231,302402,0,55,whoscored
1967252,843,home,4231,302402,55,73,whoscored
1967252,843,home,4231,302402,73,91,whoscored
1967252,843,home,4231,302402,91,93,whoscored
1967252,36,away,3421,122140,0,73,whoscored
1967252,36,away,3421,122140,73,85,whoscored
1967252,36,away,3421,122140,85,86,whoscored
1967252,36,away,3421,122140,86,93,whoscored
1972180,37,home,4231,83532,0,59,whoscored
1972180,37,home,4231,83532,59,75,whoscored
1972180,37,home,4231,134946,75,86,whoscored
1972180,37,home,4231,134946,86,93,whoscored
1972180,300,away,3421,129903,0,60,whoscored
1972180,300,away,3421,129903,60,60,whoscored
1972180,300,away,3421,129903,60,74,whoscored
1972180,300,away,3421,129903,74,74,whoscored
1972180,300,away,3421,129903,74,86,whoscored
1972180,300,away,3421,129903,86,93,whoscored
1972181,23,home,433,83078,0,68,whoscored
1972181,23,home,433,82277,68,92,whoscored
1972181,23,home,433,82277,92,96,whoscored
1972181,65,away,4231,384711,0,71,whoscored
1972181,65,away,4231,384711,71,74,whoscored
1972181,65,away,4231,384711,74,89,whoscored
1972181,65,away,4231,300447,89,96,whoscored
1972182,294,home,4231,108073,0,79,whoscored
1972182,294,home,4231,108073,79,89,whoscored
1972182,294,home,4231,108073,89,95,whoscored
1972182,294,home,4231,108073,95,95,whoscored
1972182,294,home,4231,108073,95,95,whoscored
1972182,26,away,4231,95408,0,62,whoscored
1972182,26,away,4231,95408,62,62,whoscored
1972182,26,away,4231,95408,62,75,whoscored
1972182,26,away,4231,95408,75,95,whoscored
1972183,63,home,442,76662,0,71,whoscored
1972183,63,home,442,76662,71,75,whoscored
1972183,63,home,442,76662,75,83,whoscored
1972183,63,home,541,80764,83,96,whoscored
1972183,30,away,343,323663,0,16,whoscored
1972183,30,away,343,323663,16,48,whoscored
1972183,30,away,343,323663,48,70,whoscored
1972183,30,away,3421,323663,70,85,whoscored
1972183,30,away,3421,323663,85,96,whoscored
1972184,26,home,41212,95408,0,72,whoscored
1972184,26,home,41212,95408,72,79,whoscored
1972184,26,home,41212,95408,79,94,whoscored
1972184,26,home,433,95408,94,96,whoscored
1972184,294,away,4231,108073,0,51,whoscored
1972184,294,away,4231,108073,51,65,whoscored
1972184,294,away,4231,108073,65,78,whoscored
1972184,294,away,4231,361709,78,85,whoscored
1972184,294,away,4231,106964,85,96,whoscored
1972185,65,home,4231,300447,0,21,whoscored
1972185,65,home,4231,384711,21,73,whoscored
1972185,65,home,4231,384711,73,73,whoscored
1972185,65,home,4231,384711,73,74,whoscored
1972185,65,home,4231,384711,74,89,whoscored
1972185,65,home,4231,384711,89,90,whoscored
1972185,23,away,433,83078,0,53,whoscored
1972185,23,away,433,82277,53,62,whoscored
1972185,23,away,433,82277,62,71,whoscored
1972185,23,away,541,82277,71,88,whoscored
1972185,23,away,541,82277,88,90,whoscored
1972186,30,home,4231,323663,0,68,whoscored
1972186,30,home,4231,323663,68,76,whoscored
1972186,30,home,4231,323663,76,83,whoscored
1972186,30,home,4231,323663,83,83,whoscored
1972186,30,home,4231,323663,83,83,whoscored
1972186,30,home,4231,323663,83,84,whoscored
1972186,30,home,4231,425229,84,95,whoscored
1972186,63,away,442,80241,0,65,whoscored
1972186,63,away,442,80241,65,66,whoscored
1972186,63,away,442,80764,66,86,whoscored
1972186,63,away,541,80764,86,89,whoscored
1972186,63,away,541,80764,89,95,whoscored
1972187,300,home,442,85070,0,47,whoscored
1972187,300,home,3421,85070,47,56,whoscored
1972187,300,home,3421,85070,56,68,whoscored
1972187,300,home,3421,85070,68,74,whoscored
1972187,300,home,3421,85070,74,94,whoscored
1972187,37,away,4231,283323,0,47,whoscored
1972187,37,away,4231,283323,47,47,whoscored
1972187,37,away,4231,283323,47,69,whoscored
1972187,37,away,4231,283323,69,72,whoscored
1972187,37,away,4231,283323,72,87,whoscored
1972187,37,away,4231,283323,87,94,whoscored
1972188,439,home,433,320986,0,80,whoscored
1972188,439,home,433,320986,80,84,whoscored
1972188,439,home,433,320986,84,84,whoscored
1972188,439,home,433,320986,84,92,whoscored
1972188,439,home,433,320986,92,93,whoscored
1972188,296,away,4231,403647,0,67,whoscored
1972188,296,away,4231,403647,67,68,whoscored
1972188,296,away,4231,403647,68,85,whoscored
1972188,296,away,4231,403647,85,93,whoscored
1972189,36,home,3421,122140,0,75,whoscored
1972189,36,home,3421,122140,75,83,whoscored
1972189,36,home,3421,122140,83,83,whoscored
1972189,36,home,3421,122140,83,93,whoscored
1972189,13,away,4231,367185,0,61,whoscored
1972189,13,away,4231,334087,61,76,whoscored
1972189,13,away,4231,334087,76,83,whoscored
1972189,13,away,4231,334087,83,93,whoscored
1972190,296,home,4231,403647,0,65,whoscored
1972190,296,home,4231,403647,65,69,whoscored
1972190,296,home,4231,403647,69,69,whoscored
1972190,296,home,4231,403647,69,117,whoscored
1972190,296,home,541,403647,117,123,whoscored
1972190,296,home,541,403647,123,124,whoscored
1972190,439,away,433,479291,0,80,whoscored
1972190,439,away,433,479291,80,80,whoscored
1972190,439,away,433,479291,80,85,whoscored
1972190,439,away,433,479291,85,86,whoscored
1972190,439,away,433,320986,86,92,whoscored
1972190,439,away,433,320986,92,113,whoscored
1972190,439,away,433,320986,113,124,whoscored
1972191,13,home,4231,367185,0,69,whoscored
1972191,13,home,4231,367185,69,70,whoscored
1972191,13,home,4231,367185,70,70,whoscored
1972191,13,home,4231,367185,70,70,whoscored
1972191,13,home,4231,367185,70,91,whoscored
1972191,13,home,4231,367185,91,94,whoscored
1972191,36,away,3421,122140,0,61,whoscored
1972191,36,away,3421,122140,61,61,whoscored
1972191,36,away,3421,122140,61,71,whoscored
1972191,36,away,3142,122140,71,84,whoscored
1972191,36,away,4231,107252,84,94,whoscored
1972192,304,home,433,101949,0,63,whoscored
1972192,304,home,433,101949,63,70,whoscored
1972192,304,home,433,101949,70,79,whoscored
1972192,304,home,433,101949,79,94,whoscored
1972192,15,away,4231,361330,0,84,whoscored
1972192,15,away,4231,361330,84,89,whoscored
1972192,15,away,4231,361330,89,94,whoscored
1972193,15,home,4231,369430,0,47,whoscored
1972193,15,home,4231,369430,47,60,whoscored
1972193,15,home,4231,369430,60,60,whoscored
1972193,15,home,4231,369430,60,61,whoscored
1972193,15,home,433,410175,61,72,whoscored
1972193,15,home,433,410175,72,87,whoscored
1972193,15,home,433,410175,87,90,whoscored
1972193,304,away,433,101949,0,47,whoscored
1972193,304,away,433,101949,47,60,whoscored
1972193,304,away,433,101949,60,67,whoscored
1972193,304,away,433,101949,67,67,whoscored
1972193,304,away,433,101949,67,74,whoscored
1972193,304,away,433,101949,74,90,whoscored
1972194,52,home,442,344644,0,47,whoscored
1972194,52,home,442,344644,47,71,whoscored
1972194,52,home,442,344644,71,77,whoscored
1972194,52,home,442,344644,77,77,whoscored
1972194,52,home,442,344644,77,84,whoscored
1972194,52,home,442,106883,84,94,whoscored
1972194,167,away,4132,136741,0,47,whoscored
1972194,167,away,4141,136741,47,70,whoscored
1972194,167,away,4141,136741,70,71,whoscored
1972194,167,away,4141,313171,71,83,whoscored
1972194,167,away,4141,313171,83,94,whoscored
1972195,167,home,4231,136741,0,19,whoscored
1972195,167,home,4231,313171,19,50,whoscored
1972195,167,home,343d,303139,50,60,whoscored
1972195,167,home,343d,303139,60,61,whoscored
1972195,167,home,343d,303139,61,78,whoscored
1972195,167,home,343d,122945,78,94,whoscored
1972195,52,away,442,344644,0,50,whoscored
1972195,52,away,442,344644,50,73,whoscored
1972195,52,away,442,344644,73,78,whoscored
1972195,52,away,442,344644,78,87,whoscored
1972195,52,away,442,106883,87,94,whoscored
1974917,296,home,4231,395992,0,62,whoscored
1974917,296,home,4231,395992,62,79,whoscored
1974917,296,home,442,395992,79,93,whoscored
1974917,13,away,433,247454,0,70,whoscored
1974917,13,away,433,334087,70,76,whoscored
1974917,13,away,433,334087,76,76,whoscored
1974917,13,away,433,334087,76,93,whoscored
1974918,13,home,4231,332325,0,57,whoscored
1974918,13,home,4231,332325,57,64,whoscored
1974918,13,home,4231,332325,64,80,whoscored
1974918,13,home,4231,332325,80,94,whoscored
1974918,296,away,4231,403647,0,72,whoscored
1974918,296,away,4231,403647,72,78,whoscored
1974918,296,away,4231,403647,78,86,whoscored
1974918,296,away,4231,403647,86,86,whoscored
1974918,296,away,4231,403647,86,94,whoscored
1974941,52,home,442,344644,0,63,whoscored
1974941,52,home,442,344644,63,72,whoscored
1974941,52,home,442,344644,72,94,whoscored
1974941,37,away,4231,13754,0,70,whoscored
1974941,37,away,4231,13754,70,70,whoscored
1974941,37,away,4231,13754,70,94,whoscored
1974941,37,away,4231,13754,94,94,whoscored
1974941,37,away,4231,13754,94,94,whoscored
1974942,37,home,4231,13754,0,47,whoscored
1974942,37,home,4231,13754,47,62,whoscored
1974942,37,home,4231,13754,62,94,whoscored
1974942,52,away,442,344644,0,63,whoscored
1974942,52,away,442,344644,63,87,whoscored
1974942,52,away,4411,344644,87,91,whoscored
1974942,52,away,433,344644,91,94,whoscored
1974943,65,home,4231,402197,0,50,whoscored
1974943,65,home,4231,402197,45,77,whoscored
1974943,65,home,4231,368091,50,45,whoscored
1974943,65,home,4231,384711,77,90,whoscored
1974943,65,home,4231,384711,90,93,whoscored
1974943,63,away,442,80764,0,30,whoscored
1974943,63,away,442,80764,30,31,whoscored
1974943,63,away,442,80764,31,64,whoscored
1974943,63,away,442,80241,64,84,whoscored
1974943,63,away,442,254582,84,93,whoscored
1974944,63,home,442,80764,0,71,whoscored
1974944,63,home,442,80764,71,81,whoscored
1974944,63,home,442,80764,81,94,whoscored
1974944,63,home,442,254582,94,98,whoscored
1974944,65,away,4231,402197,0,73,whoscored
1974944,65,away,4231,402197,73,73,whoscored
1974944,65,away,4231,402197,73,86,whoscored
1974944,65,away,4231,402197,86,94,whoscored
1974944,65,away,4231,402197,94,94,whoscored
1974944,65,away,4231,402197,94,95,whoscored
1974944,65,away,442,402197,95,98,whoscored
1974945,26,home,4231,95408,0,30,whoscored
1974945,26,home,4231,95408,30,50,whoscored
1974945,26,home,4231,95408,50,50,whoscored
1974945,26,home,4231,95408,50,71,whoscored
1974945,26,home,4231,95408,71,78,whoscored
1974945,26,home,4231,95408,78,96,whoscored
1974945,304,away,433,101949,0,37,whoscored
1974945,304,away,433,101949,37,56,whoscored
1974945,304,away,433,101949,56,85,whoscored
1974945,304,away,433,101949,85,96,whoscored
1974946,304,home,433,101949,0,79,whoscored
1974946,304,home,433,101949,79,89,whoscored
1974946,304,home,433,101949,89,93,whoscored
1974946,26,away,352,95408,0,79,whoscored
1974946,26,away,352,95408,79,79,whoscored
1974946,26,away,352,95408,79,79,whoscored
1974946,26,away,352,95408,79,79,whoscored
1974946,26,away,352,95408,79,92,whoscored
1974946,26,away,352,95408,92,93,whoscored
1978405,13,home,4231,367185,0,59,whoscored
1978405,13,home,4231,367185,59,59,whoscored
1978405,13,home,4231,367185,59,60,whoscored
1978405,13,home,4231,247454,60,75,whoscored
1978405,13,home,4231,247454,75,84,whoscored
1978405,13,home,4231,247454,84,95,whoscored
1978405,63,away,442,80764,0,58,whoscored
1978405,63,away,442,80764,58,67,whoscored
1978405,63,away,4231,80764,67,95,whoscored
1978406,304,home,433,101949,0,69,whoscored
1978406,304,home,433,101949,69,75,whoscored
1978406,304,home,433,101949,75,89,whoscored
1978406,304,home,433,101949,89,94,whoscored
1978406,37,away,4231,13754,0,51,whoscored
1978406,37,away,4231,13754,51,84,whoscored
1978406,37,away,4231,13754,84,98,whoscored
1978406,37,away,4231,13754,98,94,whoscored
1978407,37,home,4231,13754,0,69,whoscored
1978407,37,home,4231,13754,69,70,whoscored
1978407,37,home,4231,13754,70,81,whoscored
1978407,37,home,4231,13754,81,87,whoscored
1978407,37,home,4231,13754,87,96,whoscored
1978407,304,away,433,101949,0,67,whoscored
1978407,304,away,433,101949,67,78,whoscored
1978407,304,away,433,101949,78,87,whoscored
1978407,304,away,433,101949,87,96,whoscored
1978408,63,home,442,80764,0,47,whoscored
1978408,63,home,442,80764,47,78,whoscored
1978408,63,home,442,80764,78,89,whoscored
1978408,63,home,442,80764,89,96,whoscored
1978408,13,away,433,247454,0,59,whoscored
1978408,13,away,4231,332325,59,69,whoscored
1978408,13,away,4231,332325,69,69,whoscored
1978408,13,away,4231,332325,69,70,whoscored
1978408,13,away,4231,332325,70,87,whoscored
1978408,13,away,4231,332325,87,96,whoscored
1979569,304,home,433,101949,0,89,whoscored
1979569,304,home,433,101949,89,102,whoscored
1979569,304,home,433,101949,102,108,whoscored
1979569,304,home,433,101949,108,120,whoscored
1979569,304,home,433,320834,120,130,whoscored
1979569,13,away,4231,247454,0,72,whoscored
1979569,13,away,4231,367185,72,89,whoscored
1979569,13,away,4231,367185,89,89,whoscored
1979569,13,away,4231,367185,89,90,whoscored
1979569,13,away,4231,332325,90,104,whoscored
1979569,13,away,4231,332325,104,104,whoscored
1979569,13,away,4231,332325,104,130,whoscored
