team_id_tm,team_slug,season,stadium_name,capacity,seats_total,seats_covered,seats_vip,vip_boxes,seats_standing,inaugurated_year,built_year,refurbished_year,owner,operator,address,city,country,construction_cost,surface,architect,tm_url,previous_names_raw,id_transfermarkt_stadium,pitch_length_m,pitch_width_m,naming_rights,naming_rights_until,has_pitch_heating,has_athletics_track,capacity_intl
5,ac-mailand,2021,AC Milan,75923,75923,,,304,,,,,Comune di Milano,,Giuseppe Meazza,,,"250,00 mill. €",Césped híbrido,,https://www.transfermarkt.es/ac-mailand/stadion/verein/5/saison_id/2021,,,,,,,,,
13,atletico-madrid,2021,Atlético de Madrid,70460,70460,,,,,,,,Atlético Madrid,,Riyadh Air Metropolitano,,,,Césped natural,,https://www.transfermarkt.es/atletico-madrid/stadion/verein/13/saison_id/2021,,,,,,,,,
16,borussia-dortmund,2021,Borussia Dortmund,81365,53028,,,18,,,,,Westfalenstadion Dortmund GmbH & Co. KG,,SIGNAL IDUNA PARK,,,"45,00 mill. €",Césped híbrido,,https://www.transfermarkt.es/borussia-dortmund/stadion/verein/16/saison_id/2021,,,,,,,,,
27,fc-bayern-munchen,2021,Bayern Múnich,75000,59230,,,106,,,,,FC Bayern München,,Allianz Arena,,,"365,00 mill. €",Césped híbrido,,https://www.transfermarkt.es/fc-bayern-munchen/stadion/verein/27/saison_id/2021,,,,,,,,,
31,fc-liverpool,2021,Liverpool FC,61276,61276,,,160,,,,,Liverpool Football Club,,Anfield,,,,Césped híbrido,,https://www.transfermarkt.es/fc-liverpool/stadion/verein/31/saison_id/2021,,,,,,,,,
46,inter-mailand,2021,Inter de Milán,75923,75923,,,304,,,,,Comune di Milano,,Giuseppe Meazza,,,,Césped híbrido,,https://www.transfermarkt.es/inter-mailand/stadion/verein/46/saison_id/2021,,,,,,,,,
82,vfl-wolfsburg,2021,VfL Wolfsburgo,28917,20917,,,31,,,,,Wolfsburg AG,,Volkswagen Arena,,,"53,00 mill. €",Césped híbrido,,https://www.transfermarkt.es/vfl-wolfsburg/stadion/verein/82/saison_id/2021,,,,,,,,,
114,besiktas-istanbul,2021,Besiktas JK,42684,42684,,,147,,,,,Beşiktaş Jimnastik Kulübü,,Beşiktaş Park,,,,Césped híbrido,,https://www.transfermarkt.es/besiktas-istanbul/stadion/verein/114/saison_id/2021,,,,,,,,,
131,fc-barcelona,2021,FC Barcelona,62657,99354,,,,,,,,Fútbol Club Barcelona,,Spotify Camp Nou,,,,Césped híbrido,,https://www.transfermarkt.es/fc-barcelona/stadion/verein/131/saison_id/2021,,,,,,,,,
281,manchester-city,2021,Manchester City,55097,55097,,,,,,,,Manchester City Council,,Etihad Stadium,,,"119,00 mill. €",Césped híbrido,,https://www.transfermarkt.es/manchester-city/stadion/verein/281/saison_id/2021,,,,,,,,,
294,benfica-lissabon,2021,SL Benfica,68100,68100,,,,,,,,Sport Lisboa e Benfica,,Estádio da Luz,,,"118,70 mill. €",Césped natural,,https://www.transfermarkt.es/benfica-lissabon/stadion/verein/294/saison_id/2021,,,,,,,,,
336,sporting-lissabon,2021,Sporting de Lisboa,52095,52095,,,,,,,,Sporting CP,,Estádio José Alvalade,,,"105,00 mill. €",Césped natural,,https://www.transfermarkt.es/sporting-lissabon/stadion/verein/336/saison_id/2021,,,,,,,,,
338,dynamo-kiew,2021,FC Dinamo de Kiev,16873,16873,,,1,,,,,Dynamo Kyiv,,Valeriy Lobanovsky Stadion,,,,Césped natural,,https://www.transfermarkt.es/dynamo-kiew/stadion/verein/338/saison_id/2021,,,,,,,,,
368,fc-sevilla,2021,Sevilla FC,43883,43883,,,,,,,,Sevilla Fútbol Club,,Ramón Sánchez-Pizjuán,,,,Césped natural,,https://www.transfermarkt.es/fc-sevilla/stadion/verein/368/saison_id/2021,,,,,,,,,
409,red-bull-salzburg,2021,Red Bull Salzburgo,30188,26800,,,20,,,,,Stadion-Wals-Salzburg GmbH (SWS),,Red Bull Arena Salzburg,,,"77,00 mill. €",Césped natural,,https://www.transfermarkt.es/red-bull-salzburg/stadion/verein/409/saison_id/2021,,,,,,,,,
418,real-madrid,2021,Real Madrid CF,83186,83186,,,261,,,,,Real Madrid C.F.,,Santiago Bernabéu,,,"288,00 mill. €",Césped natural,,https://www.transfermarkt.es/real-madrid/stadion/verein/418/saison_id/2021,,,,,,,,,
452,bsc-young-boys,2021,BSC Young Boys,31500,31500,,,20,,,,,Stadion Wankdorf Management AG,,Stadion Wankdorf,,,"350,00 mill. €",Césped artificial,,https://www.transfermarkt.es/bsc-young-boys/stadion/verein/452/saison_id/2021,,,,,,,,,
496,malmo-ff,2021,Malmoe FF,22500,,,,,,,,,Malmö FF (100%),,Eleda Stadion,,,"76,14 mill. €",Césped híbrido,,https://www.transfermarkt.es/malmo-ff/stadion/verein/496/saison_id/2021,,,,,,,,,
506,juventus-turin,2021,Juventus de Turín,41507,41507,,,64,,,,,Juventus,,Allianz Stadium,,,"125,00 mill. €",Césped natural,,https://www.transfermarkt.es/juventus-turin/stadion/verein/506/saison_id/2021,,,,,,,,,
583,fc-paris-saint-germain,2021,París Saint-Germain FC,48583,,,,,,,,,Paris City Council,,Parc des Princes,,,125 mil €,Césped híbrido,,https://www.transfermarkt.es/fc-paris-saint-germain/stadion/verein/583/saison_id/2021,,,,,,,,,
610,ajax-amsterdam,2021,Ajax de Ámsterdam,55885,55885,,,,,,,,Stad Amsterdam,,Johan Cruijff ArenA,,,"96,00 mill. €",Césped natural,,https://www.transfermarkt.es/ajax-amsterdam/stadion/verein/610/saison_id/2021,,,,,,,,,
631,fc-chelsea,2021,Chelsea FC,41631,41631,,,,,,,,Chelsea Pitch Owners plc,,Stamford Bridge,,,,Césped natural,,https://www.transfermarkt.es/fc-chelsea/stadion/verein/631/saison_id/2021,,,,,,,,,
660,shakhtar-donetsk,2021,Shakhtar Donetsk,34725,34725,,,,,,,,Stadt Lviv,,Arena Lviv,,,"200,00 mill. €",Césped natural,,https://www.transfermarkt.es/shakhtar-donetsk/stadion/verein/660/saison_id/2021,,,,,,,,,
720,fc-porto,2021,FC Oporto,50033,50033,,,,,,,,FC Porto,,Estádio do Dragão,,,"98,00 mill. €",Césped natural,,https://www.transfermarkt.es/fc-porto/stadion/verein/720/saison_id/2021,,,,,,,,,
800,atalanta-bergamo,2021,Atalanta de Bérgamo,24950,24950,,,,,,,,Atalanta BC,,New Balance Arena - Bergamo,,,,Césped natural,,https://www.transfermarkt.es/atalanta-bergamo/stadion/verein/800/saison_id/2021,,,,,,,,,
964,zenit-st-petersburg,2021,Zenit de San Petersburgo,63026,68134,,,,,,,,Saint Petersburg City Administration,,Gazprom Arena,,Rusia,,Césped natural,,https://www.transfermarkt.es/zenit-st-petersburg/stadion/verein/964/saison_id/2021,,,,,,,,,
985,manchester-united,2021,Manchester United,74879,74879,,,,,,,,Manchester United Football Club,,Old Trafford,,,,Césped híbrido,,https://www.transfermarkt.es/manchester-united/stadion/verein/985/saison_id/2021,,,,,,,,,
1050,fc-villarreal,2021,Villarreal CF,23500,23500,,,30,,,,,Stadt Villarreal,,La Cerámica,,,,Césped natural,,https://www.transfermarkt.es/fc-villarreal/stadion/verein/1050/saison_id/2021,,,,,,,,,
1082,losc-lille,2021,LOSC Lille,50186,,,,76,,,,,Métropole Européenne de Lille,,Decathlon Arena-Stade Pierre-Mauroy,,,"282,00 mill. €",Césped híbrido,,https://www.transfermarkt.es/losc-lille/stadion/verein/1082/saison_id/2021,,,,,,,,,
2282,fc-brugge,2021,Club Brujas KV,29062,29062,,,,,,,,Brugge,,Jan Breydelstadion,,,,Césped natural,,https://www.transfermarkt.es/fc-brugge/stadion/verein/2282/saison_id/2021,,,,,,,,,
2481,fc-sheriff-tiraspol,2021,FC Sheriff Tiraspol,12746,12746,,,,,,,,,,Sheriff Main Arena,,,,,,https://www.transfermarkt.es/fc-sheriff-tiraspol/stadion/verein/2481/saison_id/2021,,,,,,,,,
23826,rasenballsport-leipzig,2021,RB Leipzig,47069,32908,,,18,,,,,ZSL Betreibergesellschaft mbH,,Red Bull Arena,,,"90,00 mill. €",Césped natural,,https://www.transfermarkt.es/rasenballsport-leipzig/stadion/verein/23826/saison_id/2021,,,,,,,,,
