whoscored_player_id,name,player_name,whoscored_team_id,team_name,position,shirt_no,competition,season,source
34550,Remko Pasveer,Remko Pasveer,130,Ajax,GK,22,Champions League,2022/23,whoscored
400165,Devyne Rensch,Devyne Rensch,130,Ajax,DR,15,Champions League,2022/23,whoscored
388650,Jurriën Timber,Jurriën Timber,130,Ajax,DC,2,Champions League,2022/23,whoscored
396976,Calvin Bassey,Calvin Bassey,130,Ajax,DC,3,Champions League,2022/23,whoscored
70033,Daley Blind,Daley Blind,130,Ajax,DL,17,Champions League,2022/23,whoscored
322696,Edson Álvarez,Edson Álvarez,130,Ajax,MC,4,Champions League,2022/23,whoscored
401122,Kenneth Taylor,Kenneth Taylor,130,Ajax,MC,8,Champions League,2022/23,whoscored
89794,Steven Berghuis,Steven Berghuis,130,Ajax,MC,23,Champions League,2022/23,whoscored
29474,Dusan Tadic,Dusan Tadic,130,Ajax,FWR,10,Champions League,2022/23,whoscored
400166,Mohammed Kudus,Mohammed Kudus,130,Ajax,FW,20,Champions League,2022/23,whoscored
279425,Steven Bergwijn,Steven Bergwijn,130,Ajax,FWL,7,Champions League,2022/23,whoscored
115587,Lucas Ocampos,Lucas Ocampos,130,Ajax,Sub,11,Champions League,2022/23,whoscored
447643,Jorge Sánchez,Jorge Sánchez,130,Ajax,Sub,19,Champions League,2022/23,whoscored
404568,Brian Brobbey,Brian Brobbey,130,Ajax,Sub,9,Champions League,2022/23,whoscored
108860,Davy Klaassen,Davy Klaassen,130,Ajax,Sub,6,Champions League,2022/23,whoscored
422801,Youri Baas,Youri Baas,130,Ajax,Sub,25,Champions League,2022/23,whoscored
90365,Lisandro Magallán,Lisandro Magallán,130,Ajax,Sub,29,Champions League,2022/23,whoscored
291937,Florian Grillitsch,Florian Grillitsch,130,Ajax,Sub,21,Champions League,2022/23,whoscored
424819,Lorenzo Lucca,Lorenzo Lucca,130,Ajax,Sub,18,Champions League,2022/23,whoscored
4065,Maarten Stekelenburg,Maarten Stekelenburg,130,Ajax,Sub,1,Champions League,2022/23,whoscored
422802,Jay Gorter,Jay Gorter,130,Ajax,Sub,16,Champions League,2022/23,whoscored
400320,Ahmetcan Kaplan,Ahmetcan Kaplan,130,Ajax,Sub,13,Champions League,2022/23,whoscored
409221,Francisco Conceição,Francisco Conceição,130,Ajax,Sub,35,Champions League,2022/23,whoscored
122557,Jon McLaughlin,Jon McLaughlin,306,Rangers,GK,33,Champions League,2022/23,whoscored
90882,James Tavernier,James Tavernier,306,Rangers,DR,2,Champions League,2022/23,whoscored
345160,James Sands,James Sands,306,Rangers,DC,19,Champions League,2022/23,whoscored
134258,Connor Goldson,Connor Goldson,306,Rangers,DC,6,Champions League,2022/23,whoscored
132443,Borna Barisic,Borna Barisic,306,Rangers,DL,31,Champions League,2022/23,whoscored
255618,Glen Kamara,Glen Kamara,306,Rangers,DMC,18,Champions League,2022/23,whoscored
126149,John Lundstram,John Lundstram,306,Rangers,DMC,4,Champions League,2022/23,whoscored
398162,Scott Wright,Scott Wright,306,Rangers,AMR,23,Champions League,2022/23,whoscored
397465,Malik Tillman,Malik Tillman,306,Rangers,AMC,71,Champions League,2022/23,whoscored
295922,Ryan Kent,Ryan Kent,306,Rangers,AML,14,Champions League,2022/23,whoscored
137286,Antonio Colak,Antonio Colak,306,Rangers,FW,9,Champions League,2022/23,whoscored
38462,Ryan Jack,Ryan Jack,306,Rangers,Sub,8,Champions League,2022/23,whoscored
404222,Leon King,Leon King,306,Rangers,Sub,38,Champions League,2022/23,whoscored
369521,Rabbi Matondo,Rabbi Matondo,306,Rangers,Sub,17,Champions League,2022/23,whoscored
9734,Steven Davis,Steven Davis,306,Rangers,Sub,10,Champions League,2022/23,whoscored
21686,Scott Arfield,Scott Arfield,306,Rangers,Sub,37,Champions League,2022/23,whoscored
367205,Ridvan Yilmaz,Ridvan Yilmaz,306,Rangers,Sub,3,Champions League,2022/23,whoscored
345976,Fashion Sakala,Fashion Sakala,306,Rangers,Sub,30,Champions League,2022/23,whoscored
124204,Ben Davies,Ben Davies,306,Rangers,Sub,26,Champions League,2022/23,whoscored
5797,Allan McGregor,Allan McGregor,306,Rangers,Sub,1,Champions League,2022/23,whoscored
367805,Robby McCrorie,Robby McCrorie,306,Rangers,Sub,28,Champions League,2022/23,whoscored
437585,Adam Devine,Adam Devine,306,Rangers,Sub,44,Champions League,2022/23,whoscored
364241,Alfredo Morelos,Alfredo Morelos,306,Rangers,Sub,20,Champions League,2022/23,whoscored
241022,Alex Meret,Alex Meret,276,Napoli,GK,1,Champions League,2022/23,whoscored
122469,Giovanni Di Lorenzo,Giovanni Di Lorenzo,276,Napoli,DR,22,Champions League,2022/23,whoscored
370912,Kim Min-Jae,Kim Min-Jae,276,Napoli,DC,3,Champions League,2022/23,whoscored
295358,Amir Rrahmani,Amir Rrahmani,276,Napoli,DC,13,Champions League,2022/23,whoscored
347178,Mathías Olivera,Mathías Olivera,276,Napoli,DL,17,Champions League,2022/23,whoscored
349561,Frank Anguissa,Frank Anguissa,276,Napoli,DMC,99,Champions League,2022/23,whoscored
111892,Stanislav Lobotka,Stanislav Lobotka,276,Napoli,DMC,68,Champions League,2022/23,whoscored
122683,Matteo Politano,Matteo Politano,276,Napoli,AMR,21,Champions League,2022/23,whoscored
118169,Piotr Zielinski,Piotr Zielinski,276,Napoli,AMC,20,Champions League,2022/23,whoscored
370984,Khvicha Kvaratskhelia,Khvicha Kvaratskhelia,276,Napoli,AML,77,Champions League,2022/23,whoscored
298510,Victor Osimhen,Victor Osimhen,276,Napoli,FW,9,Champions League,2022/23,whoscored
133839,Giovanni Simeone,Giovanni Simeone,276,Napoli,Sub,18,Champions League,2022/23,whoscored
338762,Alessio Zerbin,Alessio Zerbin,276,Napoli,Sub,23,Champions League,2022/23,whoscored
339579,Eljif Elmas,Eljif Elmas,276,Napoli,Sub,7,Champions League,2022/23,whoscored
318511,Hirving Lozano,Hirving Lozano,276,Napoli,Sub,11,Champions League,2022/23,whoscored
106931,Mário Rui,Mário Rui,276,Napoli,Sub,6,Champions League,2022/23,whoscored
84603,Juan Jesus,Juan Jesus,276,Napoli,Sub,5,Champions League,2022/23,whoscored
321389,Tanguy Ndombélé,Tanguy Ndombélé,276,Napoli,Sub,91,Champions League,2022/23,whoscored
371497,Giacomo Raspadori,Giacomo Raspadori,276,Napoli,Sub,81,Champions League,2022/23,whoscored
423515,Alessandro Zanoli,Alessandro Zanoli,276,Napoli,Sub,59,Champions League,2022/23,whoscored
369883,Gianluca Gaetano,Gianluca Gaetano,276,Napoli,Sub,70,Champions League,2022/23,whoscored
22627,Salvatore Sirigu,Salvatore Sirigu,276,Napoli,Sub,30,Champions League,2022/23,whoscored
369971,Leo Østigård,Leo Østigård,276,Napoli,Sub,55,Champions League,2022/23,whoscored
114147,Alisson Becker,Alisson Becker,26,Liverpool,GK,1,Champions League,2022/23,whoscored
318871,Trent Alexander-Arnold,Trent Alexander-Arnold,26,Liverpool,DR,66,Champions League,2022/23,whoscored
95408,Virgil van Dijk,Virgil van Dijk,26,Liverpool,DC,4,Champions League,2022/23,whoscored
136451,Joe Gomez,Joe Gomez,26,Liverpool,DC,2,Champions League,2022/23,whoscored
115726,Andy Robertson,Andy Robertson,26,Liverpool,DL,26,Champions League,2022/23,whoscored
115916,Fabinho,Fabinho,26,Liverpool,MC,3,Champions League,2022/23,whoscored
4511,James Milner,James Milner,26,Liverpool,MC,7,Champions League,2022/23,whoscored
363982,Harvey Elliott,Harvey Elliott,26,Liverpool,MC,19,Champions League,2022/23,whoscored
108226,Mohamed Salah,Mohamed Salah,26,Liverpool,FWR,11,Champions League,2022/23,whoscored
96182,Roberto Firmino,Roberto Firmino,26,Liverpool,FW,9,Champions League,2022/23,whoscored
377168,Luis Díaz,Luis Díaz,26,Liverpool,FWL,23,Champions League,2022/23,whoscored
284114,Arthur,Arthur,26,Liverpool,Sub,29,Champions League,2022/23,whoscored
74341,Joël Matip,Joël Matip,26,Liverpool,Sub,32,Champions League,2022/23,whoscored
235755,Diogo Jota,Diogo Jota,26,Liverpool,Sub,20,Champions League,2022/23,whoscored
74939,Thiago Alcântara,Thiago Alcântara,26,Liverpool,Sub,6,Champions League,2022/23,whoscored
400828,Darwin Núñez,Darwin Núñez,26,Liverpool,Sub,27,Champions League,2022/23,whoscored
301455,Kostas Tsimikas,Kostas Tsimikas,26,Liverpool,Sub,21,Champions League,2022/23,whoscored
73399,Adrián,Adrián,26,Liverpool,Sub,13,Champions League,2022/23,whoscored
444540,Stefan Bajcetic,Stefan Bajcetic,26,Liverpool,Sub,43,Champions League,2022/23,whoscored
411519,Harvey Davies,Harvey Davies,26,Liverpool,Sub,95,Champions League,2022/23,whoscored
381527,Nathaniel Phillips,Nathaniel Phillips,26,Liverpool,Sub,47,Champions League,2022/23,whoscored
401385,Fábio Carvalho,Fábio Carvalho,26,Liverpool,Sub,28,Champions League,2022/23,whoscored
427577,Youri Regeer,Youri Regeer,130,Ajax,Sub,26,Champions League,2022/23,whoscored
424831,Lewis Budinauckas,Lewis Budinauckas,306,Rangers,Sub,48,Champions League,2022/23,whoscored
395966,Hubert Dawid Idasiak,Hubert Dawid Idasiak,276,Napoli,Sub,16,Champions League,2022/23,whoscored
328550,Owen Wijndal,Owen Wijndal,130,Ajax,Sub,5,Champions League,2022/23,whoscored
68659,Jordan Henderson,Jordan Henderson,26,Liverpool,DMC,14,Champions League,2022/23,whoscored
345957,Ibrahima Konaté,Ibrahima Konaté,26,Liverpool,Sub,5,Champions League,2022/23,whoscored
322176,Caoimhín Kelleher,Caoimhín Kelleher,26,Liverpool,Sub,62,Champions League,2022/23,whoscored
403764,Calvin Ramsay,Calvin Ramsay,26,Liverpool,Sub,22,Champions League,2022/23,whoscored
425368,Valerio Boffelli,Valerio Boffelli,276,Napoli,Sub,52,Champions League,2022/23,whoscored
423814,Alex Lowry,Alex Lowry,306,Rangers,Sub,51,Champions League,2022/23,whoscored
462038,Connor Allan,Connor Allan,306,Rangers,Sub,60,Champions League,2022/23,whoscored
355354,Curtis Jones,Curtis Jones,26,Liverpool,Sub,17,Champions League,2022/23,whoscored
438388,Robbie Fraser,Robbie Fraser,306,Rangers,Sub,49,Champions League,2022/23,whoscored
76662,Jan Oblak,Jan Oblak,63,Atletico,GK,13,Champions League,2022/23,whoscored
25191,Axel Witsel,Axel Witsel,63,Atletico,DC,20,Champions League,2022/23,whoscored
361812,Reinildo Mandava,Reinildo Mandava,63,Atletico,DC,23,Champions League,2022/23,whoscored
135914,José María Giménez,José María Giménez,63,Atletico,DC,2,Champions League,2022/23,whoscored
80764,Koke,Koke,63,Atletico,DMC,6,Champions League,2022/23,whoscored
303728,Nahuel Molina,Nahuel Molina,63,Atletico,MR,16,Champions League,2022/23,whoscored
112161,Saúl,Saúl,63,Atletico,MC,17,Champions League,2022/23,whoscored
254582,Marcos Llorente,Marcos Llorente,63,Atletico,MC,14,Champions League,2022/23,whoscored
115472,Yannick Carrasco,Yannick Carrasco,63,Atletico,ML,21,Champions League,2022/23,whoscored
362431,João Félix,João Félix,63,Atletico,FW,7,Champions League,2022/23,whoscored
91213,Álvaro Morata,Álvaro Morata,63,Atletico,FW,19,Champions League,2022/23,whoscored
125547,Rodrigo De Paul,Rodrigo De Paul,63,Atletico,Sub,5,Champions League,2022/23,whoscored
127604,Ángel Correa,Ángel Correa,63,Atletico,Sub,10,Champions League,2022/23,whoscored
80241,Antoine Griezmann,Antoine Griezmann,63,Atletico,Sub,8,Champions League,2022/23,whoscored
132962,Thomas Lemar,Thomas Lemar,63,Atletico,Sub,11,Champions League,2022/23,whoscored
344156,Mario Hermoso,Mario Hermoso,63,Atletico,Sub,22,Champions League,2022/23,whoscored
91978,Geoffrey Kondogbia,Geoffrey Kondogbia,63,Atletico,Sub,4,Champions League,2022/23,whoscored
377309,Ivo Grbic,Ivo Grbic,63,Atletico,Sub,1,Champions League,2022/23,whoscored
433966,Marco Moreno,Marco Moreno,63,Atletico,Sub,36,Champions League,2022/23,whoscored
434139,Sergio Díez,Sergio Díez,63,Atletico,Sub,30,Champions League,2022/23,whoscored
433107,Antonio Gomís,Antonio Gomís,63,Atletico,Sub,31,Champions League,2022/23,whoscored
373842,Diogo Costa,Diogo Costa,297,Porto,GK,99,Champions League,2022/23,whoscored
338791,Pepê,Pepê,297,Porto,DR,11,Champions League,2022/23,whoscored
374812,David Carmo,David Carmo,297,Porto,DC,4,Champions League,2022/23,whoscored
10105,Pepe,Pepe,297,Porto,DC,3,Champions League,2022/23,whoscored
381717,Zaidu Sanusi,Zaidu Sanusi,297,Porto,DL,12,Champions League,2022/23,whoscored
120608,Otávio,Otávio,297,Porto,MR,25,Champions League,2022/23,whoscored
351744,Stephen Eustaquio,Stephen Eustaquio,297,Porto,MC,46,Champions League,2022/23,whoscored
114301,Mateus Uribe,Mateus Uribe,297,Porto,MC,8,Champions League,2022/23,whoscored
347204,Galeno,Galeno,297,Porto,ML,13,Champions League,2022/23,whoscored
384430,Evanilson,Evanilson,297,Porto,FW,30,Champions League,2022/23,whoscored
358801,Mehdi Taremi,Mehdi Taremi,297,Porto,FW,9,Champions League,2022/23,whoscored
388685,Gabriel Veron,Gabriel Veron,297,Porto,Sub,7,Champions League,2022/23,whoscored
395173,João Mário,João Mário,297,Porto,Sub,23,Champions League,2022/23,whoscored
354146,Bruno Costa,Bruno Costa,297,Porto,Sub,28,Champions League,2022/23,whoscored
280060,Toni Martínez,Toni Martínez,297,Porto,Sub,29,Champions League,2022/23,whoscored
132273,Wendell,Wendell,297,Porto,Sub,22,Champions League,2022/23,whoscored
421893,André Franco,André Franco,297,Porto,Sub,20,Champions League,2022/23,whoscored
422950,Rodrigo Conceição,Rodrigo Conceição,297,Porto,Sub,17,Champions League,2022/23,whoscored
424768,Gonçalo Borges,Gonçalo Borges,297,Porto,Sub,70,Champions League,2022/23,whoscored
322683,Cláudio Ramos,Cláudio Ramos,297,Porto,Sub,14,Champions League,2022/23,whoscored
322771,Fábio Cardoso,Fábio Cardoso,297,Porto,Sub,2,Champions League,2022/23,whoscored
28521,Iván Marcano,Iván Marcano,297,Porto,Sub,5,Champions League,2022/23,whoscored
342857,Danny Namaso,Danny Namaso,297,Porto,Sub,19,Champions League,2022/23,whoscored
52197,Simon Mignolet,Simon Mignolet,124,Club Brugge,GK,22,Champions League,2022/23,whoscored
68335,Denis Odoi,Denis Odoi,124,Club Brugge,DR,6,Champions League,2022/23,whoscored
129832,Brandon Mechele,Brandon Mechele,124,Club Brugge,DC,44,Champions League,2022/23,whoscored
437430,Abakar Sylla,Abakar Sylla,124,Club Brugge,DC,94,Champions League,2022/23,whoscored
415775,Bjorn Meijer,Bjorn Meijer,124,Club Brugge,DL,14,Champions League,2022/23,whoscored
243567,Hans Vanaken,Hans Vanaken,124,Club Brugge,MC,20,Champions League,2022/23,whoscored
115401,Casper Nielsen,Casper Nielsen,124,Club Brugge,MC,27,Champions League,2022/23,whoscored
425338,Raphael Onyedika,Raphael Onyedika,124,Club Brugge,MC,15,Champions League,2022/23,whoscored
377276,Andreas Skov Olsen,Andreas Skov Olsen,124,Club Brugge,FWR,7,Champions League,2022/23,whoscored
396158,Ferran Jutglà,Ferran Jutglà,124,Club Brugge,FW,9,Champions League,2022/23,whoscored
399721,Kamal Sowah,Kamal Sowah,124,Club Brugge,FWL,19,Champions League,2022/23,whoscored
420300,Cisse Sandra,Cisse Sandra,124,Club Brugge,Sub,98,Champions League,2022/23,whoscored
127249,Éder Balanta,Éder Balanta,124,Club Brugge,Sub,3,Champions League,2022/23,whoscored
115419,Eduard Sobol,Eduard Sobol,124,Club Brugge,Sub,2,Champions League,2022/23,whoscored
281025,Roman Yaremchuk,Roman Yaremchuk,124,Club Brugge,Sub,70,Champions League,2022/23,whoscored
431320,Lynnt Audoor,Lynnt Audoor,124,Club Brugge,Sub,89,Champions League,2022/23,whoscored
83032,Dedryck Boyata,Dedryck Boyata,124,Club Brugge,Sub,28,Champions League,2022/23,whoscored
402184,Senne Lammens,Senne Lammens,124,Club Brugge,Sub,91,Champions League,2022/23,whoscored
273229,Cyle Larin,Cyle Larin,124,Club Brugge,Sub,11,Champions League,2022/23,whoscored
416030,Antonio Nusa,Antonio Nusa,124,Club Brugge,Sub,32,Champions League,2022/23,whoscored
64846,Lukás Hrádecky,Lukás Hrádecky,36,Leverkusen,GK,1,Champions League,2022/23,whoscored
384516,Odilon Kossounou,Odilon Kossounou,36,Leverkusen,DR,6,Champions League,2022/23,whoscored
404832,Piero Hincapié,Piero Hincapié,36,Leverkusen,DC,3,Champions League,2022/23,whoscored
134946,Jonathan Tah,Jonathan Tah,36,Leverkusen,DC,4,Champions League,2022/23,whoscored
352830,Mitchel Bakker,Mitchel Bakker,36,Leverkusen,DL,5,Champions League,2022/23,whoscored
25657,Charles Aránguiz,Charles Aránguiz,36,Leverkusen,DMC,20,Champions League,2022/23,whoscored
122140,Robert Andrich,Robert Andrich,36,Leverkusen,DMC,8,Champions League,2022/23,whoscored
392644,Jeremie Frimpong,Jeremie Frimpong,36,Leverkusen,AMR,30,Champions League,2022/23,whoscored
353397,Moussa Diaby,Moussa Diaby,36,Leverkusen,AMC,19,Champions League,2022/23,whoscored
350088,Callum Hudson-Odoi,Callum Hudson-Odoi,36,Leverkusen,AML,17,Champions League,2022/23,whoscored
243565,Patrik Schick,Patrik Schick,36,Leverkusen,FW,14,Champions League,2022/23,whoscored
299684,Exequiel Palacios,Exequiel Palacios,36,Leverkusen,Sub,25,Champions League,2022/23,whoscored
399385,Adam Hlozek,Adam Hlozek,36,Leverkusen,Sub,23,Champions League,2022/23,whoscored
115166,Kerem Demirbay,Kerem Demirbay,36,Leverkusen,Sub,10,Champions League,2022/23,whoscored
261021,Nadiem Amiri,Nadiem Amiri,36,Leverkusen,Sub,11,Champions League,2022/23,whoscored
129197,Sardar Azmoun,Sardar Azmoun,36,Leverkusen,Sub,9,Champions League,2022/23,whoscored
339845,Paulinho,Paulinho,36,Leverkusen,Sub,7,Champions League,2022/23,whoscored
369446,Edmond Tapsoba,Edmond Tapsoba,36,Leverkusen,Sub,12,Champions League,2022/23,whoscored
425949,Maximilian Neutgens,Maximilian Neutgens,36,Leverkusen,Sub,41,Champions League,2022/23,whoscored
116104,Niklas Lomb,Niklas Lomb,36,Leverkusen,Sub,36,Champions League,2022/23,whoscored
312739,Timothy Fosu-Mensah,Timothy Fosu-Mensah,36,Leverkusen,Sub,24,Champions League,2022/23,whoscored
102173,Felipe,Felipe,63,Atletico,DC,18,Champions League,2022/23,whoscored
362758,Matheus Cunha,Matheus Cunha,63,Atletico,Sub,9,Champions League,2022/23,whoscored
431208,Alberto Moreno,Alberto Moreno,63,Atletico,Sub,32,Champions League,2022/23,whoscored
456502,Sergio Mestre,Sergio Mestre,63,Atletico,Sub,51,Champions League,2022/23,whoscored
244779,Marko Grujic,Marko Grujic,297,Porto,Sub,16,Champions League,2022/23,whoscored
433595,Bernardo Folha,Bernardo Folha,297,Porto,Sub,87,Champions League,2022/23,whoscored
389409,Amine Adli,Amine Adli,36,Leverkusen,Sub,21,Champions League,2022/23,whoscored
386605,Ayman Azhil,Ayman Azhil,36,Leverkusen,Sub,32,Champions League,2022/23,whoscored
286602,Andrey Lunev,Andrey Lunev,36,Leverkusen,Sub,40,Champions League,2022/23,whoscored
371027,Tajon Buchanan,Tajon Buchanan,124,Club Brugge,MR,17,Champions League,2022/23,whoscored
459085,Jorne Spileers,Jorne Spileers,124,Club Brugge,Sub,67,Champions League,2022/23,whoscored
364214,Clinton Mata,Clinton Mata,124,Club Brugge,Sub,77,Champions League,2022/23,whoscored
459256,Kyriani Sabbe,Kyriani Sabbe,124,Club Brugge,Sub,64,Champions League,2022/23,whoscored
354283,Noa Lang,Noa Lang,124,Club Brugge,Sub,10,Champions League,2022/23,whoscored
77564,Stefan Savic,Stefan Savic,63,Atletico,DC,15,Champions League,2022/23,whoscored
434138,Pablo Barrios,Pablo Barrios,63,Atletico,Sub,34,Champions League,2022/23,whoscored
310029,Samuel Portugal,Samuel Portugal,297,Porto,Sub,94,Champions League,2022/23,whoscored
362275,Sergio Reguilón,Sergio Reguilón,63,Atletico,Sub,3,Champions League,2022/23,whoscored
80774,Marc-André ter Stegen,Marc-André ter Stegen,65,Barcelona,GK,1,Champions League,2022/23,whoscored
90782,Sergi Roberto,Sergi Roberto,65,Barcelona,DR,20,Champions League,2022/23,whoscored
130331,Andreas Christensen,Andreas Christensen,65,Barcelona,DC,15,Champions League,2022/23,whoscored
301019,Jules Koundé,Jules Koundé,65,Barcelona,DC,23,Champions League,2022/23,whoscored
44288,Jordi Alba,Jordi Alba,65,Barcelona,DL,18,Champions League,2022/23,whoscored
279423,Frenkie de Jong,Frenkie de Jong,65,Barcelona,MC,21,Champions League,2022/23,whoscored
402197,Pedri,Pedri,65,Barcelona,MC,8,Champions League,2022/23,whoscored
277269,Franck Kessie,Franck Kessie,65,Barcelona,MC,19,Champions League,2022/23,whoscored
299513,Ousmane Dembélé,Ousmane Dembélé,65,Barcelona,FWR,7,Champions League,2022/23,whoscored
29400,Robert Lewandowski,Robert Lewandowski,65,Barcelona,FW,9,Champions League,2022/23,whoscored
382234,Ansu Fati,Ansu Fati,65,Barcelona,FWL,10,Champions League,2022/23,whoscored
110154,Memphis Depay,Memphis Depay,65,Barcelona,Sub,14,Champions League,2022/23,whoscored
422937,Gavi,Gavi,65,Barcelona,Sub,30,Champions League,2022/23,whoscored
445092,Pablo Torre,Pablo Torre,65,Barcelona,Sub,32,Champions League,2022/23,whoscored
12712,Gerard Piqué,Gerard Piqué,65,Barcelona,Sub,3,Champions League,2022/23,whoscored
349760,Ferran Torres,Ferran Torres,65,Barcelona,Sub,11,Champions League,2022/23,whoscored
300447,Raphinha,Raphinha,65,Barcelona,Sub,22,Champions League,2022/23,whoscored
422938,Alejandro Balde,Alejandro Balde,65,Barcelona,Sub,28,Champions League,2022/23,whoscored
44721,Sergio Busquets,Sergio Busquets,65,Barcelona,Sub,5,Champions League,2022/23,whoscored
367164,Iñaki Peña,Iñaki Peña,65,Barcelona,Sub,26,Champions League,2022/23,whoscored
368091,Eric García,Eric García,65,Barcelona,Sub,24,Champions League,2022/23,whoscored
384711,Ronald Araujo,Ronald Araujo,65,Barcelona,Sub,4,Champions League,2022/23,whoscored
396147,Arnau Tenas,Arnau Tenas,65,Barcelona,Sub,36,Champions League,2022/23,whoscored
303019,Jindrich Stanek,Jindrich Stanek,1076,Viktoria Plzen,GK,36,Champions League,2022/23,whoscored
339639,Milan Havel,Milan Havel,1076,Viktoria Plzen,DR,24,Champions League,2022/23,whoscored
81653,Lukás Hejda,Lukás Hejda,1076,Viktoria Plzen,DC,2,Champions League,2022/23,whoscored
363635,Ludek Pernica,Ludek Pernica,1076,Viktoria Plzen,DC,4,Champions League,2022/23,whoscored
399564,Václav Jemelka,Václav Jemelka,1076,Viktoria Plzen,DL,21,Champions League,2022/23,whoscored
365245,Pavel Bucha,Pavel Bucha,1076,Viktoria Plzen,DMC,20,Champions League,2022/23,whoscored
383110,Lukás Kalvach,Lukás Kalvach,1076,Viktoria Plzen,DMC,23,Champions League,2022/23,whoscored
296519,Jan Sykora,Jan Sykora,1076,Viktoria Plzen,AMR,7,Champions League,2022/23,whoscored
228454,Adam Vlkanova,Adam Vlkanova,1076,Viktoria Plzen,AMC,88,Champions League,2022/23,whoscored
401628,Jhon Mosquera,Jhon Mosquera,1076,Viktoria Plzen,AML,18,Champions League,2022/23,whoscored
339647,Tomás Chory,Tomás Chory,1076,Viktoria Plzen,FW,15,Champions League,2022/23,whoscored
412172,Libor Holík,Libor Holík,1076,Viktoria Plzen,Sub,44,Champions League,2022/23,whoscored
88041,Václav Pilar,Václav Pilar,1076,Viktoria Plzen,Sub,6,Champions League,2022/23,whoscored
128903,Ales Cermák,Ales Cermák,1076,Viktoria Plzen,Sub,25,Champions League,2022/23,whoscored
443688,Fortune Bassey,Fortune Bassey,1076,Viktoria Plzen,Sub,90,Champions League,2022/23,whoscored
363710,Erik Jirka,Erik Jirka,1076,Viktoria Plzen,Sub,77,Champions League,2022/23,whoscored
401720,Martin Jedlicka,Martin Jedlicka,1076,Viktoria Plzen,Sub,16,Champions League,2022/23,whoscored
443995,Marián Tvrdon,Marián Tvrdon,1076,Viktoria Plzen,Sub,13,Champions League,2022/23,whoscored
444006,Modou N'Diaye,Modou N'Diaye,1076,Viktoria Plzen,Sub,99,Champions League,2022/23,whoscored
401626,Mohamed Tijani,Mohamed Tijani,1076,Viktoria Plzen,Sub,3,Champions League,2022/23,whoscored
260843,André Onana,André Onana,75,Inter,GK,24,Champions League,2022/23,whoscored
64271,Danilo D'Ambrosio,Danilo D'Ambrosio,75,Inter,DC,33,Champions League,2022/23,whoscored
329665,Alessandro Bastoni,Alessandro Bastoni,75,Inter,DC,95,Champions League,2022/23,whoscored
302918,Milan Skriniar,Milan Skriniar,75,Inter,DC,37,Champions League,2022/23,whoscored
322153,Denzel Dumfries,Denzel Dumfries,75,Inter,DMR,2,Champions League,2022/23,whoscored
141726,Robin Gosens,Robin Gosens,75,Inter,DML,8,Champions League,2022/23,whoscored
28421,Henrikh Mkhitaryan,Henrikh Mkhitaryan,75,Inter,MC,22,Champions League,2022/23,whoscored
87449,Marcelo Brozovic,Marcelo Brozovic,75,Inter,MC,77,Champions League,2022/23,whoscored
110373,Hakan Çalhanoglu,Hakan Çalhanoglu,75,Inter,MC,20,Champions League,2022/23,whoscored
299344,Lautaro Martínez,Lautaro Martínez,75,Inter,FW,10,Champions League,2022/23,whoscored
24845,Edin Dzeko,Edin Dzeko,75,Inter,FW,9,Champions League,2022/23,whoscored
125378,Joaquín Correa,Joaquín Correa,75,Inter,Sub,11,Champions League,2022/23,whoscored
255929,Federico Dimarco,Federico Dimarco,75,Inter,Sub,32,Champions League,2022/23,whoscored
136279,Roberto Gagliardini,Roberto Gagliardini,75,Inter,Sub,5,Champions League,2022/23,whoscored
23220,Matteo Darmian,Matteo Darmian,75,Inter,Sub,36,Champions League,2022/23,whoscored
82399,Stefan de Vrij,Stefan de Vrij,75,Inter,Sub,6,Champions League,2022/23,whoscored
423450,Kristjan Asllani,Kristjan Asllani,75,Inter,Sub,14,Champions League,2022/23,whoscored
148684,Nicolò Barella,Nicolò Barella,75,Inter,Sub,23,Champions League,2022/23,whoscored
128758,Alex Cordaz,Alex Cordaz,75,Inter,Sub,21,Champions League,2022/23,whoscored
54968,Francesco Acerbi,Francesco Acerbi,75,Inter,Sub,15,Champions League,2022/23,whoscored
349184,Raoul Bellanova,Raoul Bellanova,75,Inter,Sub,12,Champions League,2022/23,whoscored
9972,Samir Handanovic,Samir Handanovic,75,Inter,Sub,1,Champions League,2022/23,whoscored
13754,Manuel Neuer,Manuel Neuer,37,Bayern,GK,1,Champions League,2022/23,whoscored
259648,Benjamin Pavard,Benjamin Pavard,37,Bayern,DR,5,Champions League,2022/23,whoscored
139186,Lucas Hernández,Lucas Hernández,37,Bayern,DC,21,Champions League,2022/23,whoscored
320374,Matthijs de Ligt,Matthijs de Ligt,37,Bayern,DC,4,Champions League,2022/23,whoscored
320040,Alphonso Davies,Alphonso Davies,37,Bayern,DL,19,Champions League,2022/23,whoscored
92051,Marcel Sabitzer,Marcel Sabitzer,37,Bayern,DMC,18,Champions League,2022/23,whoscored
283323,Joshua Kimmich,Joshua Kimmich,37,Bayern,DMC,6,Champions League,2022/23,whoscored
125883,Kingsley Coman,Kingsley Coman,37,Bayern,AMR,11,Champions League,2022/23,whoscored
37099,Thomas Müller,Thomas Müller,37,Bayern,AMC,25,Champions League,2022/23,whoscored
144711,Leroy Sané,Leroy Sané,37,Bayern,AML,10,Champions League,2022/23,whoscored
109915,Sadio Mané,Sadio Mané,37,Bayern,FW,17,Champions League,2022/23,whoscored
413272,Josip Stanisic,Josip Stanisic,37,Bayern,Sub,44,Champions League,2022/23,whoscored
327721,Dayot Upamecano,Dayot Upamecano,37,Bayern,Sub,2,Champions League,2022/23,whoscored
115519,Leon Goretzka,Leon Goretzka,37,Bayern,Sub,8,Champions League,2022/23,whoscored
119501,Serge Gnabry,Serge Gnabry,37,Bayern,Sub,7,Champions League,2022/23,whoscored
395252,Jamal Musiala,Jamal Musiala,37,Bayern,Sub,42,Champions League,2022/23,whoscored
29809,Eric Choupo-Moting,Eric Choupo-Moting,37,Bayern,Sub,13,Champions League,2022/23,whoscored
422885,Mathys Tel,Mathys Tel,37,Bayern,Sub,39,Champions League,2022/23,whoscored
35506,Sven Ulreich,Sven Ulreich,37,Bayern,Sub,26,Champions League,2022/23,whoscored
454815,Johannes Schenk,Johannes Schenk,37,Bayern,Sub,35,Champions League,2022/23,whoscored
349932,Noussair Mazraoui,Noussair Mazraoui,37,Bayern,Sub,40,Champions League,2022/23,whoscored
363884,Ryan Gravenberch,Ryan Gravenberch,37,Bayern,Sub,38,Champions League,2022/23,whoscored
84008,Marcos Alonso,Marcos Alonso,65,Barcelona,DL,17,Champions League,2022/23,whoscored
125211,Héctor Bellerín,Héctor Bellerín,65,Barcelona,Sub,2,Champions League,2022/23,whoscored
104274,Jan Kopic,Jan Kopic,1076,Viktoria Plzen,AMR,10,Champions League,2022/23,whoscored
283274,Jan Kliment,Jan Kliment,1076,Viktoria Plzen,Sub,9,Champions League,2022/23,whoscored
446865,Valentín Carboni,Valentín Carboni,75,Inter,Sub,45,Champions League,2022/23,whoscored
459074,Nikolaos Botis,Nikolaos Botis,75,Inter,Sub,40,Champions League,2022/23,whoscored
429193,Mattia Zanotti,Mattia Zanotti,75,Inter,Sub,46,Champions League,2022/23,whoscored
454343,Marc Casadó,Marc Casadó,65,Barcelona,Sub,29,Champions League,2022/23,whoscored
430949,Dennis Curatolo,Dennis Curatolo,75,Inter,Sub,42,Champions League,2022/23,whoscored
459075,Aleksandar Stankovic,Aleksandar Stankovic,75,Inter,Sub,50,Champions League,2022/23,whoscored
430703,Paul Wanner,Paul Wanner,37,Bayern,Sub,14,Champions League,2022/23,whoscored
78498,Romelu Lukaku,Romelu Lukaku,75,Inter,Sub,90,Champions League,2022/23,whoscored
462458,Gabriel Marusic,Gabriel Marusic,37,Bayern,Sub,37,Champions League,2022/23,whoscored
430704,Arijon Ibrahimovic,Arijon Ibrahimovic,37,Bayern,Sub,46,Champions League,2022/23,whoscored
462459,Justin Janitzek,Justin Janitzek,37,Bayern,Sub,36,Champions League,2022/23,whoscored
446866,Alessandro Fontanarosa,Alessandro Fontanarosa,75,Inter,Sub,47,Champions League,2022/23,whoscored
462448,Adam Kronus,Adam Kronus,1076,Viktoria Plzen,Sub,30,Champions League,2022/23,whoscored
462449,Adam Vrba,Adam Vrba,1076,Viktoria Plzen,Sub,32,Champions League,2022/23,whoscored
462460,Pavel Gaszczyk,Pavel Gaszczyk,1076,Viktoria Plzen,Sub,34,Champions League,2022/23,whoscored
427284,Álvaro Sanz,Álvaro Sanz,65,Barcelona,Sub,34,Champions League,2022/23,whoscored
428500,Ilias Akhomach,Ilias Akhomach,65,Barcelona,Sub,27,Champions League,2022/23,whoscored
454341,Álex Valle,Álex Valle,65,Barcelona,Sub,33,Champions League,2022/23,whoscored
8786,Joe Hart,Joe Hart,103,Celtic,GK,1,Champions League,2022/23,whoscored
271603,Josip Juranovic,Josip Juranovic,103,Celtic,DR,88,Champions League,2022/23,whoscored
425018,Moritz Jenz,Moritz Jenz,103,Celtic,DC,6,Champions League,2022/23,whoscored
301029,Cameron Carter-Vickers,Cameron Carter-Vickers,103,Celtic,DC,20,Champions League,2022/23,whoscored
376888,Greg Taylor,Greg Taylor,103,Celtic,DL,3,Champions League,2022/23,whoscored
431444,Reo Hatate,Reo Hatate,103,Celtic,DMC,41,Champions League,2022/23,whoscored
36471,Callum McGregor,Callum McGregor,103,Celtic,DMC,42,Champions League,2022/23,whoscored
412540,Liel Abada,Liel Abada,103,Celtic,AMR,11,Champions League,2022/23,whoscored
342889,Matt O'Riley,Matt O'Riley,103,Celtic,AMC,33,Champions League,2022/23,whoscored
369557,Jota,Jota,103,Celtic,AML,17,Champions League,2022/23,whoscored
347809,Giorgos Giakoumakis,Giorgos Giakoumakis,103,Celtic,FW,7,Champions League,2022/23,whoscored
318153,Aaron Mooy,Aaron Mooy,103,Celtic,Sub,13,Champions League,2022/23,whoscored
421333,Kyogo Furuhashi,Kyogo Furuhashi,103,Celtic,Sub,8,Champions League,2022/23,whoscored
377287,Daizen Maeda,Daizen Maeda,103,Celtic,Sub,38,Champions League,2022/23,whoscored
330545,Sead Haksabanovic,Sead Haksabanovic,103,Celtic,Sub,9,Champions League,2022/23,whoscored
397150,David Turnbull,David Turnbull,103,Celtic,Sub,14,Champions League,2022/23,whoscored
386203,Alexandro Bernabéi,Alexandro Bernabéi,103,Celtic,Sub,25,Champions League,2022/23,whoscored
31281,James McCarthy,James McCarthy,103,Celtic,Sub,16,Champions League,2022/23,whoscored
101624,Benjamin Siegrist,Benjamin Siegrist,103,Celtic,Sub,31,Champions League,2022/23,whoscored
291944,Anthony Ralston,Anthony Ralston,103,Celtic,Sub,56,Champions League,2022/23,whoscored
81481,James Forrest,James Forrest,103,Celtic,Sub,49,Champions League,2022/23,whoscored
81984,Scott Bain,Scott Bain,103,Celtic,Sub,29,Champions League,2022/23,whoscored
399929,Stephen Welsh,Stephen Welsh,103,Celtic,Sub,57,Champions League,2022/23,whoscored
73798,Thibaut Courtois,Thibaut Courtois,52,Real Madrid,GK,1,Champions League,2022/23,whoscored
106883,Dani Carvajal,Dani Carvajal,52,Real Madrid,DR,2,Champions League,2022/23,whoscored
39722,David Alaba,David Alaba,52,Real Madrid,DC,4,Champions League,2022/23,whoscored
337879,Éder Militão,Éder Militão,52,Real Madrid,DC,3,Champions League,2022/23,whoscored
296337,Ferland Mendy,Ferland Mendy,52,Real Madrid,DL,23,Champions League,2022/23,whoscored
20874,Luka Modric,Luka Modric,52,Real Madrid,MC,10,Champions League,2022/23,whoscored
353423,Aurélien Tchouaméni,Aurélien Tchouaméni,52,Real Madrid,MC,18,Champions League,2022/23,whoscored
31772,Toni Kroos,Toni Kroos,52,Real Madrid,MC,8,Champions League,2022/23,whoscored
344644,Federico Valverde,Federico Valverde,52,Real Madrid,FWR,15,Champions League,2022/23,whoscored
14296,Karim Benzema,Karim Benzema,52,Real Madrid,FW,9,Champions League,2022/23,whoscored
337782,Vinícius Júnior,Vinícius Júnior,52,Real Madrid,FWL,20,Champions League,2022/23,whoscored
33404,Eden Hazard,Eden Hazard,52,Real Madrid,Sub,7,Champions League,2022/23,whoscored
347862,Rodrygo,Rodrygo,52,Real Madrid,Sub,21,Champions League,2022/23,whoscored
369109,Eduardo Camavinga,Eduardo Camavinga,52,Real Madrid,Sub,12,Champions League,2022/23,whoscored
104010,Antonio Rüdiger,Antonio Rüdiger,52,Real Madrid,Sub,22,Champions League,2022/23,whoscored
137467,Marco Asensio,Marco Asensio,52,Real Madrid,Sub,11,Champions League,2022/23,whoscored
106875,Nacho,Nacho,52,Real Madrid,Sub,6,Champions League,2022/23,whoscored
144511,Lucas Vázquez,Lucas Vázquez,52,Real Madrid,Sub,17,Champions League,2022/23,whoscored
144890,Dani Ceballos,Dani Ceballos,52,Real Madrid,Sub,19,Champions League,2022/23,whoscored
323236,Mariano Díaz,Mariano Díaz,52,Real Madrid,Sub,24,Champions League,2022/23,whoscored
396458,Luis López,Luis López,52,Real Madrid,Sub,26,Champions League,2022/23,whoscored
345031,Andrii Lunin,Andrii Lunin,52,Real Madrid,Sub,13,Champions League,2022/23,whoscored
67369,Péter Gulácsi,Péter Gulácsi,7614,RBL,GK,1,Champions League,2022/23,whoscored
372855,Mohamed Simakan,Mohamed Simakan,7614,RBL,DR,2,Champions League,2022/23,whoscored
104917,Willi Orbán,Willi Orbán,7614,RBL,DC,4,Champions League,2022/23,whoscored
248112,Abdou Diallo,Abdou Diallo,7614,RBL,DC,37,Champions League,2022/23,whoscored
115161,Marcel Halstenberg,Marcel Halstenberg,7614,RBL,DL,23,Champions League,2022/23,whoscored
248010,Konrad Laimer,Konrad Laimer,7614,RBL,DMC,27,Champions League,2022/23,whoscored
262856,Xaver Schlager,Xaver Schlager,7614,RBL,DMC,24,Champions League,2022/23,whoscored
369875,Dominik Szoboszlai,Dominik Szoboszlai,7614,RBL,AMR,17,Champions League,2022/23,whoscored
300945,Christopher Nkunku,Christopher Nkunku,7614,RBL,AMC,18,Champions League,2022/23,whoscored
130903,Timo Werner,Timo Werner,7614,RBL,AML,11,Champions League,2022/23,whoscored
299460,André Silva,André Silva,7614,RBL,FW,19,Champions League,2022/23,whoscored
330538,David Raum,David Raum,7614,RBL,Sub,22,Champions League,2022/23,whoscored
296769,Benjamin Henrichs,Benjamin Henrichs,7614,RBL,Sub,39,Champions League,2022/23,whoscored
298837,Amadou Haidara,Amadou Haidara,7614,RBL,Sub,8,Champions League,2022/23,whoscored
141716,Emil Forsberg,Emil Forsberg,7614,RBL,Sub,10,Champions League,2022/23,whoscored
402664,Josko Gvardiol,Josko Gvardiol,7614,RBL,Sub,32,Champions League,2022/23,whoscored
104885,Janis Blaswich,Janis Blaswich,7614,RBL,Sub,21,Champions League,2022/23,whoscored
80994,Kevin Kampl,Kevin Kampl,7614,RBL,Sub,44,Champions League,2022/23,whoscored
397893,Hugo Novoa,Hugo Novoa,7614,RBL,Sub,38,Champions League,2022/23,whoscored
369877,Anatoliy Trubin,Anatoliy Trubin,1706,Shakhtar,GK,81,Champions League,2022/23,whoscored
291557,Lucas Taylor,Lucas Taylor,1706,Shakhtar,DR,23,Champions League,2022/23,whoscored
284817,Mykola Matviienko,Mykola Matviienko,1706,Shakhtar,DC,22,Champions League,2022/23,whoscored
370248,Valerii Bondar,Valerii Bondar,1706,Shakhtar,DC,5,Champions League,2022/23,whoscored
399829,Yukhym Konoplia,Yukhym Konoplia,1706,Shakhtar,DL,26,Champions League,2022/23,whoscored
29159,Taras Stepanenko,Taras Stepanenko,1706,Shakhtar,DMC,6,Champions League,2022/23,whoscored
366591,Marian Shved,Marian Shved,1706,Shakhtar,MR,9,Champions League,2022/23,whoscored
399830,Artem Bondarenko,Artem Bondarenko,1706,Shakhtar,MC,21,Champions League,2022/23,whoscored
404104,Heorhii Sudakov,Heorhii Sudakov,1706,Shakhtar,MC,8,Champions League,2022/23,whoscored
409376,Mykhailo Mudryk,Mykhailo Mudryk,1706,Shakhtar,ML,10,Champions League,2022/23,whoscored
284560,Oleksandr Zubkov,Oleksandr Zubkov,1706,Shakhtar,FW,11,Champions League,2022/23,whoscored
416962,Neven Djurasek,Neven Djurasek,1706,Shakhtar,Sub,17,Champions League,2022/23,whoscored
69893,Sergii Kryvtsov,Sergii Kryvtsov,1706,Shakhtar,Sub,4,Champions League,2022/23,whoscored
300078,Ivan Petryak,Ivan Petryak,1706,Shakhtar,Sub,34,Champions League,2022/23,whoscored
373291,Lassina Traoré,Lassina Traoré,1706,Shakhtar,Sub,2,Champions League,2022/23,whoscored
20896,Andrii Piatov,Andrii Piatov,1706,Shakhtar,Sub,30,Champions League,2022/23,whoscored
117751,Oleksii Shevchenko,Oleksii Shevchenko,1706,Shakhtar,Sub,1,Champions League,2022/23,whoscored
276623,Bohdan Mykhailichenko,Bohdan Mykhailichenko,1706,Shakhtar,Sub,15,Champions League,2022/23,whoscored
387416,Danylo Sikan,Danylo Sikan,1706,Shakhtar,Sub,14,Champions League,2022/23,whoscored
399833,Dmytro Topalov,Dmytro Topalov,1706,Shakhtar,Sub,20,Champions League,2022/23,whoscored
424607,Dmytro Kryskiv,Dmytro Kryskiv,1706,Shakhtar,Sub,16,Champions League,2022/23,whoscored
454327,Eduard Kozik,Eduard Kozik,1706,Shakhtar,Sub,32,Champions League,2022/23,whoscored
427997,Oleh Ocheretko,Oleh Ocheretko,1706,Shakhtar,Sub,27,Champions League,2022/23,whoscored
132943,Yussuf Poulsen,Yussuf Poulsen,7614,RBL,Sub,9,Champions League,2022/23,whoscored
377277,Oliver Abildgaard,Oliver Abildgaard,103,Celtic,Sub,28,Champions League,2022/23,whoscored
388682,Scott Robertson,Scott Robertson,103,Celtic,Sub,35,Champions League,2022/23,whoscored
238901,Jesús Vallejo,Jesús Vallejo,52,Real Madrid,Sub,5,Champions League,2022/23,whoscored
403807,Lucas Cañizares,Lucas Cañizares,52,Real Madrid,Sub,30,Champions League,2022/23,whoscored
317354,Álvaro Odriozola,Álvaro Odriozola,52,Real Madrid,Sub,16,Champions League,2022/23,whoscored
454329,Andrii Kulakov,Andrii Kulakov,1706,Shakhtar,Sub,19,Champions League,2022/23,whoscored
443410,Sanoussy Ba,Sanoussy Ba,7614,RBL,Sub,25,Champions League,2022/23,whoscored
444288,Jonas Nickisch,Jonas Nickisch,7614,RBL,Sub,34,Champions League,2022/23,whoscored
142195,Andrii Totovytskyi,Andrii Totovytskyi,1706,Shakhtar,Sub,7,Champions League,2022/23,whoscored
261212,Dani Olmo,Dani Olmo,7614,RBL,Sub,7,Champions League,2022/23,whoscored
401174,Sergio Arribas,Sergio Arribas,52,Real Madrid,Sub,33,Champions League,2022/23,whoscored
461527,Carlos Dotor,Carlos Dotor,52,Real Madrid,Sub,32,Champions League,2022/23,whoscored
460772,Álvaro Rodríguez,Álvaro Rodríguez,52,Real Madrid,Sub,39,Champions League,2022/23,whoscored
378626,Carl Starfelt,Carl Starfelt,103,Celtic,DC,4,Champions League,2022/23,whoscored
444287,Timo Schlieck,Timo Schlieck,7614,RBL,Sub,36,Champions League,2022/23,whoscored
345363,Alexander Meyer,Alexander Meyer,44,Borussia Dortmund,GK,33,Champions League,2022/23,whoscored
104376,Thomas Meunier,Thomas Meunier,44,Borussia Dortmund,DR,24,Champions League,2022/23,whoscored
371275,Nico Schlotterbeck,Nico Schlotterbeck,44,Borussia Dortmund,DC,4,Champions League,2022/23,whoscored
129983,Niklas Süle,Niklas Süle,44,Borussia Dortmund,DC,25,Champions League,2022/23,whoscored
115375,Raphaël Guerreiro,Raphaël Guerreiro,44,Borussia Dortmund,DL,13,Champions League,2022/23,whoscored
326403,Salih Özcan,Salih Özcan,44,Borussia Dortmund,DMC,6,Champions League,2022/23,whoscored
379868,Jude Bellingham,Jude Bellingham,44,Borussia Dortmund,DMC,22,Champions League,2022/23,whoscored
141556,Julian Brandt,Julian Brandt,44,Borussia Dortmund,AMR,19,Champions League,2022/23,whoscored
41330,Marco Reus,Marco Reus,44,Borussia Dortmund,AMC,11,Champions League,2022/23,whoscored
101537,Thorgan Hazard,Thorgan Hazard,44,Borussia Dortmund,AML,10,Champions League,2022/23,whoscored
25605,Anthony Modeste,Anthony Modeste,44,Borussia Dortmund,FW,20,Champions League,2022/23,whoscored
406701,Youssoufa Moukoko,Youssoufa Moukoko,44,Borussia Dortmund,Sub,18,Champions League,2022/23,whoscored
111212,Emre Can,Emre Can,44,Borussia Dortmund,Sub,23,Champions League,2022/23,whoscored
312666,Marius Wolf,Marius Wolf,44,Borussia Dortmund,Sub,17,Champions League,2022/23,whoscored
437020,Tom Rothe,Tom Rothe,44,Borussia Dortmund,Sub,36,Champions League,2022/23,whoscored
389087,Giovanni Reyna,Giovanni Reyna,44,Borussia Dortmund,Sub,7,Champions League,2022/23,whoscored
433579,Soumaïla Coulibaly,Soumaïla Coulibaly,44,Borussia Dortmund,Sub,44,Champions League,2022/23,whoscored
21541,Mats Hummels,Mats Hummels,44,Borussia Dortmund,Sub,15,Champions League,2022/23,whoscored
395547,Luca Unbehaun,Luca Unbehaun,44,Borussia Dortmund,Sub,38,Champions League,2022/23,whoscored
422762,Antonios Papadopoulos,Antonios Papadopoulos,44,Borussia Dortmund,Sub,47,Champions League,2022/23,whoscored
312843,Felix Passlack,Felix Passlack,44,Borussia Dortmund,Sub,30,Champions League,2022/23,whoscored
81523,Mathew Ryan,Mathew Ryan,10,Copenhagen,GK,51,Champions League,2022/23,whoscored
232262,Kevin Diks,Kevin Diks,10,Copenhagen,DR,2,Champions League,2022/23,whoscored
345018,Davit Khocholava,Davit Khocholava,10,Copenhagen,DC,5,Champions League,2022/23,whoscored
129363,Denis Vavro,Denis Vavro,10,Copenhagen,DC,3,Champions League,2022/23,whoscored
416970,Victor Kristiansen,Victor Kristiansen,10,Copenhagen,DL,34,Champions League,2022/23,whoscored
136024,Rasmus Falk,Rasmus Falk,10,Copenhagen,MC,33,Champions League,2022/23,whoscored
342577,Lukas Lerager,Lukas Lerager,10,Copenhagen,MC,12,Champions League,2022/23,whoscored
52745,Zeca,Zeca,10,Copenhagen,MC,10,Champions League,2022/23,whoscored
99972,Viktor Claesson,Viktor Claesson,10,Copenhagen,FWR,7,Champions League,2022/23,whoscored
113196,Andreas Cornelius,Andreas Cornelius,10,Copenhagen,FW,14,Champions League,2022/23,whoscored
383798,Mohamed Daramy,Mohamed Daramy,10,Copenhagen,FWL,15,Champions League,2022/23,whoscored
83100,Nicolai Boilesen,Nicolai Boilesen,10,Copenhagen,Sub,20,Champions League,2022/23,whoscored
443655,Elias Jelert,Elias Jelert,10,Copenhagen,Sub,19,Champions League,2022/23,whoscored
424252,Hákon Haraldsson,Hákon Haraldsson,10,Copenhagen,Sub,30,Champions League,2022/23,whoscored
455574,Christian Sørensen,Christian Sørensen,10,Copenhagen,Sub,6,Champions League,2022/23,whoscored
443654,Andreas Dithmer,Andreas Dithmer,10,Copenhagen,Sub,41,Champions League,2022/23,whoscored
443656,Valdemar Lund,Valdemar Lund,10,Copenhagen,Sub,27,Champions League,2022/23,whoscored
392720,Mamoudou Karamoko,Mamoudou Karamoko,10,Copenhagen,Sub,29,Champions League,2022/23,whoscored
406062,Ísak Bergmann Jóhannesson,Ísak Bergmann Jóhannesson,10,Copenhagen,Sub,8,Champions League,2022/23,whoscored
443658,Marko Stamenic,Marko Stamenic,10,Copenhagen,Sub,35,Champions League,2022/23,whoscored
381822,Paul Mukairu,Paul Mukairu,10,Copenhagen,Sub,17,Champions League,2022/23,whoscored
43912,Karl-Johan Johnsson,Karl-Johan Johnsson,10,Copenhagen,Sub,21,Champions League,2022/23,whoscored
435529,Roony Bardghji,Roony Bardghji,10,Copenhagen,Sub,40,Champions League,2022/23,whoscored
136220,Yassine Bounou,Yassine Bounou,67,Sevilla,GK,13,Champions League,2022/23,whoscored
9446,Jesús Navas,Jesús Navas,67,Sevilla,DR,16,Champions League,2022/23,whoscored
382492,Tanguy Nianzou,Tanguy Nianzou,67,Sevilla,DC,14,Champions League,2022/23,whoscored
422956,José Ángel Carmona,José Ángel Carmona,67,Sevilla,DC,30,Champions League,2022/23,whoscored
303729,Marcos Acuña,Marcos Acuña,67,Sevilla,DL,19,Champions League,2022/23,whoscored
73744,Thomas Delaney,Thomas Delaney,67,Sevilla,DMC,18,Champions League,2022/23,whoscored
77417,Nemanja Gudelj,Nemanja Gudelj,67,Sevilla,DMC,6,Champions League,2022/23,whoscored
22546,Papu Gómez,Papu Gómez,67,Sevilla,AMR,24,Champions League,2022/23,whoscored
22732,Ivan Rakitic,Ivan Rakitic,67,Sevilla,AMC,10,Champions League,2022/23,whoscored
125793,Alex Telles,Alex Telles,67,Sevilla,AML,3,Champions League,2022/23,whoscored
82989,Isco,Isco,67,Sevilla,FW,22,Champions League,2022/23,whoscored
130334,Adnan Januzaj,Adnan Januzaj,67,Sevilla,Sub,11,Champions League,2022/23,whoscored
322163,Kasper Dolberg,Kasper Dolberg,67,Sevilla,Sub,5,Champions League,2022/23,whoscored
300369,Rafa Mir,Rafa Mir,67,Sevilla,Sub,12,Champions League,2022/23,whoscored
238941,Joan Jordán,Joan Jordán,67,Sevilla,Sub,8,Champions League,2022/23,whoscored
105591,Suso,Suso,67,Sevilla,Sub,7,Champions League,2022/23,whoscored
316883,Gonzalo Montiel,Gonzalo Montiel,67,Sevilla,Sub,2,Champions League,2022/23,whoscored
31958,Fernando,Fernando,67,Sevilla,Sub,20,Champions League,2022/23,whoscored
323547,Youssef En-Nesyri,Youssef En-Nesyri,67,Sevilla,Sub,15,Champions League,2022/23,whoscored
106530,Karim Rekik,Karim Rekik,67,Sevilla,Sub,4,Champions League,2022/23,whoscored
259393,Marko Dmitrovic,Marko Dmitrovic,67,Sevilla,Sub,1,Champions League,2022/23,whoscored
431508,Alberto Flores,Alberto Flores,67,Sevilla,Sub,31,Champions League,2022/23,whoscored
431509,Kike Salas,Kike Salas,67,Sevilla,Sub,29,Champions League,2022/23,whoscored
121774,Ederson,Ederson,167,Man City,GK,31,Champions League,2022/23,whoscored
128967,João Cancelo,João Cancelo,167,Man City,DR,7,Champions League,2022/23,whoscored
313171,Rúben Dias,Rúben Dias,167,Man City,DC,3,Champions League,2022/23,whoscored
297390,Manuel Akanji,Manuel Akanji,167,Man City,DC,25,Champions League,2022/23,whoscored
355110,Sergio Gómez,Sergio Gómez,167,Man City,DL,21,Champions League,2022/23,whoscored
73084,Kevin De Bruyne,Kevin De Bruyne,167,Man City,MC,17,Champions League,2022/23,whoscored
136741,Bernardo Silva,Bernardo Silva,167,Man City,MC,20,Champions League,2022/23,whoscored
303139,Rodri,Rodri,167,Man City,MC,16,Champions League,2022/23,whoscored
331254,Phil Foden,Phil Foden,167,Man City,FWR,47,Champions League,2022/23,whoscored
315227,Erling Haaland,Erling Haaland,167,Man City,FW,9,Champions League,2022/23,whoscored
113069,Jack Grealish,Jack Grealish,167,Man City,FWL,10,Champions League,2022/23,whoscored
104749,Riyad Mahrez,Riyad Mahrez,167,Man City,Sub,26,Champions League,2022/23,whoscored
365409,Julián Alvarez,Julián Alvarez,167,Man City,Sub,19,Champions League,2022/23,whoscored
77464,Ilkay Gündogan,Ilkay Gündogan,167,Man City,Sub,8,Champions League,2022/23,whoscored
270446,Kalvin Phillips,Kalvin Phillips,167,Man City,Sub,4,Champions League,2022/23,whoscored
395692,Cole Palmer,Cole Palmer,167,Man City,Sub,80,Champions League,2022/23,whoscored
133569,Stefan Ortega,Stefan Ortega,167,Man City,Sub,18,Champions League,2022/23,whoscored
122945,Nathan Aké,Nathan Aké,167,Man City,Sub,6,Champions League,2022/23,whoscored
8155,Scott Carson,Scott Carson,167,Man City,Sub,33,Champions League,2022/23,whoscored
425406,Josh Wilson-Esbrand,Josh Wilson-Esbrand,167,Man City,Sub,97,Champions League,2022/23,whoscored
444791,Rico Lewis,Rico Lewis,167,Man City,Sub,82,Champions League,2022/23,whoscored
122117,Aymeric Laporte,Aymeric Laporte,167,Man City,DC,14,Champions League,2022/23,whoscored
364015,Kamil Grabara,Kamil Grabara,10,Copenhagen,GK,1,Champions League,2022/23,whoscored
78271,Peter Ankersen,Peter Ankersen,10,Copenhagen,Sub,22,Champions League,2022/23,whoscored
80831,Khouma Babacar,Khouma Babacar,10,Copenhagen,Sub,11,Champions League,2022/23,whoscored
75830,Érik Lamela,Érik Lamela,67,Sevilla,Sub,17,Champions League,2022/23,whoscored
395513,Pablo Pérez,Pablo Pérez,67,Sevilla,Sub,26,Champions League,2022/23,whoscored
392646,Karim Adeyemi,Karim Adeyemi,44,Borussia Dortmund,AMR,27,Champions League,2022/23,whoscored
351354,Donyell Malen,Donyell Malen,44,Borussia Dortmund,Sub,21,Champions League,2022/23,whoscored
428656,Silas Ostrzinski,Silas Ostrzinski,44,Borussia Dortmund,Sub,31,Champions League,2022/23,whoscored
336028,Gregor Kobel,Gregor Kobel,44,Borussia Dortmund,Sub,1,Champions League,2022/23,whoscored
458988,William Clem,William Clem,10,Copenhagen,Sub,36,Champions League,2022/23,whoscored
318120,Marcão,Marcão,67,Sevilla,DC,23,Champions League,2022/23,whoscored
101374,John Stones,John Stones,167,Man City,DR,5,Champions League,2022/23,whoscored
428066,Orri Óskarsson,Orri Óskarsson,10,Copenhagen,Sub,18,Champions League,2022/23,whoscored
406937,Carlos Álvarez,Carlos Álvarez,67,Sevilla,Sub,27,Champions League,2022/23,whoscored
66424,Kevin Trapp,Kevin Trapp,45,Eintracht Frankfurt,GK,1,Champions League,2022/23,whoscored
402665,Kristijan Jakic,Kristijan Jakic,45,Eintracht Frankfurt,DR,6,Champions League,2022/23,whoscored
366558,Tuta,Tuta,45,Eintracht Frankfurt,DC,35,Champions League,2022/23,whoscored
323450,Evan Ndicka,Evan Ndicka,45,Eintracht Frankfurt,DC,2,Champions League,2022/23,whoscored
130897,Christopher Lenz,Christopher Lenz,45,Eintracht Frankfurt,DL,25,Champions League,2022/23,whoscored
372927,Junior Dina Ebimbe,Junior Dina Ebimbe,45,Eintracht Frankfurt,DMC,26,Champions League,2022/23,whoscored
317630,Djibril Sow,Djibril Sow,45,Eintracht Frankfurt,DMC,8,Champions League,2022/23,whoscored
403646,Jesper Lindstrøm,Jesper Lindstrøm,45,Eintracht Frankfurt,AMR,29,Champions League,2022/23,whoscored
80382,Mario Götze,Mario Götze,45,Eintracht Frankfurt,AMC,27,Champions League,2022/23,whoscored
344166,Daichi Kamada,Daichi Kamada,45,Eintracht Frankfurt,AML,15,Champions League,2022/23,whoscored
333542,Randal Kolo Muani,Randal Kolo Muani,45,Eintracht Frankfurt,FW,9,Champions League,2022/23,whoscored
125654,Lucas Alario,Lucas Alario,45,Eintracht Frankfurt,Sub,21,Champions League,2022/23,whoscored
145777,Rafael Borré,Rafael Borré,45,Eintracht Frankfurt,Sub,19,Champions League,2022/23,whoscored
403747,Ansgar Knauff,Ansgar Knauff,45,Eintracht Frankfurt,Sub,36,Champions League,2022/23,whoscored
332268,Luca Pellegrini,Luca Pellegrini,45,Eintracht Frankfurt,Sub,33,Champions League,2022/23,whoscored
16954,Makoto Hasebe,Makoto Hasebe,45,Eintracht Frankfurt,Sub,20,Champions League,2022/23,whoscored
141374,Jérôme Onguéné,Jérôme Onguéné,45,Eintracht Frankfurt,Sub,4,Champions League,2022/23,whoscored
401803,Hrvoje Smolcic,Hrvoje Smolcic,45,Eintracht Frankfurt,Sub,5,Champions League,2022/23,whoscored
423881,Faride Alidou,Faride Alidou,45,Eintracht Frankfurt,Sub,11,Champions League,2022/23,whoscored
35452,Jens Grahl,Jens Grahl,45,Eintracht Frankfurt,Sub,31,Champions League,2022/23,whoscored
69467,Timothy Chandler,Timothy Chandler,45,Eintracht Frankfurt,Sub,22,Champions League,2022/23,whoscored
373154,Diant Ramaj,Diant Ramaj,45,Eintracht Frankfurt,Sub,40,Champions League,2022/23,whoscored
23285,Antonio Adán,Antonio Adán,296,Sporting,GK,1,Champions League,2022/23,whoscored
259929,Jeremiah St. Juste,Jeremiah St. Juste,296,Sporting,DC,3,Champions League,2022/23,whoscored
395992,Gonçalo Inácio,Gonçalo Inácio,296,Sporting,DC,25,Champions League,2022/23,whoscored
71268,Sebastián Coates,Sebastián Coates,296,Sporting,DC,4,Champions League,2022/23,whoscored
362352,Pedro Porro,Pedro Porro,296,Sporting,DMR,24,Champions League,2022/23,whoscored
283978,Matheus Reis,Matheus Reis,296,Sporting,DML,2,Champions League,2022/23,whoscored
409279,Hidemasa Morita,Hidemasa Morita,296,Sporting,MC,5,Champions League,2022/23,whoscored
408962,Manuel Ugarte,Manuel Ugarte,296,Sporting,MC,15,Champions League,2022/23,whoscored
344378,Pote,Pote,296,Sporting,AMC,28,Champions League,2022/23,whoscored
368409,Trincão,Trincão,296,Sporting,AMC,17,Champions League,2022/23,whoscored
279177,Marcus Edwards,Marcus Edwards,296,Sporting,FW,10,Champions League,2022/23,whoscored
260785,Rochinha,Rochinha,296,Sporting,Sub,16,Champions League,2022/23,whoscored
135563,Paulinho,Paulinho,296,Sporting,Sub,20,Champions League,2022/23,whoscored
70953,Luís Neto,Luís Neto,296,Sporting,Sub,13,Champions League,2022/23,whoscored
296364,Nuno Santos,Nuno Santos,296,Sporting,Sub,11,Champions League,2022/23,whoscored
329403,Arthur Gomes,Arthur Gomes,296,Sporting,Sub,33,Champions League,2022/23,whoscored
430985,Abdul Fatawu,Abdul Fatawu,296,Sporting,Sub,18,Champions League,2022/23,whoscored
418175,Sotiris Alexandropoulos,Sotiris Alexandropoulos,296,Sporting,Sub,6,Champions League,2022/23,whoscored
109474,Ricardo Esgaio,Ricardo Esgaio,296,Sporting,Sub,47,Champions League,2022/23,whoscored
425882,José Marsà,José Marsà,296,Sporting,Sub,63,Champions League,2022/23,whoscored
406957,Franco Israel,Franco Israel,296,Sporting,Sub,12,Champions League,2022/23,whoscored
401784,André Paulo,André Paulo,296,Sporting,Sub,22,Champions League,2022/23,whoscored
25604,Hugo Lloris,Hugo Lloris,30,Tottenham,GK,1,Champions League,2022/23,whoscored
323663,Cristian Romero,Cristian Romero,30,Tottenham,DC,17,Champions League,2022/23,whoscored
236511,Clément Lenglet,Clément Lenglet,30,Tottenham,DC,34,Champions League,2022/23,whoscored
117973,Eric Dier,Eric Dier,30,Tottenham,DC,15,Champions League,2022/23,whoscored
328512,Emerson Royal,Emerson Royal,30,Tottenham,DMR,12,Champions League,2022/23,whoscored
70524,Ivan Perisic,Ivan Perisic,30,Tottenham,DML,14,Champions League,2022/23,whoscored
101859,Pierre-Emile Højbjerg,Pierre-Emile Højbjerg,30,Tottenham,MC,5,Champions League,2022/23,whoscored
303657,Rodrigo Bentancur,Rodrigo Bentancur,30,Tottenham,MC,30,Champions League,2022/23,whoscored
317804,Richarlison,Richarlison,30,Tottenham,AMC,9,Champions League,2022/23,whoscored
91909,Son Heung-Min,Son Heung-Min,30,Tottenham,AMC,7,Champions League,2022/23,whoscored
83532,Harry Kane,Harry Kane,30,Tottenham,FW,10,Champions League,2022/23,whoscored
94042,Matt Doherty,Matt Doherty,30,Tottenham,Sub,2,Champions League,2022/23,whoscored
303096,Yves Bissouma,Yves Bissouma,30,Tottenham,Sub,38,Champions League,2022/23,whoscored
355855,Dejan Kulusevski,Dejan Kulusevski,30,Tottenham,Sub,21,Champions League,2022/23,whoscored
384063,Japhet Tanganga,Japhet Tanganga,30,Tottenham,Sub,25,Champions League,2022/23,whoscored
103837,Ben Davies,Ben Davies,30,Tottenham,Sub,33,Champions League,2022/23,whoscored
322655,Dávinson Sánchez,Dávinson Sánchez,30,Tottenham,Sub,6,Champions League,2022/23,whoscored
403859,Pape Matar Sarr,Pape Matar Sarr,30,Tottenham,Sub,29,Champions League,2022/23,whoscored
368519,Bryan Gil,Bryan Gil,30,Tottenham,Sub,11,Champions League,2022/23,whoscored
322611,Ryan Sessegnon,Ryan Sessegnon,30,Tottenham,Sub,19,Champions League,2022/23,whoscored
362219,Djed Spence,Djed Spence,30,Tottenham,Sub,24,Champions League,2022/23,whoscored
364215,Oliver Skipp,Oliver Skipp,30,Tottenham,Sub,4,Champions League,2022/23,whoscored
29796,Fraser Forster,Fraser Forster,30,Tottenham,Sub,20,Champions League,2022/23,whoscored
145427,Pau López,Pau López,249,Marseille,GK,16,Champions League,2022/23,whoscored
104368,Chancel Mbemba,Chancel Mbemba,249,Marseille,DC,99,Champions League,2022/23,whoscored
234376,Samuel Gigot,Samuel Gigot,249,Marseille,DC,4,Champions League,2022/23,whoscored
243814,Eric Bailly,Eric Bailly,249,Marseille,DC,3,Champions League,2022/23,whoscored
301869,Jonathan Clauss,Jonathan Clauss,249,Marseille,DMR,7,Champions League,2022/23,whoscored
379790,Nuno Tavares,Nuno Tavares,249,Marseille,DML,30,Champions League,2022/23,whoscored
231144,Valentin Rongier,Valentin Rongier,249,Marseille,MC,21,Champions League,2022/23,whoscored
101017,Jordan Veretout,Jordan Veretout,249,Marseille,MC,27,Champions League,2022/23,whoscored
242791,Gerson,Gerson,249,Marseille,AMC,8,Champions League,2022/23,whoscored
328983,Mattéo Guendouzi,Mattéo Guendouzi,249,Marseille,AMC,6,Champions League,2022/23,whoscored
402887,Luis Suárez,Luis Suárez,249,Marseille,FW,11,Champions League,2022/23,whoscored
362788,Leonardo Balerdi,Leonardo Balerdi,249,Marseille,Sub,5,Champions League,2022/23,whoscored
110260,Sead Kolasinac,Sead Kolasinac,249,Marseille,Sub,23,Champions League,2022/23,whoscored
322668,Amine Harit,Amine Harit,249,Marseille,Sub,77,Champions League,2022/23,whoscored
399047,Pape Gueye,Pape Gueye,249,Marseille,Sub,22,Champions League,2022/23,whoscored
255071,Cengiz Ünder,Cengiz Ünder,249,Marseille,Sub,17,Champions League,2022/23,whoscored
399955,Issa Kaboré,Issa Kaboré,249,Marseille,Sub,29,Champions League,2022/23,whoscored
14058,Dimitri Payet,Dimitri Payet,249,Marseille,Sub,10,Champions League,2022/23,whoscored
389939,Simon Ngapandouetnbu,Simon Ngapandouetnbu,249,Marseille,Sub,1,Champions League,2022/23,whoscored
120335,Rubén Blanco,Rubén Blanco,249,Marseille,Sub,36,Champions League,2022/23,whoscored
25244,Alexis Sánchez,Alexis Sánchez,249,Marseille,FW,70,Champions League,2022/23,whoscored
65581,Sebastian Rode,Sebastian Rode,45,Eintracht Frankfurt,Sub,17,Champions League,2022/23,whoscored
411913,Flávio Nazinho,Flávio Nazinho,296,Sporting,Sub,71,Champions League,2022/23,whoscored
395511,Harvey White,Harvey White,30,Tottenham,Sub,42,Champions League,2022/23,whoscored
386134,Brandon Austin,Brandon Austin,30,Tottenham,Sub,40,Champions League,2022/23,whoscored
92508,Lucas Moura,Lucas Moura,30,Tottenham,Sub,27,Champions League,2022/23,whoscored
426010,Diego Callai,Diego Callai,296,Sporting,Sub,41,Champions League,2022/23,whoscored
447231,Mateus Fernandes,Mateus Fernandes,296,Sporting,Sub,82,Champions League,2022/23,whoscored
361964,Jovane Cabral,Jovane Cabral,296,Sporting,Sub,77,Champions League,2022/23,whoscored
411914,Dário Essugo,Dário Essugo,296,Sporting,Sub,84,Champions League,2022/23,whoscored
262515,Gianluigi Donnarumma,Gianluigi Donnarumma,304,PSG,GK,99,Champions League,2022/23,whoscored
101949,Marquinhos,Marquinhos,304,PSG,DC,5,Champions League,2022/23,whoscored
247800,Presnel Kimpembe,Presnel Kimpembe,304,PSG,DC,3,Champions League,2022/23,whoscored
9909,Sergio Ramos,Sergio Ramos,304,PSG,DC,4,Champions League,2022/23,whoscored
320834,Achraf Hakimi,Achraf Hakimi,304,PSG,DMR,2,Champions League,2022/23,whoscored
395221,Nuno Mendes,Nuno Mendes,304,PSG,DML,25,Champions League,2022/23,whoscored
91961,Marco Verratti,Marco Verratti,304,PSG,MC,6,Champions League,2022/23,whoscored
384887,Vitinha,Vitinha,304,PSG,MC,17,Champions League,2022/23,whoscored
11119,Lionel Messi,Lionel Messi,304,PSG,FWR,30,Champions League,2022/23,whoscored
300713,Kylian Mbappé,Kylian Mbappé,304,PSG,FW,7,Champions League,2022/23,whoscored
50835,Neymar,Neymar,304,PSG,FWL,10,Champions League,2022/23,whoscored
299077,Nordi Mukiele,Nordi Mukiele,304,PSG,Sub,26,Champions League,2022/23,whoscored
299450,Renato Sanches,Renato Sanches,304,PSG,Sub,18,Champions League,2022/23,whoscored
94891,Danilo Pereira,Danilo Pereira,304,PSG,Sub,15,Champions League,2022/23,whoscored
313542,Carlos Soler,Carlos Soler,304,PSG,Sub,28,Champions League,2022/23,whoscored
65901,Keylor Navas,Keylor Navas,304,PSG,Sub,1,Champions League,2022/23,whoscored
403784,Hugo Ekitiké,Hugo Ekitiké,304,PSG,Sub,44,Champions League,2022/23,whoscored
106894,Juan Bernat,Juan Bernat,304,PSG,Sub,14,Champions League,2022/23,whoscored
109338,Sergio Rico,Sergio Rico,304,PSG,Sub,16,Champions League,2022/23,whoscored
94868,Pablo Sarabia,Pablo Sarabia,304,PSG,Sub,19,Champions League,2022/23,whoscored
294193,Fabián Ruiz,Fabián Ruiz,304,PSG,Sub,8,Champions League,2022/23,whoscored
78880,Mattia Perin,Mattia Perin,87,Juventus,GK,36,Champions League,2022/23,whoscored
88300,Danilo,Danilo,87,Juventus,DC,6,Champions League,2022/23,whoscored
339875,Bremer,Bremer,87,Juventus,DC,3,Champions League,2022/23,whoscored
20664,Leonardo Bonucci,Leonardo Bonucci,87,Juventus,DC,19,Champions League,2022/23,whoscored
44868,Juan Cuadrado,Juan Cuadrado,87,Juventus,DMR,11,Champions League,2022/23,whoscored
105995,Filip Kostic,Filip Kostic,87,Juventus,DML,17,Champions League,2022/23,whoscored
93700,Leandro Paredes,Leandro Paredes,87,Juventus,MC,32,Champions League,2022/23,whoscored
116609,Adrien Rabiot,Adrien Rabiot,87,Juventus,MC,25,Champions League,2022/23,whoscored
425080,Fabio Miretti,Fabio Miretti,87,Juventus,MC,20,Champions League,2022/23,whoscored
104257,Arkadiusz Milik,Arkadiusz Milik,87,Juventus,FW,14,Champions League,2022/23,whoscored
315369,Dusan Vlahovic,Dusan Vlahovic,87,Juventus,FW,9,Champions League,2022/23,whoscored
273539,Manuel Locatelli,Manuel Locatelli,87,Juventus,Sub,5,Champions League,2022/23,whoscored
107275,Mattia De Sciglio,Mattia De Sciglio,87,Juventus,Sub,2,Champions League,2022/23,whoscored
328990,Moise Kean,Moise Kean,87,Juventus,Sub,18,Champions League,2022/23,whoscored
338275,Weston McKennie,Weston McKennie,87,Juventus,Sub,8,Champions League,2022/23,whoscored
425079,Matías Soulé,Matías Soulé,87,Juventus,Sub,30,Champions League,2022/23,whoscored
100995,Alex Sandro,Alex Sandro,87,Juventus,Sub,12,Champions League,2022/23,whoscored
116207,Daniele Rugani,Daniele Rugani,87,Juventus,Sub,24,Champions League,2022/23,whoscored
369426,Nicolò Fagioli,Nicolò Fagioli,87,Juventus,Sub,44,Champions League,2022/23,whoscored
407276,Giovanni Garofani,Giovanni Garofani,87,Juventus,Sub,41,Champions League,2022/23,whoscored
83981,Carlo Pinsoglio,Carlo Pinsoglio,87,Juventus,Sub,23,Champions League,2022/23,whoscored
439909,Federico Gatti,Federico Gatti,87,Juventus,Sub,15,Champions League,2022/23,whoscored
110273,Odysseas Vlachodimos,Odysseas Vlachodimos,299,Benfica,GK,99,Champions League,2022/23,whoscored
401520,Alexander Bah,Alexander Bah,299,Benfica,DR,6,Champions League,2022/23,whoscored
75691,Nicolás Otamendi,Nicolás Otamendi,299,Benfica,DC,30,Champions League,2022/23,whoscored
443613,António Silva,António Silva,299,Benfica,DC,66,Champions League,2022/23,whoscored
107252,Alejandro Grimaldo,Alejandro Grimaldo,299,Benfica,DL,3,Champions League,2022/23,whoscored
369430,Enzo Fernández,Enzo Fernández,299,Benfica,DMC,13,Champions League,2022/23,whoscored
369712,Florentino,Florentino,299,Benfica,DMC,61,Champions League,2022/23,whoscored
326505,David Neres,David Neres,299,Benfica,AMR,7,Champions League,2022/23,whoscored
135127,Rafa,Rafa,299,Benfica,AMC,27,Champions League,2022/23,whoscored
125476,João Mário,João Mário,299,Benfica,AML,20,Champions League,2022/23,whoscored
395802,Gonçalo Ramos,Gonçalo Ramos,299,Benfica,FW,88,Champions League,2022/23,whoscored
404198,Petar Musa,Petar Musa,299,Benfica,Sub,33,Champions League,2022/23,whoscored
303544,Fredrik Aursnes,Fredrik Aursnes,299,Benfica,Sub,8,Champions League,2022/23,whoscored
343029,Diogo Gonçalves,Diogo Gonçalves,299,Benfica,Sub,17,Champions League,2022/23,whoscored
361961,Chiquinho,Chiquinho,299,Benfica,Sub,22,Champions League,2022/23,whoscored
119542,Gilberto,Gilberto,299,Benfica,Sub,2,Champions League,2022/23,whoscored
130432,Helton Leite,Helton Leite,299,Benfica,Sub,77,Champions League,2022/23,whoscored
291652,Rodrigo Pinho,Rodrigo Pinho,299,Benfica,Sub,18,Champions League,2022/23,whoscored
96449,Julian Draxler,Julian Draxler,299,Benfica,Sub,93,Champions League,2022/23,whoscored
407139,Paulo Bernardo,Paulo Bernardo,299,Benfica,Sub,55,Champions League,2022/23,whoscored
424769,Henrique Araújo,Henrique Araújo,299,Benfica,Sub,39,Champions League,2022/23,whoscored
244778,Mihailo Ristic,Mihailo Ristic,299,Benfica,Sub,23,Champions League,2022/23,whoscored
104899,John Anthony Brooks,John Anthony Brooks,299,Benfica,Sub,25,Champions League,2022/23,whoscored
401540,Josh Cohen,Josh Cohen,705,Maccabi Haifa,GK,44,Champions League,2022/23,whoscored
73830,Daniel Sundgren,Daniel Sundgren,705,Maccabi Haifa,DR,2,Champions League,2022/23,whoscored
400243,Dylan Batubinsika,Dylan Batubinsika,705,Maccabi Haifa,DC,19,Champions League,2022/23,whoscored
284769,Sean Goldberg,Sean Goldberg,705,Maccabi Haifa,DC,3,Champions League,2022/23,whoscored
244795,Abdoulaye Seck,Abdoulaye Seck,705,Maccabi Haifa,DC,30,Champions League,2022/23,whoscored
384857,Dolev Haziza,Dolev Haziza,705,Maccabi Haifa,DL,8,Champions League,2022/23,whoscored
313466,Neta Lavi,Neta Lavi,705,Maccabi Haifa,MC,6,Champions League,2022/23,whoscored
37502,Tjaronn Chery,Tjaronn Chery,705,Maccabi Haifa,MC,10,Champions League,2022/23,whoscored
139515,Ali Muhammad,Ali Muhammad,705,Maccabi Haifa,MC,4,Champions League,2022/23,whoscored
443795,Frantzdy Pierrot,Frantzdy Pierrot,705,Maccabi Haifa,FW,9,Champions League,2022/23,whoscored
443792,Din David,Din David,705,Maccabi Haifa,FW,21,Champions League,2022/23,whoscored
33094,Nikita Rukavytsya,Nikita Rukavytsya,705,Maccabi Haifa,Sub,13,Champions League,2022/23,whoscored
384856,Sun Menachem,Sun Menachem,705,Maccabi Haifa,Sub,12,Champions League,2022/23,whoscored
401541,Mohamed Abu Fani,Mohamed Abu Fani,705,Maccabi Haifa,Sub,16,Champions League,2022/23,whoscored
404976,Suf Podgoreanu,Suf Podgoreanu,705,Maccabi Haifa,Sub,17,Champions League,2022/23,whoscored
326515,Omer Atzili,Omer Atzili,705,Maccabi Haifa,Sub,7,Champions League,2022/23,whoscored
384568,Mavis Tchibota,Mavis Tchibota,705,Maccabi Haifa,Sub,11,Champions League,2022/23,whoscored
443790,Pierre Cornud,Pierre Cornud,705,Maccabi Haifa,Sub,27,Champions League,2022/23,whoscored
399380,Ofri Arad,Ofri Arad,705,Maccabi Haifa,Sub,15,Champions League,2022/23,whoscored
424289,Maor Levi,Maor Levi,705,Maccabi Haifa,Sub,33,Champions League,2022/23,whoscored
443788,Roi Mishpati,Roi Mishpati,705,Maccabi Haifa,Sub,90,Champions League,2022/23,whoscored
443789,Inon Eliyahu,Inon Eliyahu,705,Maccabi Haifa,Sub,36,Champions League,2022/23,whoscored
81881,Rami Gershon,Rami Gershon,705,Maccabi Haifa,Sub,55,Champions League,2022/23,whoscored
73379,Wojciech Szczesny,Wojciech Szczesny,87,Juventus,GK,1,Champions League,2022/23,whoscored
23110,Ángel Di María,Ángel Di María,87,Juventus,FWR,22,Champions League,2022/23,whoscored
443786,Roee Fucs,Roee Fucs,705,Maccabi Haifa,Sub,77,Champions League,2022/23,whoscored
373848,João Victor,João Victor,299,Benfica,Sub,38,Champions League,2022/23,whoscored
299375,Gil Dias,Gil Dias,299,Benfica,Sub,31,Champions League,2022/23,whoscored
421405,El Chadaille Bitshiabu,El Chadaille Bitshiabu,304,PSG,Sub,31,Champions League,2022/23,whoscored
444679,Warren Zaïre-Emery,Warren Zaïre-Emery,304,PSG,Sub,33,Champions League,2022/23,whoscored
401542,Raz Meir,Raz Meir,705,Maccabi Haifa,Sub,22,Champions League,2022/23,whoscored
413187,Ismaël Gharbi,Ismaël Gharbi,304,PSG,Sub,35,Champions League,2022/23,whoscored
234358,Alexandre Letellier,Alexandre Letellier,304,PSG,Sub,90,Champions League,2022/23,whoscored
446940,Tommaso Barbieri,Tommaso Barbieri,87,Juventus,Sub,42,Champions League,2022/23,whoscored
300640,Lucas Veríssimo,Lucas Veríssimo,299,Benfica,Sub,4,Champions League,2022/23,whoscored
438894,Samuel Iling-Junior,Samuel Iling-Junior,87,Juventus,Sub,43,Champions League,2022/23,whoscored
456787,Enzo Barrenechea,Enzo Barrenechea,87,Juventus,Sub,45,Champions League,2022/23,whoscored
322971,Federico Chiesa,Federico Chiesa,87,Juventus,Sub,7,Champions League,2022/23,whoscored
119120,Dominik Livakovic,Dominik Livakovic,684,Dinamo Zagreb,GK,40,Champions League,2022/23,whoscored
328363,Dino Peric,Dino Peric,684,Dinamo Zagreb,DC,55,Champions League,2022/23,whoscored
402666,Josip Sutalo,Josip Sutalo,684,Dinamo Zagreb,DC,37,Champions League,2022/23,whoscored
102215,Stefan Ristovski,Stefan Ristovski,684,Dinamo Zagreb,DC,13,Champions League,2022/23,whoscored
115682,Josip Misic,Josip Misic,684,Dinamo Zagreb,DMC,27,Champions League,2022/23,whoscored
363684,Sadegh Moharrami,Sadegh Moharrami,684,Dinamo Zagreb,MR,2,Champions League,2022/23,whoscored
298710,Luka Ivanusec,Luka Ivanusec,684,Dinamo Zagreb,MC,7,Champions League,2022/23,whoscored
38512,Arijan Ademi,Arijan Ademi,684,Dinamo Zagreb,MC,5,Champions League,2022/23,whoscored
399626,Robert Ljubicic,Robert Ljubicic,684,Dinamo Zagreb,ML,14,Champions League,2022/23,whoscored
124271,Bruno Petkovic,Bruno Petkovic,684,Dinamo Zagreb,FW,9,Champions League,2022/23,whoscored
141670,Mislav Orsic,Mislav Orsic,684,Dinamo Zagreb,FW,99,Champions League,2022/23,whoscored
407944,Martin Baturina,Martin Baturina,684,Dinamo Zagreb,Sub,10,Champions League,2022/23,whoscored
412334,Dario Spikic,Dario Spikic,684,Dinamo Zagreb,Sub,77,Champions League,2022/23,whoscored
249741,Rasmus Lauritsen,Rasmus Lauritsen,684,Dinamo Zagreb,Sub,6,Champions League,2022/23,whoscored
83588,Josip Drmic,Josip Drmic,684,Dinamo Zagreb,Sub,18,Champions League,2022/23,whoscored
279305,Mahir Emreli,Mahir Emreli,684,Dinamo Zagreb,Sub,11,Champions League,2022/23,whoscored
363685,Danijel Zagorac,Danijel Zagorac,684,Dinamo Zagreb,Sub,1,Champions League,2022/23,whoscored
401801,Ivan Nevistic,Ivan Nevistic,684,Dinamo Zagreb,Sub,33,Champions League,2022/23,whoscored
401802,Daniel Stefulj,Daniel Stefulj,684,Dinamo Zagreb,Sub,3,Champions League,2022/23,whoscored
424365,Antonio Marin,Antonio Marin,684,Dinamo Zagreb,Sub,20,Champions League,2022/23,whoscored
425332,Marko Bulat,Marko Bulat,684,Dinamo Zagreb,Sub,31,Champions League,2022/23,whoscored
432956,Petar Bockaj,Petar Bockaj,684,Dinamo Zagreb,Sub,12,Champions League,2022/23,whoscored
69807,Kévin Théophile-Catherine,Kévin Théophile-Catherine,684,Dinamo Zagreb,Sub,28,Champions League,2022/23,whoscored
113880,Kepa Arrizabalaga,Kepa Arrizabalaga,15,Chelsea,GK,1,Champions League,2022/23,whoscored
373946,Wesley Fofana,Wesley Fofana,15,Chelsea,DC,33,Champions League,2022/23,whoscored
90880,Kalidou Koulibaly,Kalidou Koulibaly,15,Chelsea,DC,26,Champions League,2022/23,whoscored
25931,César Azpilicueta,César Azpilicueta,15,Chelsea,DC,28,Champions League,2022/23,whoscored
361330,Reece James,Reece James,15,Chelsea,DMR,24,Champions League,2022/23,whoscored
299272,Ben Chilwell,Ben Chilwell,15,Chelsea,DML,21,Champions League,2022/23,whoscored
93894,Mateo Kovacic,Mateo Kovacic,15,Chelsea,MC,8,Champions League,2022/23,whoscored
343346,Mason Mount,Mason Mount,15,Chelsea,MC,19,Champions League,2022/23,whoscored
326413,Kai Havertz,Kai Havertz,15,Chelsea,FWR,29,Champions League,2022/23,whoscored
44120,Pierre-Emerick Aubameyang,Pierre-Emerick Aubameyang,15,Chelsea,FW,9,Champions League,2022/23,whoscored
97692,Raheem Sterling,Raheem Sterling,15,Chelsea,FWL,17,Champions League,2022/23,whoscored
393407,Armando Broja,Armando Broja,15,Chelsea,Sub,18,Champions League,2022/23,whoscored
106968,Jorginho,Jorginho,15,Chelsea,Sub,5,Champions League,2022/23,whoscored
115868,Hakim Ziyech,Hakim Ziyech,15,Chelsea,Sub,22,Champions League,2022/23,whoscored
363496,Marc Cucurella,Marc Cucurella,15,Chelsea,Sub,32,Champions League,2022/23,whoscored
302692,Christian Pulisic,Christian Pulisic,15,Chelsea,Sub,10,Champions League,2022/23,whoscored
321390,Édouard Mendy,Édouard Mendy,15,Chelsea,Sub,16,Champions League,2022/23,whoscored
252419,Denis Zakaria,Denis Zakaria,15,Chelsea,Sub,20,Champions League,2022/23,whoscored
255777,Ruben Loftus-Cheek,Ruben Loftus-Cheek,15,Chelsea,Sub,12,Champions League,2022/23,whoscored
135768,Marcus Bettinelli,Marcus Bettinelli,15,Chelsea,Sub,13,Champions League,2022/23,whoscored
375621,Conor Gallagher,Conor Gallagher,15,Chelsea,Sub,23,Champions League,2022/23,whoscored
353292,Trevoh Chalobah,Trevoh Chalobah,15,Chelsea,Sub,14,Champions League,2022/23,whoscored
410639,Carney Chukwuemeka,Carney Chukwuemeka,15,Chelsea,Sub,30,Champions League,2022/23,whoscored
383689,Philipp Köhn,Philipp Köhn,361,Salzburg,GK,18,Champions League,2022/23,whoscored
418203,Amar Dedic,Amar Dedic,361,Salzburg,DR,70,Champions League,2022/23,whoscored
354072,Oumar Solet,Oumar Solet,361,Salzburg,DC,22,Champions League,2022/23,whoscored
383864,Strahinja Pavlovic,Strahinja Pavlovic,361,Salzburg,DC,31,Champions League,2022/23,whoscored
25032,Andreas Ulmer,Andreas Ulmer,361,Salzburg,DL,17,Champions League,2022/23,whoscored
369480,Nicolás Capaldo,Nicolás Capaldo,361,Salzburg,MC,7,Champions League,2022/23,whoscored
418587,Nicolas Seiwald,Nicolas Seiwald,361,Salzburg,MC,13,Champions League,2022/23,whoscored
424805,Maurits Kjærgaard,Maurits Kjærgaard,361,Salzburg,MC,14,Champions League,2022/23,whoscored
450281,Dijon Kameri,Dijon Kameri,361,Salzburg,AMC,8,Champions League,2022/23,whoscored
348068,Fernando,Fernando,361,Salzburg,FW,11,Champions League,2022/23,whoscored
376090,Noah Okafor,Noah Okafor,361,Salzburg,FW,77,Champions League,2022/23,whoscored
302588,Bernardo,Bernardo,361,Salzburg,Sub,95,Champions League,2022/23,whoscored
393137,Lucas Gourna-Douath,Lucas Gourna-Douath,361,Salzburg,Sub,27,Champions League,2022/23,whoscored
424191,Benjamin Sesko,Benjamin Sesko,361,Salzburg,Sub,30,Champions League,2022/23,whoscored
418590,Junior Adamu,Junior Adamu,361,Salzburg,Sub,9,Champions League,2022/23,whoscored
454321,Samson Baidoo,Samson Baidoo,361,Salzburg,Sub,6,Champions League,2022/23,whoscored
402849,Ignace Van der Brempt,Ignace Van der Brempt,361,Salzburg,Sub,2,Champions League,2022/23,whoscored
424367,Roko Simic,Roko Simic,361,Salzburg,Sub,23,Champions League,2022/23,whoscored
410520,Nico Mantl,Nico Mantl,361,Salzburg,Sub,1,Champions League,2022/23,whoscored
14295,Alexander Walke,Alexander Walke,361,Salzburg,Sub,33,Champions League,2022/23,whoscored
383676,Youba Diarra,Youba Diarra,361,Salzburg,Sub,24,Champions League,2022/23,whoscored
141646,Mike Maignan,Mike Maignan,80,AC Milan,GK,16,Champions League,2022/23,whoscored
260498,Davide Calabria,Davide Calabria,80,AC Milan,DR,2,Champions League,2022/23,whoscored
391836,Pierre Kalulu,Pierre Kalulu,80,AC Milan,DC,20,Champions League,2022/23,whoscored
317507,Fikayo Tomori,Fikayo Tomori,80,AC Milan,DC,23,Champions League,2022/23,whoscored
303115,Theo Hernández,Theo Hernández,80,AC Milan,DL,19,Champions League,2022/23,whoscored
259102,Ismaël Bennacer,Ismaël Bennacer,80,AC Milan,DMC,4,Champions League,2022/23,whoscored
343501,Sandro Tonali,Sandro Tonali,80,AC Milan,DMC,8,Champions League,2022/23,whoscored
365308,Alexis Saelemaekers,Alexis Saelemaekers,80,AC Milan,AMR,56,Champions League,2022/23,whoscored
386390,Charles De Ketelaere,Charles De Ketelaere,80,AC Milan,AMC,90,Champions League,2022/23,whoscored
349207,Rafael Leão,Rafael Leão,80,AC Milan,AML,17,Champions League,2022/23,whoscored
24444,Olivier Giroud,Olivier Giroud,80,AC Milan,FW,9,Champions League,2022/23,whoscored
124688,Divock Origi,Divock Origi,80,AC Milan,Sub,27,Champions League,2022/23,whoscored
401098,Junior Messias,Junior Messias,80,AC Milan,Sub,30,Champions League,2022/23,whoscored
402123,Tommaso Pobega,Tommaso Pobega,80,AC Milan,Sub,32,Champions League,2022/23,whoscored
317541,Brahim Díaz,Brahim Díaz,80,AC Milan,Sub,10,Champions League,2022/23,whoscored
379205,Sergiño Dest,Sergiño Dest,80,AC Milan,Sub,21,Champions League,2022/23,whoscored
20769,Simon Kjær,Simon Kjær,80,AC Milan,Sub,24,Champions League,2022/23,whoscored
404550,Andreas Jungdal,Andreas Jungdal,80,AC Milan,Sub,96,Champions League,2022/23,whoscored
337443,Matteo Gabbia,Matteo Gabbia,80,AC Milan,Sub,46,Champions League,2022/23,whoscored
17949,Antonio Mirante,Antonio Mirante,80,AC Milan,Sub,83,Champions League,2022/23,whoscored
328968,Fodé Ballo-Touré,Fodé Ballo-Touré,80,AC Milan,Sub,5,Champions League,2022/23,whoscored
407080,Luka Sucic,Luka Sucic,361,Salzburg,AMC,21,Champions League,2022/23,whoscored
301024,Max Wöber,Max Wöber,361,Salzburg,Sub,39,Champions League,2022/23,whoscored
377689,Sékou Koïta,Sékou Koïta,361,Salzburg,Sub,20,Champions League,2022/23,whoscored
412348,Kamil Piatkowski,Kamil Piatkowski,361,Salzburg,Sub,4,Champions League,2022/23,whoscored
76611,Emir Dilaver,Emir Dilaver,684,Dinamo Zagreb,Sub,66,Champions League,2022/23,whoscored
28550,Thiago Silva,Thiago Silva,15,Chelsea,DC,6,Champions League,2022/23,whoscored
32676,Ciprian Tatarusanu,Ciprian Tatarusanu,80,AC Milan,GK,1,Champions League,2022/23,whoscored
294163,Rade Krunic,Rade Krunic,80,AC Milan,AMR,33,Champions League,2022/23,whoscored
101735,Ante Rebic,Ante Rebic,80,AC Milan,Sub,12,Champions League,2022/23,whoscored
446877,Antonio Gala,Antonio Gala,80,AC Milan,Sub,88,Champions League,2022/23,whoscored
446878,Andrei Coubis,Andrei Coubis,80,AC Milan,Sub,93,Champions League,2022/23,whoscored
404187,Luka Menalo,Luka Menalo,684,Dinamo Zagreb,Sub,70,Champions League,2022/23,whoscored
430632,Lapo Nava,Lapo Nava,80,AC Milan,Sub,92,Champions League,2022/23,whoscored
143600,Lukas Klostermann,Lukas Klostermann,7614,RBL,DR,16,Champions League,2022/23,whoscored
39187,Ørjan Nyland,Ørjan Nyland,7614,RBL,Sub,13,Champions League,2022/23,whoscored
69778,Kyle Walker,Kyle Walker,167,Man City,AMR,2,Champions League,2022/23,whoscored
433972,Máximo Perrone,Máximo Perrone,167,Man City,Sub,32,Champions League,2022/23,whoscored
421238,Alex Robertson,Alex Robertson,167,Man City,Sub,93,Champions League,2022/23,whoscored
428060,Shea Charles,Shea Charles,167,Man City,Sub,62,Champions League,2022/23,whoscored
280210,Jack Hendry,Jack Hendry,124,Club Brugge,DC,5,Champions League,2022/23,whoscored
77176,Mats Rits,Mats Rits,124,Club Brugge,Sub,26,Champions League,2022/23,whoscored
381112,Josef Bursik,Josef Bursik,124,Club Brugge,Sub,21,Champions League,2022/23,whoscored
465388,João Neves,João Neves,299,Benfica,Sub,87,Champions League,2022/23,whoscored
247995,Gonçalo Guedes,Gonçalo Guedes,299,Benfica,Sub,15,Champions League,2022/23,whoscored
426271,Casper Tengstedt,Casper Tengstedt,299,Benfica,Sub,19,Champions League,2022/23,whoscored
424588,Andreas Schjelderup,Andreas Schjelderup,299,Benfica,Sub,21,Champions League,2022/23,whoscored
443612,André Gomes,André Gomes,299,Benfica,Sub,75,Champions League,2022/23,whoscored
404768,Samuel Soares,Samuel Soares,299,Benfica,Sub,24,Champions League,2022/23,whoscored
376916,Morato,Morato,299,Benfica,Sub,91,Champions League,2022/23,whoscored
476109,Cher Ndour,Cher Ndour,299,Benfica,Sub,73,Champions League,2022/23,whoscored
439582,Rafael Rodrigues,Rafael Rodrigues,299,Benfica,Sub,65,Champions League,2022/23,whoscored
476110,Chemsdine Talbi,Chemsdine Talbi,124,Club Brugge,Sub,68,Champions League,2022/23,whoscored
352825,Cody Gakpo,Cody Gakpo,26,Liverpool,FW,18,Champions League,2022/23,whoscored
243510,Naby Keïta,Naby Keïta,26,Liverpool,Sub,8,Champions League,2022/23,whoscored
84146,Alex Oxlade-Chamberlain,Alex Oxlade-Chamberlain,26,Liverpool,Sub,15,Champions League,2022/23,whoscored
471047,Mario Martín,Mario Martín,52,Real Madrid,Sub,31,Champions League,2022/23,whoscored
401782,Rhys Williams,Rhys Williams,26,Liverpool,Sub,46,Champions League,2022/23,whoscored
393355,Malick Thiaw,Malick Thiaw,80,AC Milan,DC,28,Champions League,2022/23,whoscored
323625,Arnaut Danjuma,Arnaut Danjuma,30,Tottenham,Sub,16,Champions League,2022/23,whoscored
328106,Alfie Whiteman,Alfie Whiteman,30,Tottenham,Sub,41,Champions League,2022/23,whoscored
409089,Alfie Devine,Alfie Devine,30,Tottenham,Sub,45,Champions League,2022/23,whoscored
101596,Alessandro Florenzi,Alessandro Florenzi,80,AC Milan,Sub,25,Champions League,2022/23,whoscored
400500,Aurélio Buta,Aurélio Buta,45,Eintracht Frankfurt,DMR,24,Champions League,2022/23,whoscored
142466,Philipp Max,Philipp Max,45,Eintracht Frankfurt,DML,32,Champions League,2022/23,whoscored
262262,Almamy Touré,Almamy Touré,45,Eintracht Frankfurt,Sub,18,Champions League,2022/23,whoscored
240990,Pierluigi Gollini,Pierluigi Gollini,276,Napoli,Sub,95,Champions League,2022/23,whoscored
84827,Bartosz Bereszynski,Bartosz Bereszynski,276,Napoli,Sub,19,Champions League,2022/23,whoscored
425934,Jannik Horz,Jannik Horz,45,Eintracht Frankfurt,Sub,47,Champions League,2022/23,whoscored
236544,Sébastien Haller,Sébastien Haller,44,Borussia Dortmund,FW,9,Champions League,2022/23,whoscored
320436,Julian Ryerson,Julian Ryerson,44,Borussia Dortmund,Sub,26,Champions League,2022/23,whoscored
436425,Jamie Gittens,Jamie Gittens,44,Borussia Dortmund,Sub,43,Champions League,2022/23,whoscored
135092,Mahmoud Dahoud,Mahmoud Dahoud,44,Borussia Dortmund,Sub,8,Champions League,2022/23,whoscored
424586,Lucas Bergström,Lucas Bergström,15,Chelsea,Sub,47,Champions League,2022/23,whoscored
430294,Lewis Hall,Lewis Hall,15,Chelsea,Sub,67,Champions League,2022/23,whoscored
439583,Vasco Sousa,Vasco Sousa,297,Porto,Sub,67,Champions League,2022/23,whoscored
399773,Timothée Pembélé,Timothée Pembélé,304,PSG,Sub,29,Champions League,2022/23,whoscored
35758,Yann Sommer,Yann Sommer,37,Bayern,GK,27,Champions League,2022/23,whoscored
104747,Bouna Sarr,Bouna Sarr,37,Bayern,Sub,20,Champions League,2022/23,whoscored
114075,N'Golo Kanté,N'Golo Kanté,15,Chelsea,MC,7,Champions League,2022/23,whoscored
479419,João Tomé,João Tomé,299,Benfica,Sub,71,Champions League,2022/23,whoscored
