whoscored_player_id,player_name,whoscored_team_id,team_name,position,shirt_no,season,competition,data_source
411677,Patrick Sequeira,9509,Casa Pia AC,GK,1,2025/26,Primeira Liga,whoscored
381509,Gaizka Larrazabal,9509,Casa Pia AC,DR,72,2025/26,Primeira Liga,whoscored
355639,Duplexe Tchamba,9509,Casa Pia AC,DC,2,2025/26,Primeira Liga,whoscored
19859,José Fonte,9509,Casa Pia AC,DC,6,2025/26,Primeira Liga,whoscored
425322,João Goulart,9509,Casa Pia AC,DC,4,2025/26,Primeira Liga,whoscored
515494,Fahem Benaïssa-Yahia,9509,Casa Pia AC,DL,12,2025/26,Primeira Liga,whoscored
300490,Jérémy Livolant,9509,Casa Pia AC,MR,29,2025/26,Primeira Liga,whoscored
389411,Yassin Oukili,9509,Casa Pia AC,MC,20,2025/26,Primeira Liga,whoscored
433586,Rafael Brito,9509,Casa Pia AC,MC,8,2025/26,Primeira Liga,whoscored
444286,Kelian Nsona,9509,Casa Pia AC,ML,7,2025/26,Primeira Liga,whoscored
119543,Cassiano,9509,Casa Pia AC,FW,90,2025/26,Primeira Liga,whoscored
558471,Renato Nhaga,9509,Casa Pia AC,Sub,74,2025/26,Primeira Liga,whoscored
142237,André Geraldes,9509,Casa Pia AC,Sub,18,2025/26,Primeira Liga,whoscored
430400,Miguel Sousa,9509,Casa Pia AC,Sub,14,2025/26,Primeira Liga,whoscored
444230,Max Svensson,9509,Casa Pia AC,Sub,9,2025/26,Primeira Liga,whoscored
551921,Korede Osundina,9509,Casa Pia AC,Sub,13,2025/26,Primeira Liga,whoscored
431018,Iyad Mohamed,9509,Casa Pia AC,Sub,24,2025/26,Primeira Liga,whoscored
514699,Daniel Azevedo,9509,Casa Pia AC,Sub,22,2025/26,Primeira Liga,whoscored
551938,Khaly,9509,Casa Pia AC,Sub,3,2025/26,Primeira Liga,whoscored
366432,Kaique Rocha,9509,Casa Pia AC,Sub,27,2025/26,Primeira Liga,whoscored
141833,Rui Silva,296,Sporting,GK,1,2025/26,Primeira Liga,whoscored
444257,Iván Fresneda,296,Sporting,DR,22,2025/26,Primeira Liga,whoscored
395992,Gonçalo Inácio,296,Sporting,DC,25,2025/26,Primeira Liga,whoscored
443663,Ousmane Diomande,296,Sporting,DC,26,2025/26,Primeira Liga,whoscored
460758,Maxi Araújo,296,Sporting,DL,20,2025/26,Primeira Liga,whoscored
403647,Morten Hjulmand,296,Sporting,DMC,42,2025/26,Primeira Liga,whoscored
409279,Hidemasa Morita,296,Sporting,DMC,5,2025/26,Primeira Liga,whoscored
425093,Geny Catamo,296,Sporting,AMR,10,2025/26,Primeira Liga,whoscored
368409,Trincão,296,Sporting,AMC,17,2025/26,Primeira Liga,whoscored
344378,Pote,296,Sporting,AML,8,2025/26,Primeira Liga,whoscored
402887,Luis Suárez,296,Sporting,FW,97,2025/26,Primeira Liga,whoscored
410633,Zeno Debast,296,Sporting,Sub,6,2025/26,Primeira Liga,whoscored
538807,Conrad Harder,296,Sporting,Sub,9,2025/26,Primeira Liga,whoscored
395346,Giorgi Kochorashvili,296,Sporting,Sub,14,2025/26,Primeira Liga,whoscored
509068,Geovany Quenda,296,Sporting,Sub,7,2025/26,Primeira Liga,whoscored
389108,Ricardo Mangas,296,Sporting,Sub,91,2025/26,Primeira Liga,whoscored
557549,Alisson Santos,296,Sporting,Sub,27,2025/26,Primeira Liga,whoscored
439734,Georgios Vagiannidis,296,Sporting,Sub,13,2025/26,Primeira Liga,whoscored
362852,João Virgínia,296,Sporting,Sub,12,2025/26,Primeira Liga,whoscored
394932,Eduardo Quaresma,296,Sporting,Sub,72,2025/26,Primeira Liga,whoscored
415682,Lukás Hornícek,288,Braga,GK,1,2025/26,Primeira Liga,whoscored
331609,Vítor Carvalho,288,Braga,DR,6,2025/26,Primeira Liga,whoscored
397464,Bright Arrey-Mbi,288,Braga,DC,26,2025/26,Primeira Liga,whoscored
83475,Paulo Oliveira,288,Braga,DC,15,2025/26,Primeira Liga,whoscored
444766,Leonardo Lelo,288,Braga,DL,5,2025/26,Primeira Liga,whoscored
422007,Roger Fernandes,288,Braga,MR,7,2025/26,Primeira Liga,whoscored
423976,Jean-Baptiste Gorby,288,Braga,MC,29,2025/26,Primeira Liga,whoscored
549606,Diego Rodrigues,288,Braga,MC,50,2025/26,Primeira Liga,whoscored
413187,Ismaël Gharbi,288,Braga,ML,11,2025/26,Primeira Liga,whoscored
511493,Amine El Ouazzani,288,Braga,FW,9,2025/26,Primeira Liga,whoscored
444243,Pau Víctor,288,Braga,FW,18,2025/26,Primeira Liga,whoscored
553351,Sandro Vidigal,288,Braga,Sub,95,2025/26,Primeira Liga,whoscored
127130,Ricardo Horta,288,Braga,Sub,21,2025/26,Primeira Liga,whoscored
384566,Víctor Gómez,288,Braga,Sub,2,2025/26,Primeira Liga,whoscored
428096,Gustaf Lagerbielke,288,Braga,Sub,14,2025/26,Primeira Liga,whoscored
551607,Mario Dorgeles,288,Braga,Sub,20,2025/26,Primeira Liga,whoscored
422882,Sikou Niakaté,288,Braga,Sub,4,2025/26,Primeira Liga,whoscored
430870,Alaa Bellaarouch,288,Braga,Sub,36,2025/26,Primeira Liga,whoscored
369398,Fran Navarro,288,Braga,Sub,39,2025/26,Primeira Liga,whoscored
401251,Rodrigo Zalazar,288,Braga,Sub,10,2025/26,Primeira Liga,whoscored
437725,Bernardo Fontes,8071,Tondela,GK,31,2025/26,Primeira Liga,whoscored
450126,Tiago Manso,8071,Tondela,DR,48,2025/26,Primeira Liga,whoscored
570760,Brayan Medina,8071,Tondela,DC,20,2025/26,Primeira Liga,whoscored
234374,João Afonso,8071,Tondela,DC,5,2025/26,Primeira Liga,whoscored
429152,Emmanuel Maviram,8071,Tondela,DL,60,2025/26,Primeira Liga,whoscored
330667,Cícero,8071,Tondela,DMC,97,2025/26,Primeira Liga,whoscored
322688,Hélder Tavares,8071,Tondela,DMC,8,2025/26,Primeira Liga,whoscored
518043,Yarlen,8071,Tondela,AMR,67,2025/26,Primeira Liga,whoscored
443578,Joe Hodge,8071,Tondela,AMC,10,2025/26,Primeira Liga,whoscored
565855,Pedro Maranhão,8071,Tondela,AML,7,2025/26,Primeira Liga,whoscored
492880,Miro,8071,Tondela,FW,9,2025/26,Primeira Liga,whoscored
482754,Afonso Rodrigues,8071,Tondela,Sub,19,2025/26,Primeira Liga,whoscored
526575,Xabi Huarte,8071,Tondela,Sub,14,2025/26,Primeira Liga,whoscored
520930,Juanse,8071,Tondela,Sub,32,2025/26,Primeira Liga,whoscored
450410,Moudjatovic Ouattara,8071,Tondela,Sub,70,2025/26,Primeira Liga,whoscored
572373,Yefrei Rodriguez,8071,Tondela,Sub,11,2025/26,Primeira Liga,whoscored
342768,Bebeto,8071,Tondela,Sub,2,2025/26,Primeira Liga,whoscored
397328,Christian Marques,8071,Tondela,Sub,4,2025/26,Primeira Liga,whoscored
565853,André Ceitil,8071,Tondela,Sub,6,2025/26,Primeira Liga,whoscored
394923,Gabriel Souza,8071,Tondela,Sub,1,2025/26,Primeira Liga,whoscored
369877,Anatoliy Trubin,299,Benfica,GK,1,2025/26,Primeira Liga,whoscored
418203,Amar Dedic,299,Benfica,DR,17,2025/26,Primeira Liga,whoscored
75691,Nicolás Otamendi,299,Benfica,DC,30,2025/26,Primeira Liga,whoscored
443613,António Silva,299,Benfica,DC,4,2025/26,Primeira Liga,whoscored
509647,Samuel Dahl,299,Benfica,DL,26,2025/26,Primeira Liga,whoscored
456787,Enzo Barrenechea,299,Benfica,MC,5,2025/26,Primeira Liga,whoscored
402213,Richard Ríos,299,Benfica,MC,20,2025/26,Primeira Liga,whoscored
404104,Heorhii Sudakov,299,Benfica,MC,10,2025/26,Primeira Liga,whoscored
303544,Fredrik Aursnes,299,Benfica,FWR,8,2025/26,Primeira Liga,whoscored
330514,Vangelis Pavlidis,299,Benfica,FW,14,2025/26,Primeira Liga,whoscored
499993,Franjo Ivanovic,299,Benfica,FWL,9,2025/26,Primeira Liga,whoscored
299490,Dodi Lukébakio,299,Benfica,Sub,11,2025/26,Primeira Liga,whoscored
363038,Leandro Barreiro,299,Benfica,Sub,18,2025/26,Primeira Liga,whoscored
424588,Andreas Schjelderup,299,Benfica,Sub,21,2025/26,Primeira Liga,whoscored
424769,Henrique Araújo,299,Benfica,Sub,39,2025/26,Primeira Liga,whoscored
438274,Gianluca Prestianni,299,Benfica,Sub,25,2025/26,Primeira Liga,whoscored
404768,Samuel Soares,299,Benfica,Sub,24,2025/26,Primeira Liga,whoscored
559143,João Veloso,299,Benfica,Sub,68,2025/26,Primeira Liga,whoscored
396188,Rafa Obrador,299,Benfica,Sub,3,2025/26,Primeira Liga,whoscored
426502,Tomás Araújo,299,Benfica,Sub,44,2025/26,Primeira Liga,whoscored
423277,Cezary Pawet Miszta,121,Rio Ave,GK,1,2025/26,Primeira Liga,whoscored
513082,Francisco Petrasso,121,Rio Ave,DC,23,2025/26,Primeira Liga,whoscored
75479,Jakub Brabec,121,Rio Ave,DC,32,2025/26,Primeira Liga,whoscored
365641,Jonathan Panzo,121,Rio Ave,DC,4,2025/26,Primeira Liga,whoscored
362651,Marios Vrousai,121,Rio Ave,DMR,17,2025/26,Primeira Liga,whoscored
342489,Omar Richards,121,Rio Ave,DML,77,2025/26,Primeira Liga,whoscored
447270,Brandon Aguilera,121,Rio Ave,MC,10,2025/26,Primeira Liga,whoscored
455855,Andreas Ntoi,121,Rio Ave,MC,5,2025/26,Primeira Liga,whoscored
444274,Olé Pohlmann,121,Rio Ave,FWR,80,2025/26,Primeira Liga,whoscored
451874,Marc Gual,121,Rio Ave,FW,28,2025/26,Primeira Liga,whoscored
412334,Dario Spikic,121,Rio Ave,FWL,18,2025/26,Primeira Liga,whoscored
426545,André Luiz,121,Rio Ave,Sub,11,2025/26,Primeira Liga,whoscored
569764,Nikolaos Athanasiou,121,Rio Ave,Sub,3,2025/26,Primeira Liga,whoscored
538263,Tamás Nikitscher,121,Rio Ave,Sub,44,2025/26,Primeira Liga,whoscored
436559,Clayton,121,Rio Ave,Sub,9,2025/26,Primeira Liga,whoscored
577706,Georgios Liavas,121,Rio Ave,Sub,54,2025/26,Primeira Liga,whoscored
476808,Kevin Chamorro,121,Rio Ave,Sub,22,2025/26,Primeira Liga,whoscored
518913,Eric da Silva Moreira,121,Rio Ave,Sub,2,2025/26,Primeira Liga,whoscored
143635,João Graça,121,Rio Ave,Sub,21,2025/26,Primeira Liga,whoscored
399472,Nelson Abbey,121,Rio Ave,Sub,6,2025/26,Primeira Liga,whoscored
368960,João Valido,5948,Arouca,GK,1,2025/26,Primeira Liga,whoscored
338361,Alex Pinto,5948,Arouca,DR,78,2025/26,Primeira Liga,whoscored
420028,Boris Popovic,5948,Arouca,DC,5,2025/26,Primeira Liga,whoscored
395424,José Fontán,5948,Arouca,DC,3,2025/26,Primeira Liga,whoscored
444225,Arnau Solà,5948,Arouca,DL,16,2025/26,Primeira Liga,whoscored
502333,Taichi Fukui,5948,Arouca,DMC,21,2025/26,Primeira Liga,whoscored
468164,Pedro Santos,5948,Arouca,DMC,89,2025/26,Primeira Liga,whoscored
446330,Alfonso Trezza,5948,Arouca,AMR,19,2025/26,Primeira Liga,whoscored
494171,Lee Hyun-Ju,5948,Arouca,AMC,14,2025/26,Primeira Liga,whoscored
363975,Naïs Djouahra,5948,Arouca,AML,7,2025/26,Primeira Liga,whoscored
549790,Dylan Nandín,5948,Arouca,FW,23,2025/26,Primeira Liga,whoscored
423283,Amadou Dante,5948,Arouca,Sub,44,2025/26,Primeira Liga,whoscored
36712,David Simão,5948,Arouca,Sub,8,2025/26,Primeira Liga,whoscored
448477,Miguel Puche,5948,Arouca,Sub,11,2025/26,Primeira Liga,whoscored
534332,Mateo Flores,5948,Arouca,Sub,46,2025/26,Primeira Liga,whoscored
446392,Brian Mansilla,5948,Arouca,Sub,24,2025/26,Primeira Liga,whoscored
410520,Nico Mantl,5948,Arouca,Sub,58,2025/26,Primeira Liga,whoscored
383609,Tiago Esgaio,5948,Arouca,Sub,28,2025/26,Primeira Liga,whoscored
336284,Mamadou Loum,5948,Arouca,Sub,6,2025/26,Primeira Liga,whoscored
422821,Barbero,5948,Arouca,Sub,17,2025/26,Primeira Liga,whoscored
380687,Simão,2343,AVS Futebol SAD,GK,93,2025/26,Primeira Liga,whoscored
535027,Edson Mucuana,2343,AVS Futebol SAD,DR,50,2025/26,Primeira Liga,whoscored
125953,Aderllan Santos,2343,AVS Futebol SAD,DC,33,2025/26,Primeira Liga,whoscored
400989,Cristian Devenish,2343,AVS Futebol SAD,DC,42,2025/26,Primeira Liga,whoscored
129360,Kiki,2343,AVS Futebol SAD,DL,24,2025/26,Primeira Liga,whoscored
401183,Jaume Grau,2343,AVS Futebol SAD,DMC,15,2025/26,Primeira Liga,whoscored
429468,Ángel Algobia,2343,AVS Futebol SAD,DMC,27,2025/26,Primeira Liga,whoscored
480241,Tunde Akinsola,2343,AVS Futebol SAD,AMR,11,2025/26,Primeira Liga,whoscored
445650,Pedro Lima,2343,AVS Futebol SAD,AMC,8,2025/26,Primeira Liga,whoscored
354410,Rafael Barbosa,2343,AVS Futebol SAD,AML,10,2025/26,Primeira Liga,whoscored
449328,Jordi Escobar,2343,AVS Futebol SAD,FW,9,2025/26,Primeira Liga,whoscored
27489,Nenê,2343,AVS Futebol SAD,Sub,18,2025/26,Primeira Liga,whoscored
569514,Guilherme Neiva,2343,AVS Futebol SAD,Sub,21,2025/26,Primeira Liga,whoscored
448935,Diego Duarte,2343,AVS Futebol SAD,Sub,20,2025/26,Primeira Liga,whoscored
527665,Gustavo Mendonça,2343,AVS Futebol SAD,Sub,23,2025/26,Primeira Liga,whoscored
551114,Tiago Galletto,2343,AVS Futebol SAD,Sub,19,2025/26,Primeira Liga,whoscored
380734,João Gonçalves,2343,AVS Futebol SAD,Sub,99,2025/26,Primeira Liga,whoscored
322763,Pedro Trigueira,2343,AVS Futebol SAD,Sub,88,2025/26,Primeira Liga,whoscored
576812,Antonio Machado,2343,AVS Futebol SAD,Sub,77,2025/26,Primeira Liga,whoscored
81681,Joel Robles,2188,Estoril,GK,1,2025/26,Primeira Liga,whoscored
534281,Felix Bacher,2188,Estoril,DC,25,2025/26,Primeira Liga,whoscored
401109,Kévin Boma,2188,Estoril,DC,44,2025/26,Primeira Liga,whoscored
381521,Pedro Amaral,2188,Estoril,DC,24,2025/26,Primeira Liga,whoscored
534557,Pedro Carvalho,2188,Estoril,DMR,22,2025/26,Primeira Liga,whoscored
554936,Tiago Parente,2188,Estoril,DML,55,2025/26,Primeira Liga,whoscored
477054,Nodar Lominadze,2188,Estoril,MC,7,2025/26,Primeira Liga,whoscored
408941,Jordan Holsgrove,2188,Estoril,MC,10,2025/26,Primeira Liga,whoscored
357533,Rafik Guitane,2188,Estoril,FWR,99,2025/26,Primeira Liga,whoscored
447467,Yanis Begraoui,2188,Estoril,FW,14,2025/26,Primeira Liga,whoscored
255151,João Carvalho,2188,Estoril,FWL,12,2025/26,Primeira Liga,whoscored
397850,Patrick de Paula,2188,Estoril,Sub,45,2025/26,Primeira Liga,whoscored
496967,Fabrício Garcia,2188,Estoril,Sub,17,2025/26,Primeira Liga,whoscored
515727,André Lacximicant,2188,Estoril,Sub,19,2025/26,Primeira Liga,whoscored
478981,Tiago Brito,2188,Estoril,Sub,90,2025/26,Primeira Liga,whoscored
81928,Pizzi,2188,Estoril,Sub,21,2025/26,Primeira Liga,whoscored
411017,Alejandro Marqués,2188,Estoril,Sub,9,2025/26,Primeira Liga,whoscored
404876,Martin Turk,2188,Estoril,Sub,16,2025/26,Primeira Liga,whoscored
575595,Diogo Brasido,2188,Estoril,Sub,5,2025/26,Primeira Liga,whoscored
577185,Longin Bimai,2188,Estoril,Sub,57,2025/26,Primeira Liga,whoscored
78875,Renan Ribeiro,28635,Estrela da Amadora,GK,40,2025/26,Primeira Liga,whoscored
389176,Luan Patrick,28635,Estrela da Amadora,DC,30,2025/26,Primeira Liga,whoscored
478402,Bernardo Schappo,28635,Estrela da Amadora,DC,14,2025/26,Primeira Liga,whoscored
426304,Atanas Chernev,28635,Estrela da Amadora,DC,79,2025/26,Primeira Liga,whoscored
505284,Sidny Cabral,28635,Estrela da Amadora,DMR,55,2025/26,Primeira Liga,whoscored
384385,Nilton Varela,28635,Estrela da Amadora,DML,25,2025/26,Primeira Liga,whoscored
531764,Paulo Moreira,28635,Estrela da Amadora,MC,19,2025/26,Primeira Liga,whoscored
570328,Robinho,28635,Estrela da Amadora,MC,8,2025/26,Primeira Liga,whoscored
361964,Jovane Cabral,28635,Estrela da Amadora,AMC,11,2025/26,Primeira Liga,whoscored
577186,Gastão,28635,Estrela da Amadora,AMC,89,2025/26,Primeira Liga,whoscored
425442,Alan Godoy,28635,Estrela da Amadora,FW,13,2025/26,Primeira Liga,whoscored
291652,Rodrigo Pinho,28635,Estrela da Amadora,Sub,9,2025/26,Primeira Liga,whoscored
425384,Abraham Marcus,28635,Estrela da Amadora,Sub,99,2025/26,Primeira Liga,whoscored
520756,Guilherme Montóia,28635,Estrela da Amadora,Sub,21,2025/26,Primeira Liga,whoscored
569683,João Resende,28635,Estrela da Amadora,Sub,26,2025/26,Primeira Liga,whoscored
453618,Ianis Stoica,28635,Estrela da Amadora,Sub,10,2025/26,Primeira Liga,whoscored
362534,Kikas,28635,Estrela da Amadora,Sub,98,2025/26,Primeira Liga,whoscored
480144,Diogo Pinto,28635,Estrela da Amadora,Sub,1,2025/26,Primeira Liga,whoscored
551218,Alex Sola,28635,Estrela da Amadora,Sub,63,2025/26,Primeira Liga,whoscored
552151,Semeu Commey,28635,Estrela da Amadora,Sub,4,2025/26,Primeira Liga,whoscored
342710,Caio Secco,108,Moreirense,GK,22,2025/26,Primeira Liga,whoscored
430434,Dinis Pinto,108,Moreirense,DR,76,2025/26,Primeira Liga,whoscored
121767,Marcelo,108,Moreirense,DC,44,2025/26,Primeira Liga,whoscored
380682,Maracás,108,Moreirense,DC,26,2025/26,Primeira Liga,whoscored
568735,Kiko,108,Moreirense,DL,27,2025/26,Primeira Liga,whoscored
369715,Lawrence Ofori,108,Moreirense,DMC,80,2025/26,Primeira Liga,whoscored
531074,Mateja Stjepanovic,108,Moreirense,DMC,8,2025/26,Primeira Liga,whoscored
463904,Cedric Teguia,108,Moreirense,AMR,7,2025/26,Primeira Liga,whoscored
349491,Alan,108,Moreirense,AMC,11,2025/26,Primeira Liga,whoscored
421843,Kiko Bondoso,108,Moreirense,AML,10,2025/26,Primeira Liga,whoscored
328509,Guilherme Schettine,108,Moreirense,FW,95,2025/26,Primeira Liga,whoscored
380684,Benny,108,Moreirense,Sub,20,2025/26,Primeira Liga,whoscored
541756,Álvaro Martínez,108,Moreirense,Sub,17,2025/26,Primeira Liga,whoscored
456625,Rodri Alonso,108,Moreirense,Sub,21,2025/26,Primeira Liga,whoscored
552152,Maranhão,108,Moreirense,Sub,99,2025/26,Primeira Liga,whoscored
492184,Gilberto Batista,108,Moreirense,Sub,66,2025/26,Primeira Liga,whoscored
550482,Afonso Assis,108,Moreirense,Sub,25,2025/26,Primeira Liga,whoscored
83601,Mika,108,Moreirense,Sub,16,2025/26,Primeira Liga,whoscored
364187,André Ferreira,108,Moreirense,Sub,13,2025/26,Primeira Liga,whoscored
506009,Joel Jorquera,108,Moreirense,Sub,19,2025/26,Primeira Liga,whoscored
443612,André Gomes,291,Alverca,GK,13,2025/26,Primeira Liga,whoscored
429471,Kaiky Naves,291,Alverca,DC,4,2025/26,Primeira Liga,whoscored
496917,Bastien Meupiyou,291,Alverca,DC,33,2025/26,Primeira Liga,whoscored
486736,Steven Baseya,291,Alverca,DC,14,2025/26,Primeira Liga,whoscored
421842,Gonçalo Esteves,291,Alverca,DMR,22,2025/26,Primeira Liga,whoscored
547558,Isaac James,291,Alverca,DML,12,2025/26,Primeira Liga,whoscored
430503,Tomás Mendes,291,Alverca,MC,16,2025/26,Primeira Liga,whoscored
472895,Alex Amorim,291,Alverca,MC,8,2025/26,Primeira Liga,whoscored
568729,Cédric Nuozzi,291,Alverca,FWR,11,2025/26,Primeira Liga,whoscored
444226,Marezi,291,Alverca,FW,9,2025/26,Primeira Liga,whoscored
421894,Chiquinho,291,Alverca,FWL,10,2025/26,Primeira Liga,whoscored
136245,Sandro Lima,291,Alverca,Sub,91,2025/26,Primeira Liga,whoscored
398392,Stéphane Diarra,291,Alverca,Sub,25,2025/26,Primeira Liga,whoscored
408415,Sabit Abdulai,291,Alverca,Sub,21,2025/26,Primeira Liga,whoscored
568730,Tiago Leite,291,Alverca,Sub,19,2025/26,Primeira Liga,whoscored
449412,Nabil Touaizi,291,Alverca,Sub,2,2025/26,Primeira Liga,whoscored
445879,Gian Cabezas,291,Alverca,Sub,28,2025/26,Primeira Liga,whoscored
565846,Diogo Martins,291,Alverca,Sub,88,2025/26,Primeira Liga,whoscored
401784,André Paulo,291,Alverca,Sub,23,2025/26,Primeira Liga,whoscored
445645,Talisca,291,Alverca,Sub,34,2025/26,Primeira Liga,whoscored
317680,Lucas França,936,Nacional,GK,37,2025/26,Primeira Liga,whoscored
121722,João Aurélio,936,Nacional,DR,2,2025/26,Primeira Liga,whoscored
318458,Léo Santos,936,Nacional,DC,34,2025/26,Primeira Liga,whoscored
377096,Ulisses,936,Nacional,DC,4,2025/26,Primeira Liga,whoscored
531757,José Gomes,936,Nacional,DL,5,2025/26,Primeira Liga,whoscored
441422,Matheus Dias,936,Nacional,MC,6,2025/26,Primeira Liga,whoscored
380781,Filipe Soares,936,Nacional,MC,22,2025/26,Primeira Liga,whoscored
349213,Liziero,936,Nacional,MC,28,2025/26,Primeira Liga,whoscored
345701,Paulinho Bóia,936,Nacional,FWR,11,2025/26,Primeira Liga,whoscored
444682,Chuchu Ramírez,936,Nacional,FW,9,2025/26,Primeira Liga,whoscored
259351,Witi,936,Nacional,FWL,7,2025/26,Primeira Liga,whoscored
467291,Lenny Vallier,936,Nacional,Sub,24,2025/26,Primeira Liga,whoscored
123872,André Sousa,936,Nacional,Sub,18,2025/26,Primeira Liga,whoscored
444820,Joel Silva,936,Nacional,Sub,26,2025/26,Primeira Liga,whoscored
445697,Alan Núñez,936,Nacional,Sub,16,2025/26,Primeira Liga,whoscored
121729,Jota,936,Nacional,Sub,20,2025/26,Primeira Liga,whoscored
531761,Martim Watts,936,Nacional,Sub,30,2025/26,Primeira Liga,whoscored
531760,Francisco Gonçalves,936,Nacional,Sub,33,2025/26,Primeira Liga,whoscored
506532,Josué Souza,936,Nacional,Sub,48,2025/26,Primeira Liga,whoscored
429473,Kaique,936,Nacional,Sub,1,2025/26,Primeira Liga,whoscored
362746,Andrew,290,Gil Vicente,GK,42,2025/26,Primeira Liga,whoscored
482520,Hevertton Santos,290,Gil Vicente,DR,20,2025/26,Primeira Liga,whoscored
86223,Jonathan Buatu,290,Gil Vicente,DC,39,2025/26,Primeira Liga,whoscored
412904,Marvin Elimbi,290,Gil Vicente,DC,4,2025/26,Primeira Liga,whoscored
331567,Ghislain Konan,290,Gil Vicente,DL,3,2025/26,Primeira Liga,whoscored
404900,Facundo Cáseres,290,Gil Vicente,DMC,5,2025/26,Primeira Liga,whoscored
538545,Mohamed Bamba,290,Gil Vicente,DMC,8,2025/26,Primeira Liga,whoscored
381582,Sergio Bermejo,290,Gil Vicente,AMR,17,2025/26,Primeira Liga,whoscored
409025,Luís Esteves,290,Gil Vicente,AMC,10,2025/26,Primeira Liga,whoscored
468982,Martín Fernández,290,Gil Vicente,AML,32,2025/26,Primeira Liga,whoscored
409654,Pablo,290,Gil Vicente,FW,9,2025/26,Primeira Liga,whoscored
527501,Gustavo Varela,290,Gil Vicente,Sub,89,2025/26,Primeira Liga,whoscored
561161,Rodrigo Rodrigues,290,Gil Vicente,Sub,80,2025/26,Primeira Liga,whoscored
404281,Zé Carlos I,290,Gil Vicente,Sub,2,2025/26,Primeira Liga,whoscored
444234,Santi García,290,Gil Vicente,Sub,95,2025/26,Primeira Liga,whoscored
435125,Zé Carlos II,290,Gil Vicente,Sub,6,2025/26,Primeira Liga,whoscored
535869,Gui Beleza,290,Gil Vicente,Sub,16,2025/26,Primeira Liga,whoscored
331191,Daniel Figueira,290,Gil Vicente,Sub,99,2025/26,Primeira Liga,whoscored
463962,Antonio Espigares,290,Gil Vicente,Sub,48,2025/26,Primeira Liga,whoscored
570001,Agustín Moreira,290,Gil Vicente,Sub,27,2025/26,Primeira Liga,whoscored
427580,Lazar Carevic,935,Famalicao,GK,25,2025/26,Primeira Liga,whoscored
495270,Rodrigo Pinheiro,935,Famalicao,DR,17,2025/26,Primeira Liga,whoscored
397571,Léo Realpe,935,Famalicao,DC,3,2025/26,Primeira Liga,whoscored
372634,Justin de Haas,935,Famalicao,DC,16,2025/26,Primeira Liga,whoscored
302664,Rafa Soares,935,Famalicao,DL,5,2025/26,Primeira Liga,whoscored
511406,Mathias de Amorim,935,Famalicao,DMC,14,2025/26,Primeira Liga,whoscored
343437,Tom van de Looi,935,Famalicao,DMC,6,2025/26,Primeira Liga,whoscored
299375,Gil Dias,935,Famalicao,AMR,23,2025/26,Primeira Liga,whoscored
449369,Gustavo Sá,935,Famalicao,AMC,20,2025/26,Primeira Liga,whoscored
416792,Sorriso,935,Famalicao,AML,7,2025/26,Primeira Liga,whoscored
443487,Simon Elisor,935,Famalicao,FW,12,2025/26,Primeira Liga,whoscored
477058,Otar Mamageishvili,935,Famalicao,Sub,15,2025/26,Primeira Liga,whoscored
499616,Pedro Santos,935,Famalicao,Sub,80,2025/26,Primeira Liga,whoscored
556480,Roméo Beney,935,Famalicao,Sub,18,2025/26,Primeira Liga,whoscored
538158,Yassir Zabiri,935,Famalicao,Sub,21,2025/26,Primeira Liga,whoscored
470423,Pedro Bondo,935,Famalicao,Sub,28,2025/26,Primeira Liga,whoscored
570114,Umar Abubakar,935,Famalicao,Sub,9,2025/26,Primeira Liga,whoscored
369464,Ivan Zlobin,935,Famalicao,Sub,1,2025/26,Primeira Liga,whoscored
511702,Ibrahima Ba,935,Famalicao,Sub,55,2025/26,Primeira Liga,whoscored
481815,Marcos Peña,935,Famalicao,Sub,8,2025/26,Primeira Liga,whoscored
337629,Gabriel Batista,251,Santa Clara,GK,1,2025/26,Primeira Liga,whoscored
531767,Sidney Lima,251,Santa Clara,DC,23,2025/26,Primeira Liga,whoscored
127129,Frederico Venâncio,251,Santa Clara,DC,21,2025/26,Primeira Liga,whoscored
322847,Luís Rocha,251,Santa Clara,DC,13,2025/26,Primeira Liga,whoscored
504427,Edney,251,Santa Clara,DMR,22,2025/26,Primeira Liga,whoscored
447246,Matheus Pereira,251,Santa Clara,DML,3,2025/26,Primeira Liga,whoscored
531769,Serginho,251,Santa Clara,MC,35,2025/26,Primeira Liga,whoscored
378828,Adriano Firmino,251,Santa Clara,MC,6,2025/26,Primeira Liga,whoscored
386269,Vinícius Lopes,251,Santa Clara,FWR,70,2025/26,Primeira Liga,whoscored
358674,Wendel,251,Santa Clara,FW,29,2025/26,Primeira Liga,whoscored
397849,Gabriel Silva,251,Santa Clara,FWL,10,2025/26,Primeira Liga,whoscored
418749,Paulo Victor,251,Santa Clara,Sub,64,2025/26,Primeira Liga,whoscored
426547,Elias Manoel,251,Santa Clara,Sub,7,2025/26,Primeira Liga,whoscored
531768,Pedro Ferreira,251,Santa Clara,Sub,8,2025/26,Primeira Liga,whoscored
531770,João Costa,251,Santa Clara,Sub,17,2025/26,Primeira Liga,whoscored
451235,MT,251,Santa Clara,Sub,32,2025/26,Primeira Liga,whoscored
315743,Pedro Pacheco,251,Santa Clara,Sub,4,2025/26,Primeira Liga,whoscored
532202,Henrique Pereira,251,Santa Clara,Sub,77,2025/26,Primeira Liga,whoscored
534947,Neneca,251,Santa Clara,Sub,12,2025/26,Primeira Liga,whoscored
507759,Brenner,251,Santa Clara,Sub,11,2025/26,Primeira Liga,whoscored
373842,Diogo Costa,297,Porto,GK,99,2025/26,Primeira Liga,whoscored
447233,Alberto Costa,297,Porto,DR,20,2025/26,Primeira Liga,whoscored
349178,Nehuén Pérez,297,Porto,DC,18,2025/26,Primeira Liga,whoscored
136742,Jan Bednarek,297,Porto,DC,5,2025/26,Primeira Liga,whoscored
506630,Martim Fernandes,297,Porto,DL,52,2025/26,Primeira Liga,whoscored
406347,Alan Varela,297,Porto,MC,22,2025/26,Primeira Liga,whoscored
504208,Victor Froholdt,297,Porto,MC,8,2025/26,Primeira Liga,whoscored
399953,Gabri Veiga,297,Porto,MC,10,2025/26,Primeira Liga,whoscored
338791,Pepê,297,Porto,FWR,11,2025/26,Primeira Liga,whoscored
497564,Samu Aghehowa,297,Porto,FW,9,2025/26,Primeira Liga,whoscored
381714,Borja Sainz,297,Porto,FWL,17,2025/26,Primeira Liga,whoscored
509471,William Gomes,297,Porto,Sub,7,2025/26,Primeira Liga,whoscored
351744,Stephen Eustaquio,297,Porto,Sub,6,2025/26,Primeira Liga,whoscored
519979,Dominik Prpic,297,Porto,Sub,21,2025/26,Primeira Liga,whoscored
68585,Luuk de Jong,297,Porto,Sub,26,2025/26,Primeira Liga,whoscored
381717,Zaidu Sanusi,297,Porto,Sub,12,2025/26,Primeira Liga,whoscored
322683,Cláudio Ramos,297,Porto,Sub,14,2025/26,Primeira Liga,whoscored
532725,Rodrigo Mora,297,Porto,Sub,86,2025/26,Primeira Liga,whoscored
450142,Zé Pedro,297,Porto,Sub,3,2025/26,Primeira Liga,whoscored
528450,Deniz Gül,297,Porto,Sub,27,2025/26,Primeira Liga,whoscored
280347,Charles,107,Vitoria de Guimaraes,GK,27,2025/26,Primeira Liga,whoscored
431674,Miguel Maga,107,Vitoria de Guimaraes,DR,2,2025/26,Primeira Liga,whoscored
361908,Toni Borevkovic,107,Vitoria de Guimaraes,DC,24,2025/26,Primeira Liga,whoscored
444574,Miguel Nóbrega,107,Vitoria de Guimaraes,DC,3,2025/26,Primeira Liga,whoscored
431416,João Mendes,107,Vitoria de Guimaraes,DL,13,2025/26,Primeira Liga,whoscored
551115,Vando Félix,107,Vitoria de Guimaraes,MR,21,2025/26,Primeira Liga,whoscored
135638,Tiago Silva,107,Vitoria de Guimaraes,MC,10,2025/26,Primeira Liga,whoscored
422205,Tomás Händel,107,Vitoria de Guimaraes,MC,8,2025/26,Primeira Liga,whoscored
568342,Oumar Camara,107,Vitoria de Guimaraes,ML,19,2025/26,Primeira Liga,whoscored
384889,Nuno Santos,107,Vitoria de Guimaraes,AMC,77,2025/26,Primeira Liga,whoscored
531762,Gustavo Silva,107,Vitoria de Guimaraes,FW,11,2025/26,Primeira Liga,whoscored
395962,Telmo Arcanjo,107,Vitoria de Guimaraes,Sub,18,2025/26,Primeira Liga,whoscored
68855,Nélson Oliveira,107,Vitoria de Guimaraes,Sub,7,2025/26,Primeira Liga,whoscored
485557,Alioune Ndoye,107,Vitoria de Guimaraes,Sub,90,2025/26,Primeira Liga,whoscored
409410,Orest Lebedenko,107,Vitoria de Guimaraes,Sub,17,2025/26,Primeira Liga,whoscored
568340,Juan Castillo,107,Vitoria de Guimaraes,Sub,25,2025/26,Primeira Liga,whoscored
497764,Diogo Sousa,107,Vitoria de Guimaraes,Sub,23,2025/26,Primeira Liga,whoscored
450597,Fabio Blanco,107,Vitoria de Guimaraes,Sub,22,2025/26,Primeira Liga,whoscored
472325,Beni,107,Vitoria de Guimaraes,Sub,16,2025/26,Primeira Liga,whoscored
531288,Paulo Vitor,107,Vitoria de Guimaraes,Sub,5,2025/26,Primeira Liga,whoscored
392548,Guillem Molina,2343,AVS Futebol SAD,DR,5,2025/26,Primeira Liga,whoscored
430435,Kobamelo Kodisang,2343,AVS Futebol SAD,Sub,16,2025/26,Primeira Liga,whoscored
318429,Seba Pérez,9509,Casa Pia AC,Sub,42,2025/26,Primeira Liga,whoscored
400990,Tiago Morais,9509,Casa Pia AC,Sub,21,2025/26,Primeira Liga,whoscored
90778,Sergi Gómez,291,Alverca,DC,5,2025/26,Primeira Liga,whoscored
550857,Davy Gui,291,Alverca,Sub,6,2025/26,Primeira Liga,whoscored
406721,Mateus,291,Alverca,Sub,1,2025/26,Primeira Liga,whoscored
444250,Gabri Martínez,288,Braga,Sub,77,2025/26,Primeira Liga,whoscored
16161,João Moutinho,288,Braga,Sub,8,2025/26,Primeira Liga,whoscored
578648,Gonçalo Maia,290,Gil Vicente,Sub,82,2025/26,Primeira Liga,whoscored
401060,Francisco Moura,297,Porto,Sub,74,2025/26,Primeira Liga,whoscored
369083,Diogo Calila,251,Santa Clara,Sub,2,2025/26,Primeira Liga,whoscored
561322,José Tavares,251,Santa Clara,Sub,65,2025/26,Primeira Liga,whoscored
533921,Theofanis Bakoulas,121,Rio Ave,MC,8,2025/26,Primeira Liga,whoscored
533920,Antonis Papakanellos,121,Rio Ave,Sub,19,2025/26,Primeira Liga,whoscored
322580,João Novais,121,Rio Ave,Sub,7,2025/26,Primeira Liga,whoscored
531765,Karem Zoabi,121,Rio Ave,Sub,14,2025/26,Primeira Liga,whoscored
479419,João Tomé,121,Rio Ave,Sub,20,2025/26,Primeira Liga,whoscored
476710,Julien Lomboto,121,Rio Ave,Sub,63,2025/26,Primeira Liga,whoscored
419078,Zé Vítor,936,Nacional,DC,38,2025/26,Primeira Liga,whoscored
488322,Chiheb Labidi,936,Nacional,MC,15,2025/26,Primeira Liga,whoscored
568733,Pablo Ruan,936,Nacional,Sub,99,2025/26,Primeira Liga,whoscored
498035,Kevyn,936,Nacional,Sub,50,2025/26,Primeira Liga,whoscored
423077,Rodrigo Abascal,107,Vitoria de Guimaraes,DC,26,2025/26,Primeira Liga,whoscored
540227,João Simões,296,Sporting,Sub,52,2025/26,Primeira Liga,whoscored
460295,Diogo Travassos,296,Sporting,Sub,19,2025/26,Primeira Liga,whoscored
474333,Diogo Monteiro,5948,Arouca,Sub,6,2025/26,Primeira Liga,whoscored
413273,Rémy Vita,8071,Tondela,Sub,21,2025/26,Primeira Liga,whoscored
416887,Gustavo Garcia,935,Famalicao,Sub,2,2025/26,Primeira Liga,whoscored
444576,Fábio Ronaldo,28635,Estrela da Amadora,DL,7,2025/26,Primeira Liga,whoscored
569682,Jorge Meireles,28635,Estrela da Amadora,Sub,18,2025/26,Primeira Liga,whoscored
450613,Issiar Dramé,28635,Estrela da Amadora,Sub,5,2025/26,Primeira Liga,whoscored
464263,Assane Ndiaye,28635,Estrela da Amadora,Sub,6,2025/26,Primeira Liga,whoscored
437687,Tiago Gouveia,299,Benfica,Sub,47,2025/26,Primeira Liga,whoscored
369712,Florentino,299,Benfica,Sub,61,2025/26,Primeira Liga,whoscored
402880,Kerem Aktürkoglu,299,Benfica,Sub,7,2025/26,Primeira Liga,whoscored
555161,Gonçalo Oliveira,299,Benfica,Sub,64,2025/26,Primeira Liga,whoscored
135571,Lucas João,936,Nacional,Sub,19,2025/26,Primeira Liga,whoscored
424239,Vladislav Morozov,5948,Arouca,Sub,9,2025/26,Primeira Liga,whoscored
496975,Matías Rocha,5948,Arouca,Sub,4,2025/26,Primeira Liga,whoscored
244655,Murilo de Souza,290,Gil Vicente,Sub,77,2025/26,Primeira Liga,whoscored
386978,Yaya Sithole,8071,Tondela,Sub,15,2025/26,Primeira Liga,whoscored
478349,Gabriel Moscardo,288,Braga,Sub,17,2025/26,Primeira Liga,whoscored
143021,Tiago Sá,288,Braga,Sub,12,2025/26,Primeira Liga,whoscored
445699,Daniel Rivas,2343,AVS Futebol SAD,DL,12,2025/26,Primeira Liga,whoscored
518296,Diogo Spencer,2343,AVS Futebol SAD,AMR,2,2025/26,Primeira Liga,whoscored
565776,Brayan Caicedo,297,Porto,Sub,87,2025/26,Primeira Liga,whoscored
439583,Vasco Sousa,297,Porto,Sub,15,2025/26,Primeira Liga,whoscored
516014,Kevin Prieto,9509,Casa Pia AC,Sub,19,2025/26,Primeira Liga,whoscored
451091,Ryan,28635,Estrela da Amadora,Sub,66,2025/26,Primeira Liga,whoscored
383165,Jefferson Encada,28635,Estrela da Amadora,Sub,17,2025/26,Primeira Liga,whoscored
515235,Francisco Chissumba,291,Alverca,Sub,55,2025/26,Primeira Liga,whoscored
498873,Julián Martínez,291,Alverca,Sub,3,2025/26,Primeira Liga,whoscored
397566,Matheus Mendes,291,Alverca,Sub,31,2025/26,Primeira Liga,whoscored
369558,Ferro,2188,Estoril,DC,4,2025/26,Primeira Liga,whoscored
391977,Ricard Sánchez,2188,Estoril,DL,2,2025/26,Primeira Liga,whoscored
499958,Or Israelov,2188,Estoril,Sub,18,2025/26,Primeira Liga,whoscored
492276,Diogo Dias,2188,Estoril,Sub,31,2025/26,Primeira Liga,whoscored
492317,Peixinho,2188,Estoril,Sub,70,2025/26,Primeira Liga,whoscored
381793,Lucas Soares,251,Santa Clara,DMR,42,2025/26,Primeira Liga,whoscored
565848,Anthony Carter,251,Santa Clara,Sub,9,2025/26,Primeira Liga,whoscored
475186,Landerson,108,Moreirense,Sub,78,2025/26,Primeira Liga,whoscored
534238,Jimi Gower,108,Moreirense,Sub,30,2025/26,Primeira Liga,whoscored
500025,Matija Mitrovic,107,Vitoria de Guimaraes,Sub,6,2025/26,Primeira Liga,whoscored
374830,Bruno Lourenço,2343,AVS Futebol SAD,Sub,17,2025/26,Primeira Liga,whoscored
486040,Antoine Joujou,935,Famalicao,Sub,77,2025/26,Primeira Liga,whoscored
514705,Motez Nourani,936,Nacional,Sub,17,2025/26,Primeira Liga,whoscored
279478,Lincoln,291,Alverca,Sub,18,2025/26,Primeira Liga,whoscored
545539,Leandro Santos,299,Benfica,Sub,71,2025/26,Primeira Liga,whoscored
513637,Arthur Tchaptchet,290,Gil Vicente,Sub,59,2025/26,Primeira Liga,whoscored
541906,Gonzalo Calçada,28635,Estrela da Amadora,Sub,28,2025/26,Primeira Liga,whoscored
557907,Otávio,28635,Estrela da Amadora,Sub,83,2025/26,Primeira Liga,whoscored
566768,Pape Fuhrer,28635,Estrela da Amadora,Sub,27,2025/26,Primeira Liga,whoscored
137386,Ivan Cavaleiro,8071,Tondela,Sub,17,2025/26,Primeira Liga,whoscored
403807,Lucas Cañizares,8071,Tondela,Sub,30,2025/26,Primeira Liga,whoscored
447861,Óscar Rivas,107,Vitoria de Guimaraes,DC,4,2025/26,Primeira Liga,whoscored
460211,Gonçalo Nogueira,107,Vitoria de Guimaraes,DMC,30,2025/26,Primeira Liga,whoscored
581872,Miguel Nogueira,107,Vitoria de Guimaraes,AMC,88,2025/26,Primeira Liga,whoscored
389258,Pablo Gozálbez,5948,Arouca,Sub,10,2025/26,Primeira Liga,whoscored
283978,Matheus Reis,296,Sporting,Sub,2,2025/26,Primeira Liga,whoscored
475200,Rayan Lucas,296,Sporting,Sub,60,2025/26,Primeira Liga,whoscored
329647,Pablo Rosario,297,Porto,Sub,13,2025/26,Primeira Liga,whoscored
448280,Leandro Antonetti,28635,Estrela da Amadora,Sub,7,2025/26,Primeira Liga,whoscored
583512,Noah Saviolo,107,Vitoria de Guimaraes,Sub,48,2025/26,Primeira Liga,whoscored
583511,Rica Rocha,107,Vitoria de Guimaraes,Sub,80,2025/26,Primeira Liga,whoscored
451231,Figueiredo,291,Alverca,FWL,20,2025/26,Primeira Liga,whoscored
127970,Rony Lopes,8071,Tondela,AMC,16,2025/26,Primeira Liga,whoscored
465387,Hugo Félix,8071,Tondela,Sub,79,2025/26,Primeira Liga,whoscored
260812,Jordan Siebatcheu,8071,Tondela,Sub,29,2025/26,Primeira Liga,whoscored
497178,Espen van Ee,5948,Arouca,Sub,22,2025/26,Primeira Liga,whoscored
398408,David Sousa,9509,Casa Pia AC,DC,43,2025/26,Primeira Liga,whoscored
528208,Dailon Livramento,9509,Casa Pia AC,Sub,10,2025/26,Primeira Liga,whoscored
583445,Matheus Mattara,935,Famalicao,Sub,36,2025/26,Primeira Liga,whoscored
418176,Fotis Ioannidis,296,Sporting,Sub,89,2025/26,Primeira Liga,whoscored
426010,Diego Callai,296,Sporting,Sub,41,2025/26,Primeira Liga,whoscored
478512,Tobías Medina,121,Rio Ave,Sub,27,2025/26,Primeira Liga,whoscored
291937,Florian Grillitsch,288,Braga,Sub,27,2025/26,Primeira Liga,whoscored
571440,Yanis da Rocha,288,Braga,Sub,41,2025/26,Primeira Liga,whoscored
465110,Jonathan Mutombo,290,Gil Vicente,Sub,45,2025/26,Primeira Liga,whoscored
395460,Joelson Fernandes,290,Gil Vicente,Sub,11,2025/26,Primeira Liga,whoscored
514923,Diogo Prioste,299,Benfica,Sub,86,2025/26,Primeira Liga,whoscored
369114,Luquinhas,251,Santa Clara,Sub,28,2025/26,Primeira Liga,whoscored
445350,Óscar Perea,2343,AVS Futebol SAD,AML,14,2025/26,Primeira Liga,whoscored
90901,Tomané,2343,AVS Futebol SAD,FW,7,2025/26,Primeira Liga,whoscored
485363,Sidi Bane,2343,AVS Futebol SAD,Sub,4,2025/26,Primeira Liga,whoscored
424462,Jakub Kiwior,297,Porto,DC,4,2025/26,Primeira Liga,whoscored
583399,André Miranda,297,Porto,Sub,72,2025/26,Primeira Liga,whoscored
476335,Ángel Alarcón,297,Porto,Sub,47,2025/26,Primeira Liga,whoscored
527125,João Rego,299,Benfica,Sub,84,2025/26,Primeira Liga,whoscored
367812,Abdu Conté,9509,Casa Pia AC,Sub,5,2025/26,Primeira Liga,whoscored
467299,Oumar Ngom,28635,Estrela da Amadora,Sub,6,2025/26,Primeira Liga,whoscored
551815,Alisson Souza,28635,Estrela da Amadora,Sub,80,2025/26,Primeira Liga,whoscored
532920,Pedro Lima,297,Porto,Sub,46,2025/26,Primeira Liga,whoscored
322742,Samu,107,Vitoria de Guimaraes,Sub,20,2025/26,Primeira Liga,whoscored
423718,Antef Tsoungui,2188,Estoril,Sub,5,2025/26,Primeira Liga,whoscored
485562,Romualdas Jansonas,5948,Arouca,Sub,77,2025/26,Primeira Liga,whoscored
497572,Omar Fayed,5948,Arouca,Sub,66,2025/26,Primeira Liga,whoscored
298060,Yann Karamoh,297,Porto,Sub,75,2025/26,Primeira Liga,whoscored
493055,Rodrigo Ribeiro,935,Famalicao,Sub,19,2025/26,Primeira Liga,whoscored
584876,Gonçalo Moreira,299,Benfica,Sub,77,2025/26,Primeira Liga,whoscored
568734,David Grilo,28635,Estrela da Amadora,Sub,22,2025/26,Primeira Liga,whoscored
372842,Gustavo Assunção,2343,AVS Futebol SAD,DMC,6,2025/26,Primeira Liga,whoscored
260785,Rochinha,935,Famalicao,Sub,10,2025/26,Primeira Liga,whoscored
585887,Simão Pedro,28635,Estrela da Amadora,Sub,87,2025/26,Primeira Liga,whoscored
479903,Tony Strata,107,Vitoria de Guimaraes,Sub,66,2025/26,Primeira Liga,whoscored
586051,Ivan Lima,299,Benfica,Sub,90,2025/26,Primeira Liga,whoscored
447210,Gonçalo Costa,2188,Estoril,DL,20,2025/26,Primeira Liga,whoscored
397470,Jandro Orellana,2188,Estoril,MC,6,2025/26,Primeira Liga,whoscored
460135,Khayon Edwards,2188,Estoril,Sub,11,2025/26,Primeira Liga,whoscored
494316,Tidjany Touré,290,Gil Vicente,AML,7,2025/26,Primeira Liga,whoscored
556135,André Picornell,290,Gil Vicente,Sub,1,2025/26,Primeira Liga,whoscored
468008,Daniel Júnior,936,Nacional,FWR,10,2025/26,Primeira Liga,whoscored
388685,Gabriel Veron,936,Nacional,Sub,27,2025/26,Primeira Liga,whoscored
399951,Miguel Baeza,936,Nacional,Sub,8,2025/26,Primeira Liga,whoscored
521599,Henrique Silva,251,Santa Clara,DC,94,2025/26,Primeira Liga,whoscored
447215,Gustavo Klismahn,251,Santa Clara,AMC,77,2025/26,Primeira Liga,whoscored
378827,Welinton Torrão,251,Santa Clara,Sub,49,2025/26,Primeira Liga,whoscored
606293,José Franco,251,Santa Clara,Sub,85,2025/26,Primeira Liga,whoscored
136305,Rúben Semedo,2343,AVS Futebol SAD,DC,35,2025/26,Primeira Liga,whoscored
232384,Carlos Ponck,2343,AVS Futebol SAD,Sub,26,2025/26,Primeira Liga,whoscored
478450,Thiago Balieiro,107,Vitoria de Guimaraes,Sub,28,2025/26,Primeira Liga,whoscored
497765,Rodrigo Duarte,107,Vitoria de Guimaraes,Sub,14,2025/26,Primeira Liga,whoscored
28550,Thiago Silva,297,Porto,DC,3,2025/26,Primeira Liga,whoscored
533583,Oskar Pietuszewski,297,Porto,Sub,77,2025/26,Primeira Liga,whoscored
135570,Ricardo Batista,9509,Casa Pia AC,Sub,33,2025/26,Primeira Liga,whoscored
417913,Adriel,2343,AVS Futebol SAD,GK,1,2025/26,Primeira Liga,whoscored
397965,Roni,2343,AVS Futebol SAD,DMC,70,2025/26,Primeira Liga,whoscored
447024,João Marques,9509,Casa Pia AC,Sub,11,2025/26,Primeira Liga,whoscored
463971,Clau Mendes,9509,Casa Pia AC,Sub,99,2025/26,Primeira Liga,whoscored
471949,Ivan Mandic,9509,Casa Pia AC,Sub,95,2025/26,Primeira Liga,whoscored
607974,Pedro Rosas,9509,Casa Pia AC,Sub,75,2025/26,Primeira Liga,whoscored
444506,Ignacio de Arruabarrena,5948,Arouca,GK,12,2025/26,Primeira Liga,whoscored
362276,Javi Sánchez,5948,Arouca,DC,15,2025/26,Primeira Liga,whoscored
134722,Bas Kuipers,5948,Arouca,DL,25,2025/26,Primeira Liga,whoscored
437259,Yellu Santiago,5948,Arouca,Sub,20,2025/26,Primeira Liga,whoscored
475165,Renan,935,Famalicao,Sub,13,2025/26,Primeira Liga,whoscored
403484,Adrian Barisic,288,Braga,DC,37,2025/26,Primeira Liga,whoscored
450423,Mathis Clairicia,291,Alverca,Sub,19,2025/26,Primeira Liga,whoscored
605981,Vasco Moreira,291,Alverca,Sub,17,2025/26,Primeira Liga,whoscored
572175,Kauan Gomes,291,Alverca,Sub,37,2025/26,Primeira Liga,whoscored
546561,João Afonso,251,Santa Clara,Sub,50,2025/26,Primeira Liga,whoscored
478319,Luis Guilherme,296,Sporting,AMR,31,2025/26,Primeira Liga,whoscored
516857,Rafael Nel,296,Sporting,Sub,90,2025/26,Primeira Liga,whoscored
384888,Daniel Bragança,296,Sporting,Sub,23,2025/26,Primeira Liga,whoscored
499785,Souleymane Faye,296,Sporting,Sub,15,2025/26,Primeira Liga,whoscored
597806,Flávio Gonçalves,296,Sporting,Sub,58,2025/26,Primeira Liga,whoscored
544983,Gonzalo Pastor,935,Famalicao,Sub,47,2025/26,Primeira Liga,whoscored
608793,Rudi Almeida,935,Famalicao,Sub,91,2025/26,Primeira Liga,whoscored
456116,Carlos Eduardo,290,Gil Vicente,Sub,29,2025/26,Primeira Liga,whoscored
382650,Lucão,290,Gil Vicente,Sub,30,2025/26,Primeira Liga,whoscored
486761,Luís Semedo,108,Moreirense,Sub,9,2025/26,Primeira Liga,whoscored
416888,Michel,108,Moreirense,Sub,3,2025/26,Primeira Liga,whoscored
387682,Ennio van der Gouw,121,Rio Ave,GK,99,2025/26,Primeira Liga,whoscored
554328,Gustavo Mancha,121,Rio Ave,DC,39,2025/26,Primeira Liga,whoscored
516870,Diogo Bezerra,121,Rio Ave,AMR,7,2025/26,Primeira Liga,whoscored
532464,Jalen Blesa,121,Rio Ave,AMC,11,2025/26,Primeira Liga,whoscored
513406,Tamble Monteiro,121,Rio Ave,FW,9,2025/26,Primeira Liga,whoscored
445541,Ryan Guilherme,121,Rio Ave,Sub,8,2025/26,Primeira Liga,whoscored
518493,Kevyn Monteiro,108,Moreirense,Sub,4,2025/26,Primeira Liga,whoscored
410795,Nile John,108,Moreirense,Sub,23,2025/26,Primeira Liga,whoscored
495150,Felipe Lima,291,Alverca,Sub,77,2025/26,Primeira Liga,whoscored
479950,Joshua Wynder,299,Benfica,Sub,66,2025/26,Primeira Liga,whoscored
411954,Xander Severina,9509,Casa Pia AC,Sub,17,2025/26,Primeira Liga,whoscored
141293,Héctor Hernández,290,Gil Vicente,Sub,23,2025/26,Primeira Liga,whoscored
425879,Demir Ege Tiknaz,288,Braga,Sub,34,2025/26,Primeira Liga,whoscored
591769,Tiago Duarte,251,Santa Clara,Sub,80,2025/26,Primeira Liga,whoscored
472910,Manu Silva,299,Benfica,Sub,16,2025/26,Primeira Liga,whoscored
601739,Rodrigo Rêgo,299,Benfica,Sub,67,2025/26,Primeira Liga,whoscored
603676,José Neto,299,Benfica,Sub,62,2025/26,Primeira Liga,whoscored
553728,Tiago Freitas,299,Benfica,Sub,88,2025/26,Primeira Liga,whoscored
271856,Gonçalo Paciência,251,Santa Clara,FW,39,2025/26,Primeira Liga,whoscored
453459,Guilherme Romão,251,Santa Clara,Sub,5,2025/26,Primeira Liga,whoscored
506570,Fernando,251,Santa Clara,Sub,26,2025/26,Primeira Liga,whoscored
374611,Darlan,251,Santa Clara,Sub,37,2025/26,Primeira Liga,whoscored
135127,Rafa,299,Benfica,AMC,27,2025/26,Primeira Liga,whoscored
565428,Diogo Ferreira,299,Benfica,Sub,50,2025/26,Primeira Liga,whoscored
604500,Daniel Banjaqui,299,Benfica,Sub,58,2025/26,Primeira Liga,whoscored
606753,Anísio Cabral,299,Benfica,Sub,72,2025/26,Primeira Liga,whoscored
475993,Gui,107,Vitoria de Guimaraes,Sub,91,2025/26,Primeira Liga,whoscored
599841,Guilherme Paula,107,Vitoria de Guimaraes,Sub,87,2025/26,Primeira Liga,whoscored
389348,Alfonso Pastor,121,Rio Ave,Sub,29,2025/26,Primeira Liga,whoscored
607592,Matheus Pivô,2343,AVS Futebol SAD,DR,97,2025/26,Primeira Liga,whoscored
541017,Luís Gomes,2188,Estoril,Sub,97,2025/26,Primeira Liga,whoscored
569763,Bernardo Lourenço,2188,Estoril,Sub,79,2025/26,Primeira Liga,whoscored
568731,Deivison,936,Nacional,Sub,88,2025/26,Primeira Liga,whoscored
400505,Terem Moffi,297,Porto,Sub,29,2025/26,Primeira Liga,whoscored
254562,Seko Fofana,297,Porto,Sub,42,2025/26,Primeira Liga,whoscored
510134,Gabriel Brás,297,Porto,Sub,73,2025/26,Primeira Liga,whoscored
329409,Xeka,2188,Estoril,Sub,8,2025/26,Primeira Liga,whoscored
605672,Ejike Opara,107,Vitoria de Guimaraes,Sub,33,2025/26,Primeira Liga,whoscored
401520,Alexander Bah,299,Benfica,DR,6,2025/26,Primeira Liga,whoscored
552619,Diogo Costa,290,Gil Vicente,Sub,28,2025/26,Primeira Liga,whoscored
422950,Rodrigo Conceição,8071,Tondela,DMR,27,2025/26,Primeira Liga,whoscored
530987,Makan Aiko,8071,Tondela,FWL,90,2025/26,Primeira Liga,whoscored
565851,Diego Tavares,8071,Tondela,Sub,3,2025/26,Primeira Liga,whoscored
434076,Rodrigo Ribeiro,296,Sporting,Sub,28,2025/26,Primeira Liga,whoscored
597804,Salvador Blopa,296,Sporting,Sub,70,2025/26,Primeira Liga,whoscored
582234,Arnas Voitinovicius,299,Benfica,Sub,51,2025/26,Primeira Liga,whoscored
600897,Kevin Höög Jansson,28635,Estrela da Amadora,DMC,6,2025/26,Primeira Liga,whoscored
450484,Tom Moustier,28635,Estrela da Amadora,AMC,28,2025/26,Primeira Liga,whoscored
606684,Eddy Doué,28635,Estrela da Amadora,Sub,39,2025/26,Primeira Liga,whoscored
496973,Ni,28635,Estrela da Amadora,Sub,3,2025/26,Primeira Liga,whoscored
536248,Adriel,251,Santa Clara,Sub,20,2025/26,Primeira Liga,whoscored
601930,Tiago Queiroz,251,Santa Clara,Sub,76,2025/26,Primeira Liga,whoscored
611472,Jan Montes,2188,Estoril,Sub,91,2025/26,Primeira Liga,whoscored
443623,Stefan Lekovic,28635,Estrela da Amadora,DC,4,2025/26,Primeira Liga,whoscored
361900,Sydney van Hooijdonk,28635,Estrela da Amadora,FW,20,2025/26,Primeira Liga,whoscored
362801,Billal Brahimi,28635,Estrela da Amadora,Sub,26,2025/26,Primeira Liga,whoscored
527523,Max Scholze,28635,Estrela da Amadora,Sub,21,2025/26,Primeira Liga,whoscored
409461,Dudu,28635,Estrela da Amadora,Sub,13,2025/26,Primeira Liga,whoscored
401783,João Silva,8071,Tondela,DC,44,2025/26,Primeira Liga,whoscored
382439,Benjamin Kimpioka,8071,Tondela,FW,23,2025/26,Primeira Liga,whoscored
605311,André Oliveira,107,Vitoria de Guimaraes,Sub,75,2025/26,Primeira Liga,whoscored
369119,Arjen van der Heide,8071,Tondela,Sub,26,2025/26,Primeira Liga,whoscored
117980,Bruma,299,Benfica,Sub,7,2025/26,Primeira Liga,whoscored
553799,José Silva,5948,Arouca,Sub,2,2025/26,Primeira Liga,whoscored
601931,Edgar Costa,251,Santa Clara,Sub,69,2025/26,Primeira Liga,whoscored
607316,Miguel Silva,108,Moreirense,Sub,6,2025/26,Primeira Liga,whoscored
455733,Mauro Couto,296,Sporting,Sub,78,2025/26,Primeira Liga,whoscored
478826,Rafael Lobato,121,Rio Ave,Sub,25,2025/26,Primeira Liga,whoscored
296364,Nuno Santos,296,Sporting,Sub,11,2025/26,Primeira Liga,whoscored
442751,Rhaldney,291,Alverca,MC,26,2025/26,Primeira Liga,whoscored
608330,Kevin Pinto,299,Benfica,Sub,79,2025/26,Primeira Liga,whoscored
551086,André Oliveira,297,Porto,Sub,68,2025/26,Primeira Liga,whoscored
107557,João Costa,297,Porto,Sub,24,2025/26,Primeira Liga,whoscored
611915,Bruno Duarte,5948,Arouca,Sub,87,2025/26,Primeira Liga,whoscored
485271,Vojin Serafimovic,935,Famalicao,Sub,30,2025/26,Primeira Liga,whoscored
390741,Bruno Langa,28635,Estrela da Amadora,DML,24,2025/26,Primeira Liga,whoscored
425112,Yahya Kalley,28635,Estrela da Amadora,Sub,2,2025/26,Primeira Liga,whoscored
608187,Zeega,107,Vitoria de Guimaraes,Sub,50,2025/26,Primeira Liga,whoscored
515710,Nuno Matos,288,Braga,Sub,62,2025/26,Primeira Liga,whoscored
430436,Leonardo Buta,121,Rio Ave,Sub,24,2025/26,Primeira Liga,whoscored
429544,Rômulo,296,Sporting,Sub,49,2025/26,Primeira Liga,whoscored
605383,Rodrigo Dias,296,Sporting,Sub,50,2025/26,Primeira Liga,whoscored
605455,Luiz Otávio,251,Santa Clara,Sub,82,2025/26,Primeira Liga,whoscored
397570,Weverson,290,Gil Vicente,Sub,26,2025/26,Primeira Liga,whoscored
395940,Fabiano Souza,108,Moreirense,DR,70,2025/26,Primeira Liga,whoscored
606074,Zakaria Kessary,291,Alverca,Sub,35,2025/26,Primeira Liga,whoscored
554959,Afonso Patrão,288,Braga,Sub,67,2025/26,Primeira Liga,whoscored
561182,David Moreira,296,Sporting,Sub,45,2025/26,Primeira Liga,whoscored
531151,Fally Mayulu,5948,Arouca,Sub,9,2025/26,Primeira Liga,whoscored
468851,Jakub Vinarcík,5948,Arouca,Sub,30,2025/26,Primeira Liga,whoscored
537826,Jonatás Noro,288,Braga,Sub,53,2025/26,Primeira Liga,whoscored
619667,Luisinho,288,Braga,Sub,90,2025/26,Primeira Liga,whoscored
445296,Andrey,251,Santa Clara,Sub,78,2025/26,Primeira Liga,whoscored
551897,Vital Maia,251,Santa Clara,Sub,51,2025/26,Primeira Liga,whoscored
534936,João Vasconcelos,288,Braga,Sub,80,2025/26,Primeira Liga,whoscored
482832,Rodrigo Silva,288,Braga,Sub,70,2025/26,Primeira Liga,whoscored
621474,Romário Cunha,288,Braga,Sub,56,2025/26,Primeira Liga,whoscored
621476,Afonso Sousa,288,Braga,Sub,96,2025/26,Primeira Liga,whoscored
621488,Afonso Silva,2343,AVS Futebol SAD,Sub,64,2025/26,Primeira Liga,whoscored
549224,Eduardo Felicíssimo,296,Sporting,Sub,73,2025/26,Primeira Liga,whoscored
280767,Andre Green,2343,AVS Futebol SAD,Sub,25,2025/26,Primeira Liga,whoscored
607401,Henrique Poniewas,28635,Estrela da Amadora,Sub,86,2025/26,Primeira Liga,whoscored
472909,Kiki,9509,Casa Pia AC,Sub,32,2025/26,Primeira Liga,whoscored
607253,António Gil,288,Braga,Sub,92,2025/26,Primeira Liga,whoscored
614166,Miguel Figueiredo,299,Benfica,Sub,73,2025/26,Primeira Liga,whoscored
615144,Francisco Dias,107,Vitoria de Guimaraes,DL,82,2025/26,Primeira Liga,whoscored
618148,Abdu Dafé,9509,Casa Pia AC,Sub,59,2025/26,Primeira Liga,whoscored
619355,Tiago Silva,297,Porto,Sub,58,2025/26,Primeira Liga,whoscored
530912,Ikker Julian,291,Alverca,Sub,15,2025/26,Primeira Liga,whoscored
429545,Isaac,251,Santa Clara,Sub,52,2025/26,Primeira Liga,whoscored
622590,Bernardo Lima,297,Porto,Sub,66,2025/26,Primeira Liga,whoscored
516953,Hugo Nunes,107,Vitoria de Guimaraes,Sub,46,2025/26,Primeira Liga,whoscored
499615,João Carvalho,288,Braga,Sub,78,2025/26,Primeira Liga,whoscored
565775,Gil Martins,290,Gil Vicente,Sub,19,2025/26,Primeira Liga,whoscored
406676,Óscar Aranda,935,Famalicao,Sub,11,2025/26,Primeira Liga,whoscored
595071,Fodé Carlos Gaspar Pascoal,288,Braga,Sub,81,2025/26,Primeira Liga,whoscored
495147,Bassco Soyer,290,Gil Vicente,Sub,88,2025/26,Primeira Liga,whoscored
