id_sofascore,match_date,competition,season,home_team_id_ss,away_team_id_ss,home_team_name,away_team_name,home_score,away_score,attendance,data_source
14028550,2026-05-03,VriendenLoterij Eredivisie,VriendenLoterij Eredivisie 25/26,2950,2955,AZ Alkmaar,FC Twente,2.0,2.0,,sofascore
16115678,2026-05-05,Keuken Kampioen Playoffs,VriendenLoterij Eredivisie 25/26,2956,2961,RKC Waalwijk,Willem II Tilburg,0.0,1.0,,sofascore
16115794,2026-05-06,Keuken Kampioen Playoffs,VriendenLoterij Eredivisie 25/26,2990,2949,Almere City FC,De Graafschap,3.0,1.0,,sofascore
16115797,2026-05-09,Keuken Kampioen Playoffs,VriendenLoterij Eredivisie 25/26,2961,2956,Willem II Tilburg,RKC Waalwijk,1.0,1.0,,sofascore
16115796,2026-05-09,Keuken Kampioen Playoffs,VriendenLoterij Eredivisie 25/26,2949,2990,De Graafschap,Almere City FC,2.0,2.0,,sofascore
14028546,2026-05-10,VriendenLoterij Eredivisie,VriendenLoterij Eredivisie 25/26,2967,2968,Excelsior,FC Volendam,1.0,1.0,,sofascore
14028556,2026-05-10,VriendenLoterij Eredivisie,VriendenLoterij Eredivisie 25/26,2972,2977,SC Telstar,Heracles Almelo,3.0,0.0,,sofascore
14028533,2026-05-10,VriendenLoterij Eredivisie,VriendenLoterij Eredivisie 25/26,2957,2971,Fortuna Sittard,PEC Zwolle,3.0,2.0,,sofascore
14028544,2026-05-10,VriendenLoterij Eredivisie,VriendenLoterij Eredivisie 25/26,2951,2962,FC Groningen,NEC Nijmegen,2.0,1.0,,sofascore
14028554,2026-05-10,VriendenLoterij Eredivisie,VriendenLoterij Eredivisie 25/26,2955,2960,FC Twente,Sparta Rotterdam,4.0,0.0,,sofascore
14028558,2026-05-10,VriendenLoterij Eredivisie,VriendenLoterij Eredivisie 25/26,2959,2950,Feyenoord,AZ Alkmaar,1.0,1.0,,sofascore
14028548,2026-05-10,VriendenLoterij Eredivisie,VriendenLoterij Eredivisie 25/26,2979,2952,Go Ahead Eagles,PSV Eindhoven,1.0,4.0,,sofascore
14028534,2026-05-10,VriendenLoterij Eredivisie,VriendenLoterij Eredivisie 25/26,2953,2948,AFC Ajax,FC Utrecht,1.0,2.0,,sofascore
14028555,2026-05-11,VriendenLoterij Eredivisie,VriendenLoterij Eredivisie 25/26,2947,2964,NAC Breda,SC Heerenveen,2.0,0.0,,sofascore
16157212,2026-05-13,Keuken Kampioen Playoffs,VriendenLoterij Eredivisie 25/26,2990,2961,Almere City FC,Willem II Tilburg,0.0,1.0,,sofascore
16157213,2026-05-16,Keuken Kampioen Playoffs,VriendenLoterij Eredivisie 25/26,2961,2990,Willem II Tilburg,Almere City FC,2.0,0.0,,sofascore
14028531,2026-05-17,VriendenLoterij Eredivisie,VriendenLoterij Eredivisie 25/26,2968,2972,FC Volendam,SC Telstar,1.0,2.0,,sofascore
14028559,2026-05-17,VriendenLoterij Eredivisie,VriendenLoterij Eredivisie 25/26,2977,2951,Heracles Almelo,FC Groningen,1.0,2.0,,sofascore
14028557,2026-05-17,VriendenLoterij Eredivisie,VriendenLoterij Eredivisie 25/26,2960,2967,Sparta Rotterdam,Excelsior,2.0,3.0,,sofascore
14028528,2026-05-17,VriendenLoterij Eredivisie,VriendenLoterij Eredivisie 25/26,2948,2957,FC Utrecht,Fortuna Sittard,2.0,0.0,,sofascore
14028561,2026-05-17,VriendenLoterij Eredivisie,VriendenLoterij Eredivisie 25/26,2962,2979,NEC Nijmegen,Go Ahead Eagles,2.0,1.0,,sofascore
14028526,2026-05-17,VriendenLoterij Eredivisie,VriendenLoterij Eredivisie 25/26,2950,2947,AZ Alkmaar,NAC Breda,3.0,3.0,,sofascore
14028529,2026-05-17,VriendenLoterij Eredivisie,VriendenLoterij Eredivisie 25/26,2971,2959,PEC Zwolle,Feyenoord,0.0,2.0,,sofascore
14028525,2026-05-17,VriendenLoterij Eredivisie,VriendenLoterij Eredivisie 25/26,2964,2953,SC Heerenveen,AFC Ajax,0.0,0.0,,sofascore
14028530,2026-05-17,VriendenLoterij Eredivisie,VriendenLoterij Eredivisie 25/26,2952,2955,PSV Eindhoven,FC Twente,5.0,1.0,,sofascore
16195914,2026-05-20,Keuken Kampioen Playoffs,VriendenLoterij Eredivisie 25/26,2961,2968,Willem II Tilburg,FC Volendam,1.0,2.0,,sofascore
16196423,2026-05-21,"VriendenLoterij Eredivisie, Europa Playoffs",VriendenLoterij Eredivisie 25/26,2953,2951,AFC Ajax,FC Groningen,2.0,0.0,,sofascore
16196426,2026-05-21,"VriendenLoterij Eredivisie, Europa Playoffs",VriendenLoterij Eredivisie 25/26,2948,2964,FC Utrecht,SC Heerenveen,3.0,2.0,,sofascore
16195916,2026-05-23,Keuken Kampioen Playoffs,VriendenLoterij Eredivisie 25/26,2968,2961,FC Volendam,Willem II Tilburg,5.0,7.0,,sofascore
16216345,2026-05-24,"VriendenLoterij Eredivisie, Europa Playoffs",VriendenLoterij Eredivisie 25/26,2953,2948,AFC Ajax,FC Utrecht,5.0,4.0,,sofascore
14053807,2026-04-10,VriendenLoterij Eredivisie,VriendenLoterij Eredivisie 25/26,2955,2968,FC Twente,FC Volendam,2.0,1.0,,sofascore
14053795,2026-04-11,VriendenLoterij Eredivisie,VriendenLoterij Eredivisie 25/26,2948,2972,FC Utrecht,SC Telstar,4.0,1.0,,sofascore
14053789,2026-04-11,VriendenLoterij Eredivisie,VriendenLoterij Eredivisie 25/26,2960,2952,Sparta Rotterdam,PSV Eindhoven,0.0,2.0,,sofascore
14053792,2026-04-11,VriendenLoterij Eredivisie,VriendenLoterij Eredivisie 25/26,2951,2979,FC Groningen,Go Ahead Eagles,0.0,0.0,,sofascore
14053785,2026-04-11,VriendenLoterij Eredivisie,VriendenLoterij Eredivisie 25/26,2977,2953,Heracles Almelo,AFC Ajax,0.0,3.0,,sofascore
14053798,2026-04-12,VriendenLoterij Eredivisie,VriendenLoterij Eredivisie 25/26,2957,2947,Fortuna Sittard,NAC Breda,1.0,1.0,,sofascore
14053782,2026-04-12,VriendenLoterij Eredivisie,VriendenLoterij Eredivisie 25/26,2971,2967,PEC Zwolle,Excelsior,2.0,2.0,,sofascore
14053801,2026-04-12,VriendenLoterij Eredivisie,VriendenLoterij Eredivisie 25/26,2962,2959,NEC Nijmegen,Feyenoord,1.0,1.0,,sofascore
14053804,2026-04-12,VriendenLoterij Eredivisie,VriendenLoterij Eredivisie 25/26,2950,2964,AZ Alkmaar,SC Heerenveen,3.0,0.0,,sofascore
14028536,2026-04-22,VriendenLoterij Eredivisie,VriendenLoterij Eredivisie 25/26,2972,2960,SC Telstar,Sparta Rotterdam,4.0,1.0,,sofascore
14028543,2026-04-23,VriendenLoterij Eredivisie,VriendenLoterij Eredivisie 25/26,2979,2950,Go Ahead Eagles,AZ Alkmaar,0.0,0.0,,sofascore
14028551,2026-04-23,VriendenLoterij Eredivisie,VriendenLoterij Eredivisie 25/26,2952,2971,PSV Eindhoven,PEC Zwolle,6.0,1.0,,sofascore
14028532,2026-04-25,VriendenLoterij Eredivisie,VriendenLoterij Eredivisie 25/26,2959,2951,Feyenoord,FC Groningen,3.0,1.0,,sofascore
14028542,2026-04-25,VriendenLoterij Eredivisie,VriendenLoterij Eredivisie 25/26,2964,2957,SC Heerenveen,Fortuna Sittard,2.0,1.0,,sofascore
14028527,2026-04-25,VriendenLoterij Eredivisie,VriendenLoterij Eredivisie 25/26,2947,2953,NAC Breda,AFC Ajax,0.0,2.0,,sofascore
14028538,2026-04-25,VriendenLoterij Eredivisie,VriendenLoterij Eredivisie 25/26,2955,2962,FC Twente,NEC Nijmegen,1.0,1.0,,sofascore
14028547,2026-04-26,VriendenLoterij Eredivisie,VriendenLoterij Eredivisie 25/26,2967,2948,Excelsior,FC Utrecht,5.0,0.0,,sofascore
14028535,2026-04-26,VriendenLoterij Eredivisie,VriendenLoterij Eredivisie 25/26,2977,2968,Heracles Almelo,FC Volendam,0.0,2.0,,sofascore
16072779,2026-04-28,Keuken Kampioen Playoffs,VriendenLoterij Eredivisie 25/26,2954,2956,Roda JC Kerkrade,RKC Waalwijk,1.0,1.0,,sofascore
16072839,2026-04-29,Keuken Kampioen Playoffs,VriendenLoterij Eredivisie 25/26,2963,2990,FC Den Bosch,Almere City FC,2.0,3.0,,sofascore
16072837,2026-05-01,Keuken Kampioen Playoffs,VriendenLoterij Eredivisie 25/26,2956,2954,RKC Waalwijk,Roda JC Kerkrade,4.0,2.0,,sofascore
16074271,2026-05-02,Keuken Kampioen Playoffs,VriendenLoterij Eredivisie 25/26,2990,2963,Almere City FC,FC Den Bosch,3.0,0.0,,sofascore
14028549,2026-05-02,VriendenLoterij Eredivisie,VriendenLoterij Eredivisie 25/26,2948,2947,FC Utrecht,NAC Breda,2.0,0.0,,sofascore
14028540,2026-05-02,VriendenLoterij Eredivisie,VriendenLoterij Eredivisie 25/26,2951,2967,FC Groningen,Excelsior,2.0,3.0,,sofascore
14028539,2026-05-02,VriendenLoterij Eredivisie,VriendenLoterij Eredivisie 25/26,2953,2952,AFC Ajax,PSV Eindhoven,2.0,2.0,,sofascore
14028537,2026-05-02,VriendenLoterij Eredivisie,VriendenLoterij Eredivisie 25/26,2962,2972,NEC Nijmegen,SC Telstar,1.0,1.0,,sofascore
14028552,2026-05-03,VriendenLoterij Eredivisie,VriendenLoterij Eredivisie 25/26,2968,2964,FC Volendam,SC Heerenveen,0.0,2.0,,sofascore
14028553,2026-05-03,VriendenLoterij Eredivisie,VriendenLoterij Eredivisie 25/26,2971,2977,PEC Zwolle,Heracles Almelo,1.0,0.0,,sofascore
14028545,2026-05-03,VriendenLoterij Eredivisie,VriendenLoterij Eredivisie 25/26,2957,2959,Fortuna Sittard,Feyenoord,1.0,2.0,,sofascore
14028541,2026-05-03,VriendenLoterij Eredivisie,VriendenLoterij Eredivisie 25/26,2960,2979,Sparta Rotterdam,Go Ahead Eagles,2.0,2.0,,sofascore
14053675,2026-03-08,VriendenLoterij Eredivisie,VriendenLoterij Eredivisie 25/26,2979,2955,Go Ahead Eagles,FC Twente,1.0,4.0,,sofascore
14053684,2026-03-08,VriendenLoterij Eredivisie,VriendenLoterij Eredivisie 25/26,2947,2959,NAC Breda,Feyenoord,3.0,3.0,,sofascore
14053672,2026-03-08,VriendenLoterij Eredivisie,VriendenLoterij Eredivisie 25/26,2962,2968,NEC Nijmegen,FC Volendam,3.0,0.0,,sofascore
14053719,2026-03-13,VriendenLoterij Eredivisie,VriendenLoterij Eredivisie 25/26,2971,2951,PEC Zwolle,FC Groningen,1.0,1.0,,sofascore
14053703,2026-03-14,VriendenLoterij Eredivisie,VriendenLoterij Eredivisie 25/26,2968,2957,FC Volendam,Fortuna Sittard,1.0,2.0,,sofascore
14053716,2026-03-14,VriendenLoterij Eredivisie,VriendenLoterij Eredivisie 25/26,2952,2962,PSV Eindhoven,NEC Nijmegen,2.0,3.0,,sofascore
14053722,2026-03-14,VriendenLoterij Eredivisie,VriendenLoterij Eredivisie 25/26,2964,2972,SC Heerenveen,SC Telstar,3.0,0.0,,sofascore
14053706,2026-03-14,VriendenLoterij Eredivisie,VriendenLoterij Eredivisie 25/26,2953,2960,AFC Ajax,Sparta Rotterdam,4.0,0.0,,sofascore
14053709,2026-03-15,VriendenLoterij Eredivisie,VriendenLoterij Eredivisie 25/26,2955,2948,FC Twente,FC Utrecht,0.0,2.0,,sofascore
14053700,2026-03-15,VriendenLoterij Eredivisie,VriendenLoterij Eredivisie 25/26,2950,2977,AZ Alkmaar,Heracles Almelo,4.0,0.0,,sofascore
14053697,2026-03-15,VriendenLoterij Eredivisie,VriendenLoterij Eredivisie 25/26,2959,2967,Feyenoord,Excelsior,2.0,1.0,,sofascore
14053712,2026-03-15,VriendenLoterij Eredivisie,VriendenLoterij Eredivisie 25/26,2979,2947,Go Ahead Eagles,NAC Breda,6.0,0.0,,sofascore
14053725,2026-03-20,VriendenLoterij Eredivisie,VriendenLoterij Eredivisie 25/26,2977,2967,Heracles Almelo,Excelsior,1.0,1.0,,sofascore
14053741,2026-03-21,VriendenLoterij Eredivisie,VriendenLoterij Eredivisie 25/26,2957,2955,Fortuna Sittard,FC Twente,1.0,2.0,,sofascore
14053744,2026-03-21,VriendenLoterij Eredivisie,VriendenLoterij Eredivisie 25/26,2960,2968,Sparta Rotterdam,FC Volendam,2.0,0.0,,sofascore
14053728,2026-03-21,VriendenLoterij Eredivisie,VriendenLoterij Eredivisie 25/26,2971,2947,PEC Zwolle,NAC Breda,2.0,1.0,,sofascore
14053748,2026-03-22,VriendenLoterij Eredivisie,VriendenLoterij Eredivisie 25/26,2962,2964,NEC Nijmegen,SC Heerenveen,2.0,2.0,,sofascore
14053734,2026-03-22,VriendenLoterij Eredivisie,VriendenLoterij Eredivisie 25/26,2948,2979,FC Utrecht,Go Ahead Eagles,2.0,0.0,,sofascore
14053738,2026-03-22,VriendenLoterij Eredivisie,VriendenLoterij Eredivisie 25/26,2959,2953,Feyenoord,AFC Ajax,1.0,1.0,,sofascore
14053731,2026-03-22,VriendenLoterij Eredivisie,VriendenLoterij Eredivisie 25/26,2951,2950,FC Groningen,AZ Alkmaar,3.0,0.0,,sofascore
14053751,2026-03-22,VriendenLoterij Eredivisie,VriendenLoterij Eredivisie 25/26,2972,2952,SC Telstar,PSV Eindhoven,3.0,1.0,,sofascore
14053764,2026-04-04,VriendenLoterij Eredivisie,VriendenLoterij Eredivisie 25/26,2952,2948,PSV Eindhoven,FC Utrecht,4.0,3.0,,sofascore
14053770,2026-04-04,VriendenLoterij Eredivisie,VriendenLoterij Eredivisie 25/26,2972,2951,SC Telstar,FC Groningen,0.0,2.0,,sofascore
14053758,2026-04-04,VriendenLoterij Eredivisie,VriendenLoterij Eredivisie 25/26,2950,2957,AZ Alkmaar,Fortuna Sittard,2.0,0.0,,sofascore
14053754,2026-04-04,VriendenLoterij Eredivisie,VriendenLoterij Eredivisie 25/26,2967,2962,Excelsior,NEC Nijmegen,0.0,2.0,,sofascore
14053779,2026-04-04,VriendenLoterij Eredivisie,VriendenLoterij Eredivisie 25/26,2953,2955,AFC Ajax,FC Twente,1.0,2.0,,sofascore
14053774,2026-04-05,VriendenLoterij Eredivisie,VriendenLoterij Eredivisie 25/26,2979,2971,Go Ahead Eagles,PEC Zwolle,5.0,0.0,,sofascore
14053761,2026-04-05,VriendenLoterij Eredivisie,VriendenLoterij Eredivisie 25/26,2964,2977,SC Heerenveen,Heracles Almelo,4.0,1.0,,sofascore
14053767,2026-04-05,VriendenLoterij Eredivisie,VriendenLoterij Eredivisie 25/26,2968,2959,FC Volendam,Feyenoord,0.0,0.0,,sofascore
14053776,2026-04-05,VriendenLoterij Eredivisie,VriendenLoterij Eredivisie 25/26,2947,2960,NAC Breda,Sparta Rotterdam,0.0,0.0,,sofascore
14053843,2026-02-14,VriendenLoterij Eredivisie,VriendenLoterij Eredivisie 25/26,2953,2957,AFC Ajax,Fortuna Sittard,4.0,1.0,,sofascore
14053600,2026-02-14,VriendenLoterij Eredivisie,VriendenLoterij Eredivisie 25/26,2951,2948,FC Groningen,FC Utrecht,1.0,2.0,,sofascore
14053607,2026-02-15,VriendenLoterij Eredivisie,VriendenLoterij Eredivisie 25/26,2959,2979,Feyenoord,Go Ahead Eagles,1.0,0.0,,sofascore
14053610,2026-02-15,VriendenLoterij Eredivisie,VriendenLoterij Eredivisie 25/26,2964,2971,SC Heerenveen,PEC Zwolle,4.0,2.0,,sofascore
14053595,2026-02-15,VriendenLoterij Eredivisie,VriendenLoterij Eredivisie 25/26,2972,2955,SC Telstar,FC Twente,1.0,1.0,,sofascore
14053589,2026-02-17,VriendenLoterij Eredivisie,VriendenLoterij Eredivisie 25/26,2960,2962,Sparta Rotterdam,NEC Nijmegen,1.0,1.0,,sofascore
14053613,2026-02-20,VriendenLoterij Eredivisie,VriendenLoterij Eredivisie 25/26,2957,2967,Fortuna Sittard,Excelsior,2.0,1.0,,sofascore
14053638,2026-02-21,VriendenLoterij Eredivisie,VriendenLoterij Eredivisie 25/26,2952,2964,PSV Eindhoven,SC Heerenveen,3.0,1.0,,sofascore
14053631,2026-02-21,VriendenLoterij Eredivisie,VriendenLoterij Eredivisie 25/26,2947,2968,NAC Breda,FC Volendam,1.0,0.0,,sofascore
14053625,2026-02-21,VriendenLoterij Eredivisie,VriendenLoterij Eredivisie 25/26,2953,2962,AFC Ajax,NEC Nijmegen,1.0,1.0,,sofascore
14053616,2026-02-22,VriendenLoterij Eredivisie,VriendenLoterij Eredivisie 25/26,2955,2951,FC Twente,FC Groningen,2.0,1.0,,sofascore
14053628,2026-02-22,VriendenLoterij Eredivisie,VriendenLoterij Eredivisie 25/26,2979,2977,Go Ahead Eagles,Heracles Almelo,4.0,0.0,,sofascore
14053635,2026-02-22,VriendenLoterij Eredivisie,VriendenLoterij Eredivisie 25/26,2948,2971,FC Utrecht,PEC Zwolle,1.0,1.0,,sofascore
14053622,2026-02-22,VriendenLoterij Eredivisie,VriendenLoterij Eredivisie 25/26,2950,2960,AZ Alkmaar,Sparta Rotterdam,3.0,1.0,,sofascore
14053619,2026-02-22,VriendenLoterij Eredivisie,VriendenLoterij Eredivisie 25/26,2959,2972,Feyenoord,SC Telstar,2.0,1.0,,sofascore
14053656,2026-02-27,VriendenLoterij Eredivisie,VriendenLoterij Eredivisie 25/26,2972,2947,SC Telstar,NAC Breda,3.0,0.0,,sofascore
14053659,2026-02-28,VriendenLoterij Eredivisie,VriendenLoterij Eredivisie 25/26,2964,2960,SC Heerenveen,Sparta Rotterdam,2.0,1.0,,sofascore
14053644,2026-02-28,VriendenLoterij Eredivisie,VriendenLoterij Eredivisie 25/26,2977,2952,Heracles Almelo,PSV Eindhoven,1.0,3.0,,sofascore
14053653,2026-02-28,VriendenLoterij Eredivisie,VriendenLoterij Eredivisie 25/26,2962,2957,NEC Nijmegen,Fortuna Sittard,2.0,3.0,,sofascore
14053650,2026-03-01,VriendenLoterij Eredivisie,VriendenLoterij Eredivisie 25/26,2971,2953,PEC Zwolle,AFC Ajax,0.0,0.0,,sofascore
14053663,2026-03-01,VriendenLoterij Eredivisie,VriendenLoterij Eredivisie 25/26,2968,2951,FC Volendam,FC Groningen,3.0,2.0,,sofascore
14053666,2026-03-01,VriendenLoterij Eredivisie,VriendenLoterij Eredivisie 25/26,2955,2959,FC Twente,Feyenoord,2.0,0.0,,sofascore
14053647,2026-03-01,VriendenLoterij Eredivisie,VriendenLoterij Eredivisie 25/26,2948,2950,FC Utrecht,AZ Alkmaar,2.0,0.0,,sofascore
14053641,2026-03-01,VriendenLoterij Eredivisie,VriendenLoterij Eredivisie 25/26,2967,2979,Excelsior,Go Ahead Eagles,0.0,1.0,,sofascore
14053687,2026-03-06,VriendenLoterij Eredivisie,VriendenLoterij Eredivisie 25/26,2977,2948,Heracles Almelo,FC Utrecht,0.0,0.0,,sofascore
14053678,2026-03-07,VriendenLoterij Eredivisie,VriendenLoterij Eredivisie 25/26,2951,2953,FC Groningen,AFC Ajax,3.0,1.0,,sofascore
14053691,2026-03-07,VriendenLoterij Eredivisie,VriendenLoterij Eredivisie 25/26,2952,2950,PSV Eindhoven,AZ Alkmaar,2.0,1.0,,sofascore
14053669,2026-03-07,VriendenLoterij Eredivisie,VriendenLoterij Eredivisie 25/26,2967,2964,Excelsior,SC Heerenveen,1.0,2.0,,sofascore
14053681,2026-03-08,VriendenLoterij Eredivisie,VriendenLoterij Eredivisie 25/26,2960,2971,Sparta Rotterdam,PEC Zwolle,1.0,1.0,,sofascore
14053694,2026-03-08,VriendenLoterij Eredivisie,VriendenLoterij Eredivisie 25/26,2957,2972,Fortuna Sittard,SC Telstar,1.0,4.0,,sofascore
14053802,2026-01-24,VriendenLoterij Eredivisie,VriendenLoterij Eredivisie 25/26,2952,2947,PSV Eindhoven,NAC Breda,2.0,2.0,,sofascore
14053799,2026-01-24,VriendenLoterij Eredivisie,VriendenLoterij Eredivisie 25/26,2955,2967,FC Twente,Excelsior,0.0,0.0,,sofascore
14053809,2026-01-25,VriendenLoterij Eredivisie,VriendenLoterij Eredivisie 25/26,2972,2950,SC Telstar,AZ Alkmaar,0.0,1.0,,sofascore
14053819,2026-01-25,VriendenLoterij Eredivisie,VriendenLoterij Eredivisie 25/26,2951,2957,FC Groningen,Fortuna Sittard,1.0,2.0,,sofascore
14053817,2026-01-25,VriendenLoterij Eredivisie,VriendenLoterij Eredivisie 25/26,2948,2960,FC Utrecht,Sparta Rotterdam,0.0,1.0,,sofascore
14053815,2026-01-25,VriendenLoterij Eredivisie,VriendenLoterij Eredivisie 25/26,2959,2977,Feyenoord,Heracles Almelo,4.0,2.0,,sofascore
14053813,2026-01-25,VriendenLoterij Eredivisie,VriendenLoterij Eredivisie 25/26,2979,2964,Go Ahead Eagles,SC Heerenveen,,,,sofascore
14053829,2026-01-30,VriendenLoterij Eredivisie,VriendenLoterij Eredivisie 25/26,2947,2955,NAC Breda,FC Twente,2.0,2.0,,sofascore
14053828,2026-01-31,VriendenLoterij Eredivisie,VriendenLoterij Eredivisie 25/26,2950,2962,AZ Alkmaar,NEC Nijmegen,1.0,3.0,,sofascore
14053830,2026-01-31,VriendenLoterij Eredivisie,VriendenLoterij Eredivisie 25/26,2971,2972,PEC Zwolle,SC Telstar,4.0,1.0,,sofascore
14053827,2026-01-31,VriendenLoterij Eredivisie,VriendenLoterij Eredivisie 25/26,2960,2951,Sparta Rotterdam,FC Groningen,2.0,0.0,,sofascore
14053822,2026-02-01,VriendenLoterij Eredivisie,VriendenLoterij Eredivisie 25/26,2967,2953,Excelsior,AFC Ajax,2.0,2.0,,sofascore
14053824,2026-02-01,VriendenLoterij Eredivisie,VriendenLoterij Eredivisie 25/26,2977,2957,Heracles Almelo,Fortuna Sittard,2.0,1.0,,sofascore
14053832,2026-02-01,VriendenLoterij Eredivisie,VriendenLoterij Eredivisie 25/26,2952,2959,PSV Eindhoven,Feyenoord,3.0,0.0,,sofascore
14053826,2026-02-01,VriendenLoterij Eredivisie,VriendenLoterij Eredivisie 25/26,2964,2948,SC Heerenveen,FC Utrecht,1.0,1.0,,sofascore
14053831,2026-02-01,VriendenLoterij Eredivisie,VriendenLoterij Eredivisie 25/26,2968,2979,FC Volendam,Go Ahead Eagles,1.0,1.0,,sofascore
14053833,2026-02-06,VriendenLoterij Eredivisie,VriendenLoterij Eredivisie 25/26,2947,2967,NAC Breda,Excelsior,0.0,2.0,,sofascore
14053840,2026-02-07,VriendenLoterij Eredivisie,VriendenLoterij Eredivisie 25/26,2962,2977,NEC Nijmegen,Heracles Almelo,4.0,1.0,,sofascore
14053838,2026-02-07,VriendenLoterij Eredivisie,VriendenLoterij Eredivisie 25/26,2971,2968,PEC Zwolle,FC Volendam,1.0,2.0,,sofascore
14053834,2026-02-07,VriendenLoterij Eredivisie,VriendenLoterij Eredivisie 25/26,2955,2964,FC Twente,SC Heerenveen,5.0,0.0,,sofascore
14053841,2026-02-07,VriendenLoterij Eredivisie,VriendenLoterij Eredivisie 25/26,2957,2960,Fortuna Sittard,Sparta Rotterdam,2.0,2.0,,sofascore
14053837,2026-02-08,VriendenLoterij Eredivisie,VriendenLoterij Eredivisie 25/26,2948,2959,FC Utrecht,Feyenoord,0.0,1.0,,sofascore
14053835,2026-02-08,VriendenLoterij Eredivisie,VriendenLoterij Eredivisie 25/26,2979,2972,Go Ahead Eagles,SC Telstar,1.0,1.0,,sofascore
14053836,2026-02-08,VriendenLoterij Eredivisie,VriendenLoterij Eredivisie 25/26,2950,2953,AZ Alkmaar,AFC Ajax,1.0,1.0,,sofascore
14053839,2026-02-08,VriendenLoterij Eredivisie,VriendenLoterij Eredivisie 25/26,2951,2952,FC Groningen,PSV Eindhoven,1.0,2.0,,sofascore
15294982,2026-02-11,VriendenLoterij Eredivisie,VriendenLoterij Eredivisie 25/26,2979,2964,Go Ahead Eagles,SC Heerenveen,1.0,3.0,,sofascore
15390794,2026-02-11,VriendenLoterij Eredivisie,VriendenLoterij Eredivisie 25/26,2962,2948,NEC Nijmegen,FC Utrecht,1.0,3.0,,sofascore
14053604,2026-02-13,VriendenLoterij Eredivisie,VriendenLoterij Eredivisie 25/26,2968,2952,FC Volendam,PSV Eindhoven,2.0,1.0,,sofascore
14053597,2026-02-14,VriendenLoterij Eredivisie,VriendenLoterij Eredivisie 25/26,2977,2947,Heracles Almelo,NAC Breda,0.0,1.0,,sofascore
14053842,2026-02-14,VriendenLoterij Eredivisie,VriendenLoterij Eredivisie 25/26,2967,2950,Excelsior,AZ Alkmaar,1.0,2.0,,sofascore
14053723,2025-12-20,VriendenLoterij Eredivisie,VriendenLoterij Eredivisie 25/26,2977,2964,Heracles Almelo,SC Heerenveen,0.0,3.0,,sofascore
14053717,2025-12-20,VriendenLoterij Eredivisie,VriendenLoterij Eredivisie 25/26,2967,2971,Excelsior,PEC Zwolle,2.0,1.0,,sofascore
14053726,2025-12-20,VriendenLoterij Eredivisie,VriendenLoterij Eredivisie 25/26,2962,2953,NEC Nijmegen,AFC Ajax,2.0,2.0,,sofascore
14053729,2025-12-20,VriendenLoterij Eredivisie,VriendenLoterij Eredivisie 25/26,2947,2972,NAC Breda,SC Telstar,0.0,1.0,,sofascore
14053742,2025-12-21,VriendenLoterij Eredivisie,VriendenLoterij Eredivisie 25/26,2948,2952,FC Utrecht,PSV Eindhoven,1.0,2.0,,sofascore
14053739,2025-12-21,VriendenLoterij Eredivisie,VriendenLoterij Eredivisie 25/26,2979,2951,Go Ahead Eagles,FC Groningen,1.0,1.0,,sofascore
14053736,2025-12-21,VriendenLoterij Eredivisie,VriendenLoterij Eredivisie 25/26,2959,2955,Feyenoord,FC Twente,1.0,1.0,,sofascore
14053732,2025-12-21,VriendenLoterij Eredivisie,VriendenLoterij Eredivisie 25/26,2968,2960,FC Volendam,Sparta Rotterdam,0.0,1.0,,sofascore
14053720,2025-12-21,VriendenLoterij Eredivisie,VriendenLoterij Eredivisie 25/26,2957,2950,Fortuna Sittard,AZ Alkmaar,4.0,3.0,,sofascore
14053753,2026-01-09,VriendenLoterij Eredivisie,VriendenLoterij Eredivisie 25/26,2962,2948,NEC Nijmegen,FC Utrecht,,,,sofascore
14053759,2026-01-10,VriendenLoterij Eredivisie,VriendenLoterij Eredivisie 25/26,2950,2968,AZ Alkmaar,FC Volendam,1.0,0.0,,sofascore
14053763,2026-01-10,VriendenLoterij Eredivisie,VriendenLoterij Eredivisie 25/26,2955,2971,FC Twente,PEC Zwolle,1.0,1.0,,sofascore
14053745,2026-01-10,VriendenLoterij Eredivisie,VriendenLoterij Eredivisie 25/26,2952,2967,PSV Eindhoven,Excelsior,5.0,1.0,,sofascore
14053766,2026-01-10,VriendenLoterij Eredivisie,VriendenLoterij Eredivisie 25/26,2951,2947,FC Groningen,NAC Breda,0.0,0.0,,sofascore
14053769,2026-01-11,VriendenLoterij Eredivisie,VriendenLoterij Eredivisie 25/26,2964,2959,SC Heerenveen,Feyenoord,2.0,2.0,,sofascore
14053756,2026-01-11,VriendenLoterij Eredivisie,VriendenLoterij Eredivisie 25/26,2979,2957,Go Ahead Eagles,Fortuna Sittard,2.0,2.0,,sofascore
14053750,2026-01-11,VriendenLoterij Eredivisie,VriendenLoterij Eredivisie 25/26,2972,2953,SC Telstar,AFC Ajax,2.0,3.0,,sofascore
14053747,2026-01-11,VriendenLoterij Eredivisie,VriendenLoterij Eredivisie 25/26,2960,2977,Sparta Rotterdam,Heracles Almelo,2.0,0.0,,sofascore
14053793,2026-01-17,VriendenLoterij Eredivisie,VriendenLoterij Eredivisie 25/26,2953,2979,AFC Ajax,Go Ahead Eagles,2.0,2.0,,sofascore
14053784,2026-01-17,VriendenLoterij Eredivisie,VriendenLoterij Eredivisie 25/26,2971,2950,PEC Zwolle,AZ Alkmaar,3.0,1.0,,sofascore
14053772,2026-01-17,VriendenLoterij Eredivisie,VriendenLoterij Eredivisie 25/26,2967,2972,Excelsior,SC Telstar,2.0,2.0,,sofascore
14053775,2026-01-17,VriendenLoterij Eredivisie,VriendenLoterij Eredivisie 25/26,2957,2952,Fortuna Sittard,PSV Eindhoven,1.0,2.0,,sofascore
14053796,2026-01-17,VriendenLoterij Eredivisie,VriendenLoterij Eredivisie 25/26,2947,2962,NAC Breda,NEC Nijmegen,3.0,4.0,,sofascore
14053790,2026-01-18,VriendenLoterij Eredivisie,VriendenLoterij Eredivisie 25/26,2964,2951,SC Heerenveen,FC Groningen,0.0,2.0,,sofascore
14053778,2026-01-18,VriendenLoterij Eredivisie,VriendenLoterij Eredivisie 25/26,2968,2948,FC Volendam,FC Utrecht,2.0,1.0,,sofascore
14053781,2026-01-18,VriendenLoterij Eredivisie,VriendenLoterij Eredivisie 25/26,2977,2955,Heracles Almelo,FC Twente,0.0,2.0,,sofascore
14053787,2026-01-18,VriendenLoterij Eredivisie,VriendenLoterij Eredivisie 25/26,2959,2960,Feyenoord,Sparta Rotterdam,3.0,4.0,,sofascore
15269642,2026-01-21,VriendenLoterij Eredivisie,VriendenLoterij Eredivisie 25/26,2950,2967,AZ Alkmaar,Excelsior,1.0,1.0,,sofascore
14053811,2026-01-24,VriendenLoterij Eredivisie,VriendenLoterij Eredivisie 25/26,2953,2968,AFC Ajax,FC Volendam,2.0,0.0,,sofascore
14053806,2026-01-24,VriendenLoterij Eredivisie,VriendenLoterij Eredivisie 25/26,2962,2971,NEC Nijmegen,PEC Zwolle,2.0,1.0,,sofascore
14053624,2025-11-23,VriendenLoterij Eredivisie,VriendenLoterij Eredivisie 25/26,2972,2948,SC Telstar,FC Utrecht,1.0,1.0,,sofascore
14053608,2025-11-23,VriendenLoterij Eredivisie,VriendenLoterij Eredivisie 25/26,2959,2962,Feyenoord,NEC Nijmegen,2.0,4.0,,sofascore
14053611,2025-11-23,VriendenLoterij Eredivisie,VriendenLoterij Eredivisie 25/26,2951,2971,FC Groningen,PEC Zwolle,2.0,2.0,,sofascore
14053658,2025-11-28,VriendenLoterij Eredivisie,VriendenLoterij Eredivisie 25/26,2971,2964,PEC Zwolle,SC Heerenveen,2.0,1.0,,sofascore
14053633,2025-11-29,VriendenLoterij Eredivisie,VriendenLoterij Eredivisie 25/26,2967,2947,Excelsior,NAC Breda,1.0,0.0,,sofascore
14053652,2025-11-29,VriendenLoterij Eredivisie,VriendenLoterij Eredivisie 25/26,2957,2977,Fortuna Sittard,Heracles Almelo,1.0,1.0,,sofascore
14053645,2025-11-29,VriendenLoterij Eredivisie,VriendenLoterij Eredivisie 25/26,2962,2960,NEC Nijmegen,Sparta Rotterdam,3.0,1.0,,sofascore
14053639,2025-11-30,VriendenLoterij Eredivisie,VriendenLoterij Eredivisie 25/26,2952,2968,PSV Eindhoven,FC Volendam,3.0,0.0,,sofascore
14053655,2025-11-30,VriendenLoterij Eredivisie,VriendenLoterij Eredivisie 25/26,2979,2948,Go Ahead Eagles,FC Utrecht,2.0,2.0,,sofascore
14053649,2025-11-30,VriendenLoterij Eredivisie,VriendenLoterij Eredivisie 25/26,2972,2959,SC Telstar,Feyenoord,1.0,2.0,,sofascore
14053636,2025-11-30,VriendenLoterij Eredivisie,VriendenLoterij Eredivisie 25/26,2955,2950,FC Twente,AZ Alkmaar,1.0,0.0,,sofascore
14053642,2025-12-02,VriendenLoterij Eredivisie,VriendenLoterij Eredivisie 25/26,2953,2951,AFC Ajax,FC Groningen,2.0,0.0,,sofascore
14053661,2025-12-05,VriendenLoterij Eredivisie,VriendenLoterij Eredivisie 25/26,2967,2951,Excelsior,FC Groningen,0.0,2.0,,sofascore
14053670,2025-12-06,VriendenLoterij Eredivisie,VriendenLoterij Eredivisie 25/26,2964,2952,SC Heerenveen,PSV Eindhoven,0.0,2.0,,sofascore
14053680,2025-12-06,VriendenLoterij Eredivisie,VriendenLoterij Eredivisie 25/26,2957,2953,Fortuna Sittard,AFC Ajax,1.0,3.0,,sofascore
14053686,2025-12-06,VriendenLoterij Eredivisie,VriendenLoterij Eredivisie 25/26,2977,2972,Heracles Almelo,SC Telstar,1.0,1.0,,sofascore
14053664,2025-12-06,VriendenLoterij Eredivisie,VriendenLoterij Eredivisie 25/26,2959,2971,Feyenoord,PEC Zwolle,6.0,1.0,,sofascore
14053676,2025-12-07,VriendenLoterij Eredivisie,VriendenLoterij Eredivisie 25/26,2948,2955,FC Utrecht,FC Twente,1.0,1.0,,sofascore
14053683,2025-12-07,VriendenLoterij Eredivisie,VriendenLoterij Eredivisie 25/26,2968,2962,FC Volendam,NEC Nijmegen,2.0,3.0,,sofascore
14053667,2025-12-07,VriendenLoterij Eredivisie,VriendenLoterij Eredivisie 25/26,2950,2979,AZ Alkmaar,Go Ahead Eagles,2.0,2.0,,sofascore
14053673,2025-12-07,VriendenLoterij Eredivisie,VriendenLoterij Eredivisie 25/26,2960,2947,Sparta Rotterdam,NAC Breda,1.0,0.0,,sofascore
14053698,2025-12-13,VriendenLoterij Eredivisie,VriendenLoterij Eredivisie 25/26,2972,2962,SC Telstar,NEC Nijmegen,2.0,2.0,,sofascore
14053701,2025-12-13,VriendenLoterij Eredivisie,VriendenLoterij Eredivisie 25/26,2951,2968,FC Groningen,FC Volendam,3.0,0.0,,sofascore
14053714,2025-12-13,VriendenLoterij Eredivisie,VriendenLoterij Eredivisie 25/26,2952,2977,PSV Eindhoven,Heracles Almelo,4.0,3.0,,sofascore
14053695,2025-12-13,VriendenLoterij Eredivisie,VriendenLoterij Eredivisie 25/26,2971,2957,PEC Zwolle,Fortuna Sittard,1.0,0.0,,sofascore
14053704,2025-12-14,VriendenLoterij Eredivisie,VriendenLoterij Eredivisie 25/26,2960,2964,Sparta Rotterdam,SC Heerenveen,0.0,3.0,,sofascore
14053708,2025-12-14,VriendenLoterij Eredivisie,VriendenLoterij Eredivisie 25/26,2955,2979,FC Twente,Go Ahead Eagles,2.0,0.0,,sofascore
14053692,2025-12-14,VriendenLoterij Eredivisie,VriendenLoterij Eredivisie 25/26,2953,2959,AFC Ajax,Feyenoord,2.0,0.0,,sofascore
14053711,2025-12-14,VriendenLoterij Eredivisie,VriendenLoterij Eredivisie 25/26,2947,2948,NAC Breda,FC Utrecht,1.0,1.0,,sofascore
14053689,2025-12-14,VriendenLoterij Eredivisie,VriendenLoterij Eredivisie 25/26,2950,2967,AZ Alkmaar,Excelsior,,,,sofascore
14053788,2025-10-25,VriendenLoterij Eredivisie,VriendenLoterij Eredivisie 25/26,2968,2977,FC Volendam,Heracles Almelo,3.0,0.0,,sofascore
14053794,2025-10-25,VriendenLoterij Eredivisie,VriendenLoterij Eredivisie 25/26,2971,2962,PEC Zwolle,NEC Nijmegen,2.0,2.0,,sofascore
14053797,2025-10-26,VriendenLoterij Eredivisie,VriendenLoterij Eredivisie 25/26,2955,2953,FC Twente,AFC Ajax,2.0,3.0,,sofascore
14053803,2025-10-26,VriendenLoterij Eredivisie,VriendenLoterij Eredivisie 25/26,2959,2952,Feyenoord,PSV Eindhoven,2.0,3.0,,sofascore
14053805,2025-10-26,VriendenLoterij Eredivisie,VriendenLoterij Eredivisie 25/26,2950,2948,AZ Alkmaar,FC Utrecht,4.0,1.0,,sofascore
14053800,2025-10-26,VriendenLoterij Eredivisie,VriendenLoterij Eredivisie 25/26,2979,2967,Go Ahead Eagles,Excelsior,2.0,0.0,,sofascore
14053808,2025-10-31,VriendenLoterij Eredivisie,VriendenLoterij Eredivisie 25/26,2952,2957,PSV Eindhoven,Fortuna Sittard,5.0,2.0,,sofascore
14053816,2025-11-01,VriendenLoterij Eredivisie,VriendenLoterij Eredivisie 25/26,2953,2964,AFC Ajax,SC Heerenveen,1.0,1.0,,sofascore
14053812,2025-11-01,VriendenLoterij Eredivisie,VriendenLoterij Eredivisie 25/26,2947,2979,NAC Breda,Go Ahead Eagles,1.0,0.0,,sofascore
14053810,2025-11-01,VriendenLoterij Eredivisie,VriendenLoterij Eredivisie 25/26,2959,2968,Feyenoord,FC Volendam,3.0,1.0,,sofascore
14053814,2025-11-01,VriendenLoterij Eredivisie,VriendenLoterij Eredivisie 25/26,2972,2967,SC Telstar,Excelsior,2.0,2.0,,sofascore
14053818,2025-11-02,VriendenLoterij Eredivisie,VriendenLoterij Eredivisie 25/26,2977,2971,Heracles Almelo,PEC Zwolle,8.0,2.0,,sofascore
14053820,2025-11-02,VriendenLoterij Eredivisie,VriendenLoterij Eredivisie 25/26,2951,2955,FC Groningen,FC Twente,1.0,1.0,,sofascore
14053821,2025-11-02,VriendenLoterij Eredivisie,VriendenLoterij Eredivisie 25/26,2960,2950,Sparta Rotterdam,AZ Alkmaar,0.0,1.0,,sofascore
14053823,2025-11-02,VriendenLoterij Eredivisie,VriendenLoterij Eredivisie 25/26,2948,2962,FC Utrecht,NEC Nijmegen,1.0,0.0,,sofascore
14053825,2025-11-07,VriendenLoterij Eredivisie,VriendenLoterij Eredivisie 25/26,2955,2972,FC Twente,SC Telstar,0.0,0.0,,sofascore
14053582,2025-11-08,VriendenLoterij Eredivisie,VriendenLoterij Eredivisie 25/26,2967,2977,Excelsior,Heracles Almelo,1.0,2.0,,sofascore
14053586,2025-11-08,VriendenLoterij Eredivisie,VriendenLoterij Eredivisie 25/26,2968,2947,FC Volendam,NAC Breda,2.0,1.0,,sofascore
14053588,2025-11-08,VriendenLoterij Eredivisie,VriendenLoterij Eredivisie 25/26,2957,2964,Fortuna Sittard,SC Heerenveen,2.0,0.0,,sofascore
14053591,2025-11-08,VriendenLoterij Eredivisie,VriendenLoterij Eredivisie 25/26,2971,2960,PEC Zwolle,Sparta Rotterdam,1.0,0.0,,sofascore
14053593,2025-11-09,VriendenLoterij Eredivisie,VriendenLoterij Eredivisie 25/26,2948,2953,FC Utrecht,AFC Ajax,2.0,1.0,,sofascore
14053599,2025-11-09,VriendenLoterij Eredivisie,VriendenLoterij Eredivisie 25/26,2962,2951,NEC Nijmegen,FC Groningen,2.0,0.0,,sofascore
14053596,2025-11-09,VriendenLoterij Eredivisie,VriendenLoterij Eredivisie 25/26,2950,2952,AZ Alkmaar,PSV Eindhoven,1.0,5.0,,sofascore
14053602,2025-11-09,VriendenLoterij Eredivisie,VriendenLoterij Eredivisie 25/26,2979,2959,Go Ahead Eagles,Feyenoord,2.0,1.0,,sofascore
14053630,2025-11-22,VriendenLoterij Eredivisie,VriendenLoterij Eredivisie 25/26,2947,2952,NAC Breda,PSV Eindhoven,0.0,1.0,,sofascore
14053627,2025-11-22,VriendenLoterij Eredivisie,VriendenLoterij Eredivisie 25/26,2968,2955,FC Volendam,FC Twente,1.0,1.0,,sofascore
14053605,2025-11-22,VriendenLoterij Eredivisie,VriendenLoterij Eredivisie 25/26,2953,2967,AFC Ajax,Excelsior,1.0,2.0,,sofascore
14053620,2025-11-22,VriendenLoterij Eredivisie,VriendenLoterij Eredivisie 25/26,2960,2957,Sparta Rotterdam,Fortuna Sittard,1.0,1.0,,sofascore
14053617,2025-11-22,VriendenLoterij Eredivisie,VriendenLoterij Eredivisie 25/26,2977,2979,Heracles Almelo,Go Ahead Eagles,4.0,2.0,,sofascore
14053614,2025-11-23,VriendenLoterij Eredivisie,VriendenLoterij Eredivisie 25/26,2964,2950,SC Heerenveen,AZ Alkmaar,3.0,1.0,,sofascore
14053713,2025-09-26,VriendenLoterij Eredivisie,VriendenLoterij Eredivisie 25/26,2955,2957,FC Twente,Fortuna Sittard,3.0,2.0,,sofascore
14053718,2025-09-27,VriendenLoterij Eredivisie,VriendenLoterij Eredivisie 25/26,2953,2947,AFC Ajax,NAC Breda,2.0,1.0,,sofascore
14053721,2025-09-27,VriendenLoterij Eredivisie,VriendenLoterij Eredivisie 25/26,2968,2971,FC Volendam,PEC Zwolle,2.0,1.0,,sofascore
14053724,2025-09-27,VriendenLoterij Eredivisie,VriendenLoterij Eredivisie 25/26,2967,2952,Excelsior,PSV Eindhoven,1.0,2.0,,sofascore
14053730,2025-09-27,VriendenLoterij Eredivisie,VriendenLoterij Eredivisie 25/26,2977,2960,Heracles Almelo,Sparta Rotterdam,3.0,0.0,,sofascore
14053727,2025-09-28,VriendenLoterij Eredivisie,VriendenLoterij Eredivisie 25/26,2962,2950,NEC Nijmegen,AZ Alkmaar,2.0,1.0,,sofascore
14053733,2025-09-28,VriendenLoterij Eredivisie,VriendenLoterij Eredivisie 25/26,2948,2964,FC Utrecht,SC Heerenveen,2.0,2.0,,sofascore
14053715,2025-09-28,VriendenLoterij Eredivisie,VriendenLoterij Eredivisie 25/26,2951,2959,FC Groningen,Feyenoord,0.0,1.0,,sofascore
14053735,2025-09-28,VriendenLoterij Eredivisie,VriendenLoterij Eredivisie 25/26,2972,2979,SC Telstar,Go Ahead Eagles,4.0,2.0,,sofascore
14053737,2025-10-03,VriendenLoterij Eredivisie,VriendenLoterij Eredivisie 25/26,2947,2951,NAC Breda,FC Groningen,1.0,2.0,,sofascore
14053740,2025-10-04,VriendenLoterij Eredivisie,VriendenLoterij Eredivisie 25/26,2960,2953,Sparta Rotterdam,AFC Ajax,3.0,3.0,,sofascore
14053743,2025-10-04,VriendenLoterij Eredivisie,VriendenLoterij Eredivisie 25/26,2957,2968,Fortuna Sittard,FC Volendam,1.0,0.0,,sofascore
14053746,2025-10-04,VriendenLoterij Eredivisie,VriendenLoterij Eredivisie 25/26,2971,2952,PEC Zwolle,PSV Eindhoven,0.0,4.0,,sofascore
14053749,2025-10-04,VriendenLoterij Eredivisie,VriendenLoterij Eredivisie 25/26,2964,2967,SC Heerenveen,Excelsior,2.0,1.0,,sofascore
14053752,2025-10-05,VriendenLoterij Eredivisie,VriendenLoterij Eredivisie 25/26,2955,2977,FC Twente,Heracles Almelo,2.0,1.0,,sofascore
14053755,2025-10-05,VriendenLoterij Eredivisie,VriendenLoterij Eredivisie 25/26,2959,2948,Feyenoord,FC Utrecht,3.0,2.0,,sofascore
14053757,2025-10-05,VriendenLoterij Eredivisie,VriendenLoterij Eredivisie 25/26,2950,2972,AZ Alkmaar,SC Telstar,2.0,1.0,,sofascore
14053760,2025-10-05,VriendenLoterij Eredivisie,VriendenLoterij Eredivisie 25/26,2979,2962,Go Ahead Eagles,NEC Nijmegen,1.0,1.0,,sofascore
14053780,2025-10-18,VriendenLoterij Eredivisie,VriendenLoterij Eredivisie 25/26,2962,2955,NEC Nijmegen,FC Twente,3.0,3.0,,sofascore
14053768,2025-10-18,VriendenLoterij Eredivisie,VriendenLoterij Eredivisie 25/26,2948,2968,FC Utrecht,FC Volendam,3.0,1.0,,sofascore
14053765,2025-10-18,VriendenLoterij Eredivisie,VriendenLoterij Eredivisie 25/26,2952,2979,PSV Eindhoven,Go Ahead Eagles,2.0,1.0,,sofascore
14053773,2025-10-18,VriendenLoterij Eredivisie,VriendenLoterij Eredivisie 25/26,2947,2971,NAC Breda,PEC Zwolle,2.0,2.0,,sofascore
14053771,2025-10-18,VriendenLoterij Eredivisie,VriendenLoterij Eredivisie 25/26,2953,2950,AFC Ajax,AZ Alkmaar,0.0,2.0,,sofascore
14046018,2025-10-19,VriendenLoterij Eredivisie,VriendenLoterij Eredivisie 25/26,2972,2964,SC Telstar,SC Heerenveen,2.0,3.0,,sofascore
14053777,2025-10-19,VriendenLoterij Eredivisie,VriendenLoterij Eredivisie 25/26,2967,2957,Excelsior,Fortuna Sittard,1.0,0.0,,sofascore
14046017,2025-10-19,VriendenLoterij Eredivisie,VriendenLoterij Eredivisie 25/26,2951,2960,FC Groningen,Sparta Rotterdam,0.0,2.0,,sofascore
14053762,2025-10-19,VriendenLoterij Eredivisie,VriendenLoterij Eredivisie 25/26,2977,2959,Heracles Almelo,Feyenoord,0.0,7.0,,sofascore
14053783,2025-10-24,VriendenLoterij Eredivisie,VriendenLoterij Eredivisie 25/26,2964,2947,SC Heerenveen,NAC Breda,3.0,3.0,,sofascore
14053786,2025-10-25,VriendenLoterij Eredivisie,VriendenLoterij Eredivisie 25/26,2957,2951,Fortuna Sittard,FC Groningen,1.0,2.0,,sofascore
14053791,2025-10-25,VriendenLoterij Eredivisie,VriendenLoterij Eredivisie 25/26,2960,2972,Sparta Rotterdam,SC Telstar,1.0,0.0,,sofascore
14053632,2025-08-24,VriendenLoterij Eredivisie,VriendenLoterij Eredivisie 25/26,2953,2977,AFC Ajax,Heracles Almelo,2.0,0.0,,sofascore
14053634,2025-08-29,VriendenLoterij Eredivisie,VriendenLoterij Eredivisie 25/26,2951,2977,FC Groningen,Heracles Almelo,4.0,0.0,,sofascore
14053637,2025-08-30,VriendenLoterij Eredivisie,VriendenLoterij Eredivisie 25/26,2968,2953,FC Volendam,AFC Ajax,1.0,1.0,,sofascore
14053640,2025-08-30,VriendenLoterij Eredivisie,VriendenLoterij Eredivisie 25/26,2964,2979,SC Heerenveen,Go Ahead Eagles,2.0,2.0,,sofascore
14053643,2025-08-30,VriendenLoterij Eredivisie,VriendenLoterij Eredivisie 25/26,2952,2972,PSV Eindhoven,SC Telstar,0.0,2.0,,sofascore
14053646,2025-08-30,VriendenLoterij Eredivisie,VriendenLoterij Eredivisie 25/26,2967,2955,Excelsior,FC Twente,1.0,0.0,,sofascore
14053648,2025-08-31,VriendenLoterij Eredivisie,VriendenLoterij Eredivisie 25/26,2957,2962,Fortuna Sittard,NEC Nijmegen,3.0,2.0,,sofascore
14053654,2025-08-31,VriendenLoterij Eredivisie,VriendenLoterij Eredivisie 25/26,2971,2948,PEC Zwolle,FC Utrecht,0.0,2.0,,sofascore
14053651,2025-08-31,VriendenLoterij Eredivisie,VriendenLoterij Eredivisie 25/26,2960,2959,Sparta Rotterdam,Feyenoord,0.0,4.0,,sofascore
14053657,2025-08-31,VriendenLoterij Eredivisie,VriendenLoterij Eredivisie 25/26,2947,2950,NAC Breda,AZ Alkmaar,0.0,1.0,,sofascore
14053660,2025-09-13,VriendenLoterij Eredivisie,VriendenLoterij Eredivisie 25/26,2953,2971,AFC Ajax,PEC Zwolle,3.0,1.0,,sofascore
14053662,2025-09-13,VriendenLoterij Eredivisie,VriendenLoterij Eredivisie 25/26,2962,2952,NEC Nijmegen,PSV Eindhoven,3.0,5.0,,sofascore
14053665,2025-09-13,VriendenLoterij Eredivisie,VriendenLoterij Eredivisie 25/26,2979,2968,Go Ahead Eagles,FC Volendam,3.0,0.0,,sofascore
14053668,2025-09-13,VriendenLoterij Eredivisie,VriendenLoterij Eredivisie 25/26,2955,2947,FC Twente,NAC Breda,2.0,2.0,,sofascore
14053671,2025-09-13,VriendenLoterij Eredivisie,VriendenLoterij Eredivisie 25/26,2959,2964,Feyenoord,SC Heerenveen,1.0,0.0,,sofascore
14053674,2025-09-14,VriendenLoterij Eredivisie,VriendenLoterij Eredivisie 25/26,2967,2960,Excelsior,Sparta Rotterdam,0.0,1.0,,sofascore
14053677,2025-09-14,VriendenLoterij Eredivisie,VriendenLoterij Eredivisie 25/26,2948,2951,FC Utrecht,FC Groningen,0.0,1.0,,sofascore
14053679,2025-09-14,VriendenLoterij Eredivisie,VriendenLoterij Eredivisie 25/26,2977,2950,Heracles Almelo,AZ Alkmaar,1.0,2.0,,sofascore
14053682,2025-09-14,VriendenLoterij Eredivisie,VriendenLoterij Eredivisie 25/26,2972,2957,SC Telstar,Fortuna Sittard,1.0,3.0,,sofascore
14053685,2025-09-17,VriendenLoterij Eredivisie,VriendenLoterij Eredivisie 25/26,2959,2957,Feyenoord,Fortuna Sittard,2.0,0.0,,sofascore
14053688,2025-09-19,VriendenLoterij Eredivisie,VriendenLoterij Eredivisie 25/26,2960,2955,Sparta Rotterdam,FC Twente,1.0,5.0,,sofascore
14053690,2025-09-20,VriendenLoterij Eredivisie,VriendenLoterij Eredivisie 25/26,2968,2967,FC Volendam,Excelsior,1.0,2.0,,sofascore
14053693,2025-09-20,VriendenLoterij Eredivisie,VriendenLoterij Eredivisie 25/26,2951,2972,FC Groningen,SC Telstar,2.0,0.0,,sofascore
14053696,2025-09-20,VriendenLoterij Eredivisie,VriendenLoterij Eredivisie 25/26,2957,2948,Fortuna Sittard,FC Utrecht,1.0,0.0,,sofascore
14053699,2025-09-20,VriendenLoterij Eredivisie,VriendenLoterij Eredivisie 25/26,2947,2977,NAC Breda,Heracles Almelo,2.0,1.0,,sofascore
14053702,2025-09-21,VriendenLoterij Eredivisie,VriendenLoterij Eredivisie 25/26,2971,2979,PEC Zwolle,Go Ahead Eagles,0.0,2.0,,sofascore
14053707,2025-09-21,VriendenLoterij Eredivisie,VriendenLoterij Eredivisie 25/26,2964,2962,SC Heerenveen,NEC Nijmegen,3.0,2.0,,sofascore
14053705,2025-09-21,VriendenLoterij Eredivisie,VriendenLoterij Eredivisie 25/26,2952,2953,PSV Eindhoven,AFC Ajax,2.0,2.0,,sofascore
14053710,2025-09-21,VriendenLoterij Eredivisie,VriendenLoterij Eredivisie 25/26,2950,2959,AZ Alkmaar,Feyenoord,3.0,3.0,,sofascore
14468218,2025-09-24,VriendenLoterij Eredivisie,VriendenLoterij Eredivisie 25/26,2950,2971,AZ Alkmaar,PEC Zwolle,2.0,2.0,,sofascore
14053578,2025-08-08,VriendenLoterij Eredivisie,VriendenLoterij Eredivisie 25/26,2957,2979,Fortuna Sittard,Go Ahead Eagles,2.0,2.0,,sofascore
14053579,2025-08-09,VriendenLoterij Eredivisie,VriendenLoterij Eredivisie 25/26,2962,2967,NEC Nijmegen,Excelsior,5.0,0.0,,sofascore
14053580,2025-08-09,VriendenLoterij Eredivisie,VriendenLoterij Eredivisie 25/26,2959,2947,Feyenoord,NAC Breda,2.0,0.0,,sofascore
14053581,2025-08-09,VriendenLoterij Eredivisie,VriendenLoterij Eredivisie 25/26,2964,2968,SC Heerenveen,FC Volendam,1.0,1.0,,sofascore
14053583,2025-08-09,VriendenLoterij Eredivisie,VriendenLoterij Eredivisie 25/26,2952,2960,PSV Eindhoven,Sparta Rotterdam,6.0,1.0,,sofascore
14053584,2025-08-10,VriendenLoterij Eredivisie,VriendenLoterij Eredivisie 25/26,2971,2955,PEC Zwolle,FC Twente,1.0,0.0,,sofascore
14053585,2025-08-10,VriendenLoterij Eredivisie,VriendenLoterij Eredivisie 25/26,2950,2951,AZ Alkmaar,FC Groningen,4.0,1.0,,sofascore
14053587,2025-08-10,VriendenLoterij Eredivisie,VriendenLoterij Eredivisie 25/26,2953,2972,AFC Ajax,SC Telstar,2.0,0.0,,sofascore
14053590,2025-08-10,VriendenLoterij Eredivisie,VriendenLoterij Eredivisie 25/26,2948,2977,FC Utrecht,Heracles Almelo,4.0,0.0,,sofascore
14053592,2025-08-15,VriendenLoterij Eredivisie,VriendenLoterij Eredivisie 25/26,2972,2971,SC Telstar,PEC Zwolle,0.0,2.0,,sofascore
14053594,2025-08-16,VriendenLoterij Eredivisie,VriendenLoterij Eredivisie 25/26,2967,2959,Excelsior,Feyenoord,1.0,2.0,,sofascore
14046019,2025-08-16,VriendenLoterij Eredivisie,VriendenLoterij Eredivisie 25/26,2977,2962,Heracles Almelo,NEC Nijmegen,1.0,4.0,,sofascore
14046020,2025-08-16,VriendenLoterij Eredivisie,VriendenLoterij Eredivisie 25/26,2951,2964,FC Groningen,SC Heerenveen,2.0,1.0,,sofascore
14053598,2025-08-17,VriendenLoterij Eredivisie,VriendenLoterij Eredivisie 25/26,2979,2953,Go Ahead Eagles,AFC Ajax,2.0,2.0,,sofascore
14053601,2025-08-17,VriendenLoterij Eredivisie,VriendenLoterij Eredivisie 25/26,2960,2948,Sparta Rotterdam,FC Utrecht,2.0,1.0,,sofascore
14053603,2025-08-17,VriendenLoterij Eredivisie,VriendenLoterij Eredivisie 25/26,2955,2952,FC Twente,PSV Eindhoven,0.0,2.0,,sofascore
14053606,2025-08-17,VriendenLoterij Eredivisie,VriendenLoterij Eredivisie 25/26,2968,2950,FC Volendam,AZ Alkmaar,2.0,2.0,,sofascore
14053609,2025-08-17,VriendenLoterij Eredivisie,VriendenLoterij Eredivisie 25/26,2947,2957,NAC Breda,Fortuna Sittard,2.0,1.0,,sofascore
14053612,2025-08-23,VriendenLoterij Eredivisie,VriendenLoterij Eredivisie 25/26,2979,2960,Go Ahead Eagles,Sparta Rotterdam,0.0,3.0,,sofascore
14053615,2025-08-23,VriendenLoterij Eredivisie,VriendenLoterij Eredivisie 25/26,2952,2951,PSV Eindhoven,FC Groningen,4.0,2.0,,sofascore
14053618,2025-08-23,VriendenLoterij Eredivisie,VriendenLoterij Eredivisie 25/26,2972,2968,SC Telstar,FC Volendam,2.0,2.0,,sofascore
14053621,2025-08-24,VriendenLoterij Eredivisie,VriendenLoterij Eredivisie 25/26,2964,2955,SC Heerenveen,FC Twente,1.0,2.0,,sofascore
14053623,2025-08-24,VriendenLoterij Eredivisie,VriendenLoterij Eredivisie 25/26,2950,2971,AZ Alkmaar,PEC Zwolle,,,,sofascore
14053629,2025-08-24,VriendenLoterij Eredivisie,VriendenLoterij Eredivisie 25/26,2962,2947,NEC Nijmegen,NAC Breda,3.0,0.0,,sofascore
14053626,2025-08-24,VriendenLoterij Eredivisie,VriendenLoterij Eredivisie 25/26,2948,2967,FC Utrecht,Excelsior,4.0,1.0,,sofascore
