id_sofascore,match_date,competition,season,home_team_id_ss,away_team_id_ss,home_team_name,away_team_name,home_score,away_score,attendance,referee_id_ss,referee_name,referee_country,data_source
14167965,2026-04-11,Ligue 1,Ligue 1 25/26,1648,1644,RC Lens,Paris Saint-Germain,0.0,0.0,,,,,sofascore
14167986,2026-05-02,Ligue 1,Ligue 1 25/26,1651,1653,Metz,AS Monaco,1.0,2.0,,,,,sofascore
14167992,2026-05-02,Ligue 1,Ligue 1 25/26,1661,1648,Nice,RC Lens,1.0,1.0,,,,,sofascore
14167987,2026-05-03,Ligue 1,Ligue 1 25/26,1643,1662,Lille,Le Havre,1.0,1.0,,,,,sofascore
14167991,2026-05-03,Ligue 1,Ligue 1 25/26,1646,1684,Auxerre,Angers,3.0,1.0,,,,,sofascore
14167990,2026-05-03,Ligue 1,Ligue 1 25/26,6070,1715,Paris FC,Stade Brestois,4.0,0.0,,,,,sofascore
14167988,2026-05-03,Ligue 1,Ligue 1 25/26,1659,1681,RC Strasbourg,Toulouse,1.0,2.0,,,,,sofascore
14167989,2026-05-03,Ligue 1,Ligue 1 25/26,1649,1658,Olympique Lyonnais,Stade Rennais,4.0,2.0,,,,,sofascore
14064514,2026-05-08,Ligue 1,Ligue 1 25/26,1648,1647,RC Lens,Nantes,1.0,0.0,,,,,sofascore
14064517,2026-05-10,Ligue 1,Ligue 1 25/26,1651,1656,Metz,Lorient,0.0,4.0,,,,,sofascore
14064519,2026-05-10,Ligue 1,Ligue 1 25/26,1646,1661,Auxerre,Nice,2.0,1.0,,,,,sofascore
14064513,2026-05-10,Ligue 1,Ligue 1 25/26,1658,6070,Stade Rennais,Paris FC,2.0,1.0,,,,,sofascore
14064518,2026-05-10,Ligue 1,Ligue 1 25/26,1684,1659,Angers,RC Strasbourg,1.0,1.0,,,,,sofascore
14064515,2026-05-10,Ligue 1,Ligue 1 25/26,1681,1649,Toulouse,Olympique Lyonnais,2.0,1.0,,,,,sofascore
14064521,2026-05-10,Ligue 1,Ligue 1 25/26,1653,1643,AS Monaco,Lille,0.0,1.0,,,,,sofascore
14064504,2026-05-10,Ligue 1,Ligue 1 25/26,1662,1641,Le Havre,Olympique de Marseille,0.0,1.0,,,,,sofascore
14064510,2026-05-10,Ligue 1,Ligue 1 25/26,1644,1715,Paris Saint-Germain,Stade Brestois,1.0,0.0,,,,,sofascore
16156961,2026-05-12,"Ligue 1, Relegation/Promotion Playoffs",Ligue 1 25/26,52874,6925,Red Star FC,Rodez AF,2.0,3.0,,,,,sofascore
15889322,2026-05-13,Ligue 1,Ligue 1 25/26,1715,1659,Stade Brestois,RC Strasbourg,1.0,2.0,,,,,sofascore
15889331,2026-05-13,Ligue 1,Ligue 1 25/26,1648,1644,RC Lens,Paris Saint-Germain,0.0,2.0,,,,,sofascore
16173051,2026-05-15,"Ligue 1, Relegation/Promotion Playoffs",Ligue 1 25/26,1678,6925,Saint-Étienne,Rodez AF,7.0,6.0,,,,,sofascore
14061904,2026-05-17,Ligue 1,Ligue 1 25/26,1656,1662,Lorient,Le Havre,0.0,2.0,,,,,sofascore
14061908,2026-05-17,Ligue 1,Ligue 1 25/26,1715,1684,Stade Brestois,Angers,1.0,1.0,,,,,sofascore
14061912,2026-05-17,Ligue 1,Ligue 1 25/26,1647,1681,Nantes,Toulouse,0.0,0.0,,,,,sofascore
14061909,2026-05-17,Ligue 1,Ligue 1 25/26,1661,1651,Nice,Metz,0.0,0.0,,,,,sofascore
14061906,2026-05-17,Ligue 1,Ligue 1 25/26,1643,1646,Lille,Auxerre,0.0,2.0,,,,,sofascore
14061905,2026-05-17,Ligue 1,Ligue 1 25/26,1659,1653,RC Strasbourg,AS Monaco,5.0,4.0,,,,,sofascore
14061911,2026-05-17,Ligue 1,Ligue 1 25/26,1649,1648,Olympique Lyonnais,RC Lens,0.0,4.0,,,,,sofascore
14061907,2026-05-17,Ligue 1,Ligue 1 25/26,1641,1658,Olympique de Marseille,Stade Rennais,3.0,1.0,,,,,sofascore
14061910,2026-05-17,Ligue 1,Ligue 1 25/26,6070,1644,Paris FC,Paris Saint-Germain,2.0,1.0,,,,,sofascore
16198895,2026-05-26,"Ligue 1, Relegation/Promotion Playoffs",Ligue 1 25/26,1678,1661,Saint-Étienne,Nice,0.0,0.0,,,,,sofascore
14167948,2026-04-05,Ligue 1,Ligue 1 25/26,1653,1641,AS Monaco,Olympique de Marseille,2.0,1.0,,,,,sofascore
14167962,2026-04-10,Ligue 1,Ligue 1 25/26,6070,1653,Paris FC,AS Monaco,4.0,1.0,,,,,sofascore
14167957,2026-04-10,Ligue 1,Ligue 1 25/26,1641,1651,Olympique de Marseille,Metz,3.0,1.0,,,,,sofascore
14167964,2026-04-11,Ligue 1,Ligue 1 25/26,1646,1647,Auxerre,Nantes,0.0,0.0,,,,,sofascore
14167959,2026-04-11,Ligue 1,Ligue 1 25/26,1658,1684,Stade Rennais,Angers,2.0,1.0,,,,,sofascore
14167960,2026-04-12,Ligue 1,Ligue 1 25/26,1661,1662,Nice,Le Havre,1.0,1.0,,,,,sofascore
14167961,2026-04-12,Ligue 1,Ligue 1 25/26,1715,1659,Stade Brestois,RC Strasbourg,,,,,,,sofascore
14167963,2026-04-12,Ligue 1,Ligue 1 25/26,1681,1643,Toulouse,Lille,0.0,4.0,,,,,sofascore
14167958,2026-04-12,Ligue 1,Ligue 1 25/26,1649,1656,Olympique Lyonnais,Lorient,2.0,0.0,,,,,sofascore
14167969,2026-04-17,Ligue 1,Ligue 1 25/26,1648,1681,RC Lens,Toulouse,3.0,2.0,,,,,sofascore
14167966,2026-04-18,Ligue 1,Ligue 1 25/26,1656,1641,Lorient,Olympique de Marseille,2.0,0.0,,,,,sofascore
14167970,2026-04-18,Ligue 1,Ligue 1 25/26,1684,1662,Angers,Le Havre,1.0,1.0,,,,,sofascore
14167973,2026-04-18,Ligue 1,Ligue 1 25/26,1643,1661,Lille,Nice,0.0,0.0,,,,,sofascore
14167971,2026-04-19,Ligue 1,Ligue 1 25/26,1653,1646,AS Monaco,Auxerre,2.0,2.0,,,,,sofascore
14167968,2026-04-19,Ligue 1,Ligue 1 25/26,1651,6070,Metz,Paris FC,1.0,3.0,,,,,sofascore
14167972,2026-04-19,Ligue 1,Ligue 1 25/26,1647,1715,Nantes,Stade Brestois,1.0,1.0,,,,,sofascore
14167967,2026-04-19,Ligue 1,Ligue 1 25/26,1659,1658,RC Strasbourg,Stade Rennais,0.0,3.0,,,,,sofascore
14167974,2026-04-19,Ligue 1,Ligue 1 25/26,1644,1649,Paris Saint-Germain,Olympique Lyonnais,1.0,2.0,,,,,sofascore
14167914,2026-04-22,Ligue 1,Ligue 1 25/26,1644,1647,Paris Saint-Germain,Nantes,3.0,0.0,,,,,sofascore
14167982,2026-04-24,Ligue 1,Ligue 1 25/26,1715,1648,Stade Brestois,RC Lens,3.0,3.0,,,,,sofascore
14167980,2026-04-25,Ligue 1,Ligue 1 25/26,1649,1646,Olympique Lyonnais,Auxerre,3.0,2.0,,,,,sofascore
14167976,2026-04-25,Ligue 1,Ligue 1 25/26,1684,1644,Angers,Paris Saint-Germain,0.0,3.0,,,,,sofascore
14167981,2026-04-25,Ligue 1,Ligue 1 25/26,1681,1653,Toulouse,AS Monaco,2.0,2.0,,,,,sofascore
14167979,2026-04-26,Ligue 1,Ligue 1 25/26,1656,1659,Lorient,RC Strasbourg,2.0,3.0,,,,,sofascore
14167977,2026-04-26,Ligue 1,Ligue 1 25/26,1662,1651,Le Havre,Metz,4.0,4.0,,,,,sofascore
14167975,2026-04-26,Ligue 1,Ligue 1 25/26,1658,1647,Stade Rennais,Nantes,2.0,1.0,,,,,sofascore
14167978,2026-04-26,Ligue 1,Ligue 1 25/26,6070,1643,Paris FC,Lille,0.0,1.0,,,,,sofascore
14167983,2026-04-26,Ligue 1,Ligue 1 25/26,1641,1661,Olympique de Marseille,Nice,1.0,1.0,,,,,sofascore
14167985,2026-05-02,Ligue 1,Ligue 1 25/26,1647,1641,Nantes,Olympique de Marseille,3.0,0.0,,,,,sofascore
14167984,2026-05-02,Ligue 1,Ligue 1 25/26,1644,1656,Paris Saint-Germain,Lorient,2.0,2.0,,,,,sofascore
14167904,2026-03-08,Ligue 1,Ligue 1 25/26,1648,1651,RC Lens,Metz,3.0,0.0,,,,,sofascore
14167898,2026-03-08,Ligue 1,Ligue 1 25/26,1715,1662,Stade Brestois,Le Havre,2.0,0.0,,,,,sofascore
14167900,2026-03-08,Ligue 1,Ligue 1 25/26,1661,1658,Nice,Stade Rennais,0.0,4.0,,,,,sofascore
14167906,2026-03-08,Ligue 1,Ligue 1 25/26,1643,1656,Lille,Lorient,1.0,1.0,,,,,sofascore
14167902,2026-03-08,Ligue 1,Ligue 1 25/26,1649,6070,Olympique Lyonnais,Paris FC,1.0,1.0,,,,,sofascore
14167929,2026-03-13,Ligue 1,Ligue 1 25/26,1641,1646,Olympique de Marseille,Auxerre,1.0,0.0,,,,,sofascore
14167916,2026-03-14,Ligue 1,Ligue 1 25/26,1656,1648,Lorient,RC Lens,2.0,1.0,,,,,sofascore
14167926,2026-03-14,Ligue 1,Ligue 1 25/26,1684,1661,Angers,Nice,0.0,2.0,,,,,sofascore
14167928,2026-03-14,Ligue 1,Ligue 1 25/26,1653,1715,AS Monaco,Stade Brestois,2.0,0.0,,,,,sofascore
14167920,2026-03-15,Ligue 1,Ligue 1 25/26,1659,6070,RC Strasbourg,Paris FC,0.0,0.0,,,,,sofascore
14167922,2026-03-15,Ligue 1,Ligue 1 25/26,1651,1681,Metz,Toulouse,3.0,4.0,,,,,sofascore
14167918,2026-03-15,Ligue 1,Ligue 1 25/26,1662,1649,Le Havre,Olympique Lyonnais,0.0,0.0,,,,,sofascore
14167924,2026-03-15,Ligue 1,Ligue 1 25/26,1658,1643,Stade Rennais,Lille,1.0,2.0,,,,,sofascore
14167938,2026-03-20,Ligue 1,Ligue 1 25/26,1648,1684,RC Lens,Angers,5.0,1.0,,,,,sofascore
14167942,2026-03-21,Ligue 1,Ligue 1 25/26,1681,1656,Toulouse,Lorient,1.0,0.0,,,,,sofascore
14167932,2026-03-21,Ligue 1,Ligue 1 25/26,1646,1715,Auxerre,Stade Brestois,3.0,0.0,,,,,sofascore
14167944,2026-03-21,Ligue 1,Ligue 1 25/26,1661,1644,Nice,Paris Saint-Germain,0.0,4.0,,,,,sofascore
14167930,2026-03-22,Ligue 1,Ligue 1 25/26,1649,1653,Olympique Lyonnais,AS Monaco,1.0,2.0,,,,,sofascore
14167940,2026-03-22,Ligue 1,Ligue 1 25/26,6070,1662,Paris FC,Le Havre,3.0,2.0,,,,,sofascore
14167934,2026-03-22,Ligue 1,Ligue 1 25/26,1658,1651,Stade Rennais,Metz,0.0,0.0,,,,,sofascore
14167946,2026-03-22,Ligue 1,Ligue 1 25/26,1641,1643,Olympique de Marseille,Lille,1.0,2.0,,,,,sofascore
14167936,2026-03-22,Ligue 1,Ligue 1 25/26,1647,1659,Nantes,RC Strasbourg,2.0,3.0,,,,,sofascore
14167955,2026-04-03,Ligue 1,Ligue 1 25/26,1644,1681,Paris Saint-Germain,Toulouse,3.0,1.0,,,,,sofascore
14167956,2026-04-04,Ligue 1,Ligue 1 25/26,1659,1661,RC Strasbourg,Nice,3.0,1.0,,,,,sofascore
14167949,2026-04-04,Ligue 1,Ligue 1 25/26,1715,1658,Stade Brestois,Stade Rennais,3.0,4.0,,,,,sofascore
14167954,2026-04-04,Ligue 1,Ligue 1 25/26,1643,1648,Lille,RC Lens,3.0,0.0,,,,,sofascore
14167950,2026-04-05,Ligue 1,Ligue 1 25/26,1684,1649,Angers,Olympique Lyonnais,0.0,0.0,,,,,sofascore
14167952,2026-04-05,Ligue 1,Ligue 1 25/26,1662,1646,Le Havre,Auxerre,1.0,1.0,,,,,sofascore
14167953,2026-04-05,Ligue 1,Ligue 1 25/26,1656,6070,Lorient,Paris FC,1.0,1.0,,,,,sofascore
14689441,2026-04-05,Ligue 1,Ligue 1 25/26,1651,1647,Metz,Nantes,0.0,0.0,,,,,sofascore
14064500,2026-02-13,Ligue 1,Ligue 1 25/26,1653,1647,AS Monaco,Nantes,3.0,1.0,,,,,sofascore
14064494,2026-02-14,Ligue 1,Ligue 1 25/26,1641,1659,Olympique de Marseille,RC Strasbourg,2.0,2.0,,,,,sofascore
14064498,2026-02-14,Ligue 1,Ligue 1 25/26,1643,1715,Lille,Stade Brestois,1.0,1.0,,,,,sofascore
14064492,2026-02-14,Ligue 1,Ligue 1 25/26,6070,1648,Paris FC,RC Lens,0.0,5.0,,,,,sofascore
14064491,2026-02-15,Ligue 1,Ligue 1 25/26,1662,1681,Le Havre,Toulouse,2.0,1.0,,,,,sofascore
14064493,2026-02-15,Ligue 1,Ligue 1 25/26,1651,1646,Metz,Auxerre,1.0,3.0,,,,,sofascore
14064497,2026-02-15,Ligue 1,Ligue 1 25/26,1656,1684,Lorient,Angers,2.0,0.0,,,,,sofascore
14064495,2026-02-15,Ligue 1,Ligue 1 25/26,1649,1661,Olympique Lyonnais,Nice,2.0,0.0,,,,,sofascore
14167866,2026-02-20,Ligue 1,Ligue 1 25/26,1715,1641,Stade Brestois,Olympique de Marseille,2.0,0.0,,,,,sofascore
14167892,2026-02-21,Ligue 1,Ligue 1 25/26,1648,1653,RC Lens,AS Monaco,2.0,3.0,,,,,sofascore
14167871,2026-02-21,Ligue 1,Ligue 1 25/26,1681,6070,Toulouse,Paris FC,1.0,1.0,,,,,sofascore
14167865,2026-02-21,Ligue 1,Ligue 1 25/26,1644,1651,Paris Saint-Germain,Metz,3.0,0.0,,,,,sofascore
14167875,2026-02-22,Ligue 1,Ligue 1 25/26,1646,1658,Auxerre,Stade Rennais,0.0,3.0,,,,,sofascore
14167869,2026-02-22,Ligue 1,Ligue 1 25/26,1647,1662,Nantes,Le Havre,2.0,0.0,,,,,sofascore
14167867,2026-02-22,Ligue 1,Ligue 1 25/26,1661,1656,Nice,Lorient,3.0,3.0,,,,,sofascore
14167873,2026-02-22,Ligue 1,Ligue 1 25/26,1684,1643,Angers,Lille,0.0,1.0,,,,,sofascore
14064501,2026-02-22,Ligue 1,Ligue 1 25/26,1659,1649,RC Strasbourg,Olympique Lyonnais,3.0,1.0,,,,,sofascore
14167891,2026-02-27,Ligue 1,Ligue 1 25/26,1659,1648,RC Strasbourg,RC Lens,1.0,1.0,,,,,sofascore
14167879,2026-02-28,Ligue 1,Ligue 1 25/26,1658,1681,Stade Rennais,Toulouse,1.0,0.0,,,,,sofascore
14167881,2026-02-28,Ligue 1,Ligue 1 25/26,1653,1684,AS Monaco,Angers,2.0,0.0,,,,,sofascore
14167877,2026-02-28,Ligue 1,Ligue 1 25/26,1662,1644,Le Havre,Paris Saint-Germain,0.0,1.0,,,,,sofascore
14167889,2026-03-01,Ligue 1,Ligue 1 25/26,6070,1661,Paris FC,Nice,1.0,0.0,,,,,sofascore
14167883,2026-03-01,Ligue 1,Ligue 1 25/26,1656,1646,Lorient,Auxerre,2.0,2.0,,,,,sofascore
14167885,2026-03-01,Ligue 1,Ligue 1 25/26,1651,1715,Metz,Stade Brestois,0.0,1.0,,,,,sofascore
14167887,2026-03-01,Ligue 1,Ligue 1 25/26,1643,1647,Lille,Nantes,1.0,0.0,,,,,sofascore
14167894,2026-03-01,Ligue 1,Ligue 1 25/26,1641,1649,Olympique de Marseille,Olympique Lyonnais,3.0,2.0,,,,,sofascore
14167912,2026-03-06,Ligue 1,Ligue 1 25/26,1644,1653,Paris Saint-Germain,AS Monaco,1.0,3.0,,,,,sofascore
14167910,2026-03-07,Ligue 1,Ligue 1 25/26,1647,1684,Nantes,Angers,0.0,1.0,,,,,sofascore
14167908,2026-03-07,Ligue 1,Ligue 1 25/26,1646,1659,Auxerre,RC Strasbourg,0.0,0.0,,,,,sofascore
14167896,2026-03-07,Ligue 1,Ligue 1 25/26,1681,1641,Toulouse,Olympique de Marseille,0.0,1.0,,,,,sofascore
14064460,2026-01-18,Ligue 1,Ligue 1 25/26,1658,1662,Stade Rennais,Le Havre,1.0,1.0,,,,,sofascore
14064455,2026-01-18,Ligue 1,Ligue 1 25/26,1649,1715,Olympique Lyonnais,Stade Brestois,2.0,1.0,,,,,sofascore
14064470,2026-01-23,Ligue 1,Ligue 1 25/26,1646,1644,Auxerre,Paris Saint-Germain,0.0,1.0,,,,,sofascore
14064471,2026-01-24,Ligue 1,Ligue 1 25/26,1658,1656,Stade Rennais,Lorient,0.0,2.0,,,,,sofascore
14064473,2026-01-24,Ligue 1,Ligue 1 25/26,1662,1653,Le Havre,AS Monaco,0.0,0.0,,,,,sofascore
14064469,2026-01-24,Ligue 1,Ligue 1 25/26,1641,1648,Olympique de Marseille,RC Lens,3.0,1.0,,,,,sofascore
14064474,2026-01-25,Ligue 1,Ligue 1 25/26,1647,1661,Nantes,Nice,1.0,4.0,,,,,sofascore
14064466,2026-01-25,Ligue 1,Ligue 1 25/26,6070,1684,Paris FC,Angers,0.0,0.0,,,,,sofascore
14064472,2026-01-25,Ligue 1,Ligue 1 25/26,1715,1681,Stade Brestois,Toulouse,0.0,2.0,,,,,sofascore
14064467,2026-01-25,Ligue 1,Ligue 1 25/26,1651,1649,Metz,Olympique Lyonnais,2.0,5.0,,,,,sofascore
14064465,2026-01-25,Ligue 1,Ligue 1 25/26,1643,1659,Lille,RC Strasbourg,1.0,4.0,,,,,sofascore
14064480,2026-01-30,Ligue 1,Ligue 1 25/26,1648,1662,RC Lens,Le Havre,1.0,0.0,,,,,sofascore
14064475,2026-01-31,Ligue 1,Ligue 1 25/26,6070,1641,Paris FC,Olympique de Marseille,2.0,2.0,,,,,sofascore
14064478,2026-01-31,Ligue 1,Ligue 1 25/26,1656,1647,Lorient,Nantes,2.0,1.0,,,,,sofascore
14064479,2026-01-31,Ligue 1,Ligue 1 25/26,1653,1658,AS Monaco,Stade Rennais,4.0,0.0,,,,,sofascore
14064468,2026-02-01,Ligue 1,Ligue 1 25/26,1649,1643,Olympique Lyonnais,Lille,1.0,0.0,,,,,sofascore
14064482,2026-02-01,Ligue 1,Ligue 1 25/26,1684,1651,Angers,Metz,1.0,0.0,,,,,sofascore
14064476,2026-02-01,Ligue 1,Ligue 1 25/26,1681,1646,Toulouse,Auxerre,0.0,0.0,,,,,sofascore
14064481,2026-02-01,Ligue 1,Ligue 1 25/26,1661,1715,Nice,Stade Brestois,2.0,2.0,,,,,sofascore
14064477,2026-02-01,Ligue 1,Ligue 1 25/26,1659,1644,RC Strasbourg,Paris Saint-Germain,1.0,2.0,,,,,sofascore
14064496,2026-02-06,Ligue 1,Ligue 1 25/26,1651,1643,Metz,Lille,0.0,0.0,,,,,sofascore
14064487,2026-02-07,Ligue 1,Ligue 1 25/26,1648,1658,RC Lens,Stade Rennais,3.0,1.0,,,,,sofascore
14064488,2026-02-07,Ligue 1,Ligue 1 25/26,1715,1656,Stade Brestois,Lorient,2.0,0.0,,,,,sofascore
14064486,2026-02-07,Ligue 1,Ligue 1 25/26,1647,1649,Nantes,Olympique Lyonnais,0.0,1.0,,,,,sofascore
14064483,2026-02-08,Ligue 1,Ligue 1 25/26,1661,1653,Nice,AS Monaco,0.0,0.0,,,,,sofascore
14064484,2026-02-08,Ligue 1,Ligue 1 25/26,1646,6070,Auxerre,Paris FC,0.0,0.0,,,,,sofascore
14064489,2026-02-08,Ligue 1,Ligue 1 25/26,1684,1681,Angers,Toulouse,1.0,0.0,,,,,sofascore
14064490,2026-02-08,Ligue 1,Ligue 1 25/26,1662,1659,Le Havre,RC Strasbourg,2.0,1.0,,,,,sofascore
14064485,2026-02-08,Ligue 1,Ligue 1 25/26,1644,1641,Paris Saint-Germain,Olympique de Marseille,5.0,0.0,,,,,sofascore
14064499,2026-02-13,Ligue 1,Ligue 1 25/26,1658,1644,Stade Rennais,Paris Saint-Germain,3.0,1.0,,,,,sofascore
14064445,2025-12-06,Ligue 1,Ligue 1 25/26,1644,1658,Paris Saint-Germain,Stade Rennais,5.0,0.0,,,,,sofascore
14064432,2025-12-07,Ligue 1,Ligue 1 25/26,1661,1684,Nice,Angers,0.0,1.0,,,,,sofascore
14064422,2025-12-07,Ligue 1,Ligue 1 25/26,1646,1651,Auxerre,Metz,3.0,1.0,,,,,sofascore
14064417,2025-12-07,Ligue 1,Ligue 1 25/26,1662,6070,Le Havre,Paris FC,0.0,0.0,,,,,sofascore
14064435,2025-12-07,Ligue 1,Ligue 1 25/26,1656,1649,Lorient,Olympique Lyonnais,1.0,0.0,,,,,sofascore
14064439,2025-12-12,Ligue 1,Ligue 1 25/26,1684,1647,Angers,Nantes,4.0,1.0,,,,,sofascore
14064440,2025-12-13,Ligue 1,Ligue 1 25/26,1658,1715,Stade Rennais,Stade Brestois,3.0,1.0,,,,,sofascore
14064442,2025-12-13,Ligue 1,Ligue 1 25/26,1651,1644,Metz,Paris Saint-Germain,2.0,3.0,,,,,sofascore
14064443,2025-12-13,Ligue 1,Ligue 1 25/26,6070,1681,Paris FC,Toulouse,0.0,3.0,,,,,sofascore
14064441,2025-12-14,Ligue 1,Ligue 1 25/26,1649,1662,Olympique Lyonnais,Le Havre,1.0,0.0,,,,,sofascore
14064444,2025-12-14,Ligue 1,Ligue 1 25/26,1659,1656,RC Strasbourg,Lorient,0.0,0.0,,,,,sofascore
14064446,2025-12-14,Ligue 1,Ligue 1 25/26,1648,1661,RC Lens,Nice,2.0,0.0,,,,,sofascore
14064437,2025-12-14,Ligue 1,Ligue 1 25/26,1646,1643,Auxerre,Lille,3.0,4.0,,,,,sofascore
14064438,2025-12-14,Ligue 1,Ligue 1 25/26,1641,1653,Olympique de Marseille,AS Monaco,1.0,0.0,,,,,sofascore
14064454,2026-01-02,Ligue 1,Ligue 1 25/26,1681,1648,Toulouse,RC Lens,0.0,3.0,,,,,sofascore
14064448,2026-01-03,Ligue 1,Ligue 1 25/26,1653,1649,AS Monaco,Olympique Lyonnais,1.0,3.0,,,,,sofascore
14064447,2026-01-03,Ligue 1,Ligue 1 25/26,1661,1659,Nice,RC Strasbourg,1.0,1.0,,,,,sofascore
14064449,2026-01-03,Ligue 1,Ligue 1 25/26,1643,1658,Lille,Stade Rennais,0.0,2.0,,,,,sofascore
14064458,2026-01-04,Ligue 1,Ligue 1 25/26,1641,1647,Olympique de Marseille,Nantes,0.0,2.0,,,,,sofascore
14064452,2026-01-04,Ligue 1,Ligue 1 25/26,1656,1651,Lorient,Metz,1.0,1.0,,,,,sofascore
14064453,2026-01-04,Ligue 1,Ligue 1 25/26,1662,1684,Le Havre,Angers,2.0,1.0,,,,,sofascore
14064450,2026-01-04,Ligue 1,Ligue 1 25/26,1715,1646,Stade Brestois,Auxerre,2.0,0.0,,,,,sofascore
14064451,2026-01-04,Ligue 1,Ligue 1 25/26,1644,6070,Paris Saint-Germain,Paris FC,2.0,1.0,,,,,sofascore
14064463,2026-01-16,Ligue 1,Ligue 1 25/26,1653,1656,AS Monaco,Lorient,1.0,3.0,,,,,sofascore
14064464,2026-01-16,Ligue 1,Ligue 1 25/26,1644,1643,Paris Saint-Germain,Lille,3.0,0.0,,,,,sofascore
14064461,2026-01-17,Ligue 1,Ligue 1 25/26,1648,1646,RC Lens,Auxerre,1.0,0.0,,,,,sofascore
14064457,2026-01-17,Ligue 1,Ligue 1 25/26,1681,1661,Toulouse,Nice,5.0,1.0,,,,,sofascore
14064462,2026-01-17,Ligue 1,Ligue 1 25/26,1684,1641,Angers,Olympique de Marseille,2.0,5.0,,,,,sofascore
14064456,2026-01-18,Ligue 1,Ligue 1 25/26,1659,1651,RC Strasbourg,Metz,2.0,1.0,,,,,sofascore
14064459,2026-01-18,Ligue 1,Ligue 1 25/26,1647,6070,Nantes,Paris FC,1.0,2.0,,,,,sofascore
14064403,2025-11-08,Ligue 1,Ligue 1 25/26,1641,1715,Olympique de Marseille,Stade Brestois,3.0,0.0,,,,,sofascore
14064402,2025-11-08,Ligue 1,Ligue 1 25/26,1662,1647,Le Havre,Nantes,1.0,1.0,,,,,sofascore
14064424,2025-11-08,Ligue 1,Ligue 1 25/26,1653,1648,AS Monaco,RC Lens,1.0,4.0,,,,,sofascore
14064423,2025-11-09,Ligue 1,Ligue 1 25/26,1656,1681,Lorient,Toulouse,1.0,1.0,,,,,sofascore
14064413,2025-11-09,Ligue 1,Ligue 1 25/26,1684,1646,Angers,Auxerre,2.0,0.0,,,,,sofascore
14064406,2025-11-09,Ligue 1,Ligue 1 25/26,1651,1661,Metz,Nice,2.0,1.0,,,,,sofascore
14064410,2025-11-09,Ligue 1,Ligue 1 25/26,1659,1643,RC Strasbourg,Lille,2.0,0.0,,,,,sofascore
14064421,2025-11-09,Ligue 1,Ligue 1 25/26,1649,1644,Olympique Lyonnais,Paris Saint-Germain,2.0,3.0,,,,,sofascore
14064405,2025-11-21,Ligue 1,Ligue 1 25/26,1661,1641,Nice,Olympique de Marseille,1.0,5.0,,,,,sofascore
14064414,2025-11-22,Ligue 1,Ligue 1 25/26,1648,1659,RC Lens,RC Strasbourg,1.0,0.0,,,,,sofascore
14064408,2025-11-22,Ligue 1,Ligue 1 25/26,1658,1653,Stade Rennais,AS Monaco,4.0,1.0,,,,,sofascore
14064416,2025-11-22,Ligue 1,Ligue 1 25/26,1644,1662,Paris Saint-Germain,Le Havre,3.0,0.0,,,,,sofascore
14064415,2025-11-23,Ligue 1,Ligue 1 25/26,1646,1649,Auxerre,Olympique Lyonnais,0.0,0.0,,,,,sofascore
14064429,2025-11-23,Ligue 1,Ligue 1 25/26,1647,1656,Nantes,Lorient,1.0,1.0,,,,,sofascore
14064409,2025-11-23,Ligue 1,Ligue 1 25/26,1681,1684,Toulouse,Angers,0.0,1.0,,,,,sofascore
14064411,2025-11-23,Ligue 1,Ligue 1 25/26,1715,1651,Stade Brestois,Metz,3.0,2.0,,,,,sofascore
14064407,2025-11-23,Ligue 1,Ligue 1 25/26,1643,6070,Lille,Paris FC,4.0,2.0,,,,,sofascore
14064426,2025-11-28,Ligue 1,Ligue 1 25/26,1651,1658,Metz,Stade Rennais,0.0,1.0,,,,,sofascore
14064418,2025-11-29,Ligue 1,Ligue 1 25/26,1653,1644,AS Monaco,Paris Saint-Germain,1.0,0.0,,,,,sofascore
14064425,2025-11-29,Ligue 1,Ligue 1 25/26,6070,1646,Paris FC,Auxerre,1.0,1.0,,,,,sofascore
14064433,2025-11-29,Ligue 1,Ligue 1 25/26,1641,1681,Olympique de Marseille,Toulouse,2.0,2.0,,,,,sofascore
14064420,2025-11-30,Ligue 1,Ligue 1 25/26,1659,1715,RC Strasbourg,Stade Brestois,1.0,2.0,,,,,sofascore
14064430,2025-11-30,Ligue 1,Ligue 1 25/26,1684,1648,Angers,RC Lens,1.0,2.0,,,,,sofascore
14064419,2025-11-30,Ligue 1,Ligue 1 25/26,1656,1661,Lorient,Nice,3.0,1.0,,,,,sofascore
14064404,2025-11-30,Ligue 1,Ligue 1 25/26,1662,1643,Le Havre,Lille,0.0,1.0,,,,,sofascore
14064428,2025-11-30,Ligue 1,Ligue 1 25/26,1649,1647,Olympique Lyonnais,Nantes,3.0,0.0,,,,,sofascore
14064436,2025-12-05,Ligue 1,Ligue 1 25/26,1715,1653,Stade Brestois,AS Monaco,1.0,0.0,,,,,sofascore
14064427,2025-12-05,Ligue 1,Ligue 1 25/26,1643,1641,Lille,Olympique de Marseille,1.0,0.0,,,,,sofascore
14064431,2025-12-06,Ligue 1,Ligue 1 25/26,1647,1648,Nantes,RC Lens,1.0,2.0,,,,,sofascore
14064434,2025-12-06,Ligue 1,Ligue 1 25/26,1681,1659,Toulouse,RC Strasbourg,1.0,0.0,,,,,sofascore
14167903,2025-10-19,Ligue 1,Ligue 1 25/26,1656,1715,Lorient,Stade Brestois,3.0,3.0,,,,,sofascore
14167907,2025-10-19,Ligue 1,Ligue 1 25/26,1647,1643,Nantes,Lille,0.0,2.0,,,,,sofascore
14167923,2025-10-24,Ligue 1,Ligue 1 25/26,6070,1647,Paris FC,Nantes,1.0,2.0,,,,,sofascore
14167927,2025-10-25,Ligue 1,Ligue 1 25/26,1715,1644,Stade Brestois,Paris Saint-Germain,0.0,3.0,,,,,sofascore
14167915,2025-10-25,Ligue 1,Ligue 1 25/26,1653,1681,AS Monaco,Toulouse,1.0,0.0,,,,,sofascore
14167925,2025-10-25,Ligue 1,Ligue 1 25/26,1648,1641,RC Lens,Olympique de Marseille,2.0,1.0,,,,,sofascore
14167921,2025-10-26,Ligue 1,Ligue 1 25/26,1643,1651,Lille,Metz,6.0,1.0,,,,,sofascore
14167919,2025-10-26,Ligue 1,Ligue 1 25/26,1646,1662,Auxerre,Le Havre,0.0,1.0,,,,,sofascore
14167913,2025-10-26,Ligue 1,Ligue 1 25/26,1684,1656,Angers,Lorient,2.0,0.0,,,,,sofascore
14167917,2025-10-26,Ligue 1,Ligue 1 25/26,1658,1661,Stade Rennais,Nice,1.0,2.0,,,,,sofascore
14167911,2025-10-26,Ligue 1,Ligue 1 25/26,1649,1659,Olympique Lyonnais,RC Strasbourg,2.0,1.0,,,,,sofascore
14064516,2025-10-29,Ligue 1,Ligue 1 25/26,1662,1715,Le Havre,Stade Brestois,1.0,0.0,,,,,sofascore
14064507,2025-10-29,Ligue 1,Ligue 1 25/26,1651,1648,Metz,RC Lens,2.0,0.0,,,,,sofascore
14064509,2025-10-29,Ligue 1,Ligue 1 25/26,1661,1643,Nice,Lille,2.0,0.0,,,,,sofascore
14064505,2025-10-29,Ligue 1,Ligue 1 25/26,1656,1644,Lorient,Paris Saint-Germain,1.0,1.0,,,,,sofascore
14064506,2025-10-29,Ligue 1,Ligue 1 25/26,1659,1646,RC Strasbourg,Auxerre,3.0,0.0,,,,,sofascore
14064520,2025-10-29,Ligue 1,Ligue 1 25/26,1681,1658,Toulouse,Stade Rennais,2.0,2.0,,,,,sofascore
14064512,2025-10-29,Ligue 1,Ligue 1 25/26,6070,1649,Paris FC,Olympique Lyonnais,3.0,3.0,,,,,sofascore
14064508,2025-10-29,Ligue 1,Ligue 1 25/26,1647,1653,Nantes,AS Monaco,3.0,5.0,,,,,sofascore
14064511,2025-10-29,Ligue 1,Ligue 1 25/26,1641,1684,Olympique de Marseille,Angers,2.0,2.0,,,,,sofascore
14674515,2025-11-01,Ligue 1,Ligue 1 25/26,1644,1661,Paris Saint-Germain,Nice,1.0,0.0,,,,,sofascore
14167945,2025-11-01,Ligue 1,Ligue 1 25/26,1653,6070,AS Monaco,Paris FC,0.0,1.0,,,,,sofascore
14167947,2025-11-01,Ligue 1,Ligue 1 25/26,1646,1641,Auxerre,Olympique de Marseille,0.0,1.0,,,,,sofascore
14167937,2025-11-02,Ligue 1,Ligue 1 25/26,1658,1659,Stade Rennais,RC Strasbourg,4.0,1.0,,,,,sofascore
14167933,2025-11-02,Ligue 1,Ligue 1 25/26,1681,1662,Toulouse,Le Havre,0.0,0.0,,,,,sofascore
14167943,2025-11-02,Ligue 1,Ligue 1 25/26,1647,1651,Nantes,Metz,0.0,2.0,,,,,sofascore
14167939,2025-11-02,Ligue 1,Ligue 1 25/26,1648,1656,RC Lens,Lorient,3.0,0.0,,,,,sofascore
14167935,2025-11-02,Ligue 1,Ligue 1 25/26,1643,1684,Lille,Angers,1.0,0.0,,,,,sofascore
14167941,2025-11-02,Ligue 1,Ligue 1 25/26,1715,1649,Stade Brestois,Olympique Lyonnais,0.0,0.0,,,,,sofascore
14064412,2025-11-07,Ligue 1,Ligue 1 25/26,6070,1658,Paris FC,Stade Rennais,0.0,1.0,,,,,sofascore
14065729,2025-09-21,Ligue 1,Ligue 1 25/26,6070,1659,Paris FC,RC Strasbourg,2.0,3.0,,,,,sofascore
14065732,2025-09-21,Ligue 1,Ligue 1 25/26,1662,1656,Le Havre,Lorient,1.0,1.0,,,,,sofascore
14065731,2025-09-21,Ligue 1,Ligue 1 25/26,1646,1681,Auxerre,Toulouse,1.0,0.0,,,,,sofascore
14065733,2025-09-21,Ligue 1,Ligue 1 25/26,1653,1651,AS Monaco,Metz,5.0,2.0,,,,,sofascore
14065734,2025-09-22,Ligue 1,Ligue 1 25/26,1641,1644,Olympique de Marseille,Paris Saint-Germain,1.0,0.0,,,,,sofascore
14065740,2025-09-26,Ligue 1,Ligue 1 25/26,1659,1641,RC Strasbourg,Olympique de Marseille,1.0,2.0,,,,,sofascore
14167868,2025-09-27,Ligue 1,Ligue 1 25/26,1656,1653,Lorient,AS Monaco,3.0,1.0,,,,,sofascore
14065736,2025-09-27,Ligue 1,Ligue 1 25/26,1681,1647,Toulouse,Nantes,2.0,2.0,,,,,sofascore
14167872,2025-09-27,Ligue 1,Ligue 1 25/26,1644,1646,Paris Saint-Germain,Auxerre,2.0,0.0,,,,,sofascore
14065741,2025-09-28,Ligue 1,Ligue 1 25/26,1661,6070,Nice,Paris FC,1.0,1.0,,,,,sofascore
14065735,2025-09-28,Ligue 1,Ligue 1 25/26,1651,1662,Metz,Le Havre,0.0,0.0,,,,,sofascore
14065738,2025-09-28,Ligue 1,Ligue 1 25/26,1684,1715,Angers,Stade Brestois,0.0,2.0,,,,,sofascore
14167870,2025-09-28,Ligue 1,Ligue 1 25/26,1643,1649,Lille,Olympique Lyonnais,0.0,1.0,,,,,sofascore
14065739,2025-09-28,Ligue 1,Ligue 1 25/26,1658,1648,Stade Rennais,RC Lens,0.0,0.0,,,,,sofascore
14661320,2025-10-03,Ligue 1,Ligue 1 25/26,6070,1656,Paris FC,Lorient,2.0,0.0,,,,,sofascore
14167876,2025-10-04,Ligue 1,Ligue 1 25/26,1651,1641,Metz,Olympique de Marseille,0.0,3.0,,,,,sofascore
14167886,2025-10-04,Ligue 1,Ligue 1 25/26,1715,1647,Stade Brestois,Nantes,0.0,0.0,,,,,sofascore
14167888,2025-10-04,Ligue 1,Ligue 1 25/26,1646,1648,Auxerre,RC Lens,1.0,2.0,,,,,sofascore
14167878,2025-10-05,Ligue 1,Ligue 1 25/26,1649,1681,Olympique Lyonnais,Toulouse,1.0,2.0,,,,,sofascore
14167884,2025-10-05,Ligue 1,Ligue 1 25/26,1659,1684,RC Strasbourg,Angers,5.0,0.0,,,,,sofascore
14167880,2025-10-05,Ligue 1,Ligue 1 25/26,1662,1658,Le Havre,Stade Rennais,2.0,2.0,,,,,sofascore
14167874,2025-10-05,Ligue 1,Ligue 1 25/26,1653,1661,AS Monaco,Nice,2.0,2.0,,,,,sofascore
14167890,2025-10-05,Ligue 1,Ligue 1 25/26,1643,1644,Lille,Paris Saint-Germain,1.0,1.0,,,,,sofascore
14167897,2025-10-17,Ligue 1,Ligue 1 25/26,1644,1659,Paris Saint-Germain,RC Strasbourg,3.0,3.0,,,,,sofascore
14167895,2025-10-18,Ligue 1,Ligue 1 25/26,1661,1649,Nice,Olympique Lyonnais,3.0,2.0,,,,,sofascore
14167905,2025-10-18,Ligue 1,Ligue 1 25/26,1684,1653,Angers,AS Monaco,1.0,1.0,,,,,sofascore
14167893,2025-10-18,Ligue 1,Ligue 1 25/26,1641,1662,Olympique de Marseille,Le Havre,6.0,2.0,,,,,sofascore
14167901,2025-10-19,Ligue 1,Ligue 1 25/26,1648,6070,RC Lens,Paris FC,2.0,1.0,,,,,sofascore
14167899,2025-10-19,Ligue 1,Ligue 1 25/26,1681,1651,Toulouse,Metz,4.0,0.0,,,,,sofascore
14167909,2025-10-19,Ligue 1,Ligue 1 25/26,1658,1646,Stade Rennais,Auxerre,2.0,2.0,,,,,sofascore
14065703,2025-08-23,Ligue 1,Ligue 1 25/26,1641,6070,Olympique de Marseille,Paris FC,5.0,2.0,,,,,sofascore
14065698,2025-08-23,Ligue 1,Ligue 1 25/26,1661,1646,Nice,Auxerre,3.0,1.0,,,,,sofascore
14065707,2025-08-23,Ligue 1,Ligue 1 25/26,1649,1651,Olympique Lyonnais,Metz,3.0,0.0,,,,,sofascore
14065700,2025-08-24,Ligue 1,Ligue 1 25/26,1656,1658,Lorient,Stade Rennais,4.0,0.0,,,,,sofascore
14065710,2025-08-24,Ligue 1,Ligue 1 25/26,1659,1647,RC Strasbourg,Nantes,1.0,0.0,,,,,sofascore
14065701,2025-08-24,Ligue 1,Ligue 1 25/26,1681,1715,Toulouse,Stade Brestois,2.0,0.0,,,,,sofascore
14065699,2025-08-24,Ligue 1,Ligue 1 25/26,1662,1648,Le Havre,RC Lens,1.0,2.0,,,,,sofascore
14065697,2025-08-24,Ligue 1,Ligue 1 25/26,1643,1653,Lille,AS Monaco,1.0,0.0,,,,,sofascore
14065713,2025-08-29,Ligue 1,Ligue 1 25/26,1648,1715,RC Lens,Stade Brestois,3.0,1.0,,,,,sofascore
14065716,2025-08-30,Ligue 1,Ligue 1 25/26,1656,1643,Lorient,Lille,1.0,7.0,,,,,sofascore
14065717,2025-08-30,Ligue 1,Ligue 1 25/26,1647,1646,Nantes,Auxerre,1.0,0.0,,,,,sofascore
14065705,2025-08-30,Ligue 1,Ligue 1 25/26,1681,1644,Toulouse,Paris Saint-Germain,3.0,6.0,,,,,sofascore
14065714,2025-08-31,Ligue 1,Ligue 1 25/26,1684,1658,Angers,Stade Rennais,1.0,1.0,,,,,sofascore
14065708,2025-08-31,Ligue 1,Ligue 1 25/26,6070,1651,Paris FC,Metz,3.0,2.0,,,,,sofascore
14065712,2025-08-31,Ligue 1,Ligue 1 25/26,1662,1661,Le Havre,Nice,3.0,1.0,,,,,sofascore
14065706,2025-08-31,Ligue 1,Ligue 1 25/26,1653,1659,AS Monaco,RC Strasbourg,3.0,2.0,,,,,sofascore
14065715,2025-08-31,Ligue 1,Ligue 1 25/26,1649,1641,Olympique Lyonnais,Olympique de Marseille,1.0,0.0,,,,,sofascore
14065718,2025-09-12,Ligue 1,Ligue 1 25/26,1641,1656,Olympique de Marseille,Lorient,4.0,0.0,,,,,sofascore
14065721,2025-09-13,Ligue 1,Ligue 1 25/26,1661,1647,Nice,Nantes,1.0,0.0,,,,,sofascore
14065719,2025-09-13,Ligue 1,Ligue 1 25/26,1646,1653,Auxerre,AS Monaco,1.0,2.0,,,,,sofascore
14065728,2025-09-14,Ligue 1,Ligue 1 25/26,1643,1681,Lille,Toulouse,2.0,1.0,,,,,sofascore
14065723,2025-09-14,Ligue 1,Ligue 1 25/26,1651,1684,Metz,Angers,1.0,1.0,,,,,sofascore
14065724,2025-09-14,Ligue 1,Ligue 1 25/26,1659,1662,RC Strasbourg,Le Havre,1.0,0.0,,,,,sofascore
14065722,2025-09-14,Ligue 1,Ligue 1 25/26,1715,6070,Stade Brestois,Paris FC,1.0,2.0,,,,,sofascore
14065720,2025-09-14,Ligue 1,Ligue 1 25/26,1644,1648,Paris Saint-Germain,RC Lens,2.0,0.0,,,,,sofascore
14065727,2025-09-14,Ligue 1,Ligue 1 25/26,1658,1649,Stade Rennais,Olympique Lyonnais,3.0,1.0,,,,,sofascore
14065737,2025-09-19,Ligue 1,Ligue 1 25/26,1649,1684,Olympique Lyonnais,Angers,1.0,0.0,,,,,sofascore
14065726,2025-09-20,Ligue 1,Ligue 1 25/26,1647,1658,Nantes,Stade Rennais,2.0,2.0,,,,,sofascore
14065730,2025-09-20,Ligue 1,Ligue 1 25/26,1715,1661,Stade Brestois,Nice,4.0,1.0,,,,,sofascore
14065725,2025-09-20,Ligue 1,Ligue 1 25/26,1648,1643,RC Lens,Lille,3.0,0.0,,,,,sofascore
14061188,2025-08-15,Ligue 1,Ligue 1 25/26,1658,1641,Stade Rennais,Olympique de Marseille,1.0,0.0,,,,,sofascore
14061760,2025-08-16,Ligue 1,Ligue 1 25/26,1648,1649,RC Lens,Olympique Lyonnais,0.0,1.0,,,,,sofascore
14061187,2025-08-16,Ligue 1,Ligue 1 25/26,1653,1662,AS Monaco,Le Havre,3.0,1.0,,,,,sofascore
14061183,2025-08-16,Ligue 1,Ligue 1 25/26,1661,1681,Nice,Toulouse,0.0,1.0,,,,,sofascore
14061179,2025-08-17,Ligue 1,Ligue 1 25/26,1715,1643,Stade Brestois,Lille,3.0,3.0,,,,,sofascore
14061180,2025-08-17,Ligue 1,Ligue 1 25/26,1684,6070,Angers,Paris FC,1.0,0.0,,,,,sofascore
14061182,2025-08-17,Ligue 1,Ligue 1 25/26,1646,1656,Auxerre,Lorient,1.0,0.0,,,,,sofascore
14061192,2025-08-17,Ligue 1,Ligue 1 25/26,1651,1659,Metz,RC Strasbourg,0.0,1.0,,,,,sofascore
14061185,2025-08-17,Ligue 1,Ligue 1 25/26,1647,1644,Nantes,Paris Saint-Germain,0.0,1.0,,,,,sofascore
14065702,2025-08-22,Ligue 1,Ligue 1 25/26,1644,1684,Paris Saint-Germain,Angers,1.0,0.0,,,,,sofascore
